NPSN,Nama Sekolah,Telpon,Email,Akreditasi,Total Peserta Didik,Total Pendidik,Naungan,Kabupaten,Kecamatan,Alamat
10260556,SD SWASTA BANI ADAM AS,0616850665,sdbaniadamas@yahoo.co.id,B,203,18,BADAN PENGURUS PENGELOLA PENDIDIKAN DAN PANTI ASUHAN,KOTA MEDAN,KEC. MEDAN DELI,JL. MANGAAN III PSR.2 NO. 216
10205538,SD BUDI MULIA PANGKALAN LUNANG,081375064035,,B,179,8,,KAB. LABUHANBATU UTARA,KEC. KUALUH LEIDONG,JL. PENDIDIKAN
10210696,SD SWASTA MUHAMMADIYAH 34,,sdsmuhammadiyah34@gmail.com,B,75,11,PIMPINAN DAERAH MUHAMMADIYAH (PDM) KOTA MEDAN,KOTA MEDAN,KEC. MEDAN TUNTUNGAN,JL. SAWIT RAYA PERUMNAS SIMALINGKAR
10204766,SDMUHAMMADIYAH AIR PUTIH,,sdmuhammadiyahairputih@gmail.com,B,74,9,PIMPINAN DAERAH MUHAMMADIYAH (PDM) KAB. ASAHAN,KAB. ASAHAN,KEC. SILAU LAUT,JALAN TAQWA AIR PUTIH
70028952,SD RCM ISLAMIC SCHOOL,,rcmschool2022@gmail.com,B,54,11,YAYASAN WAKAF ALMUTTAQIN,KOTA MEDAN,KEC. MEDAN TIMUR,JL BILAL GG. AL-MUTTAQIN NO 6-A
10208208,SDS 075 MUHAMMADIYAH BULUMARIO,083168807375,sds075muh.bulumario@gmail.com,B,62,12,PIMPINAN DAERAH MUHAMMADIYAH (PDM) KAB. MANDAILING NATAL,KAB. MANDAILING NATAL,KEC. PANYABUNGAN UTARA,BARINGIN JAYA
10259306,SDS AR RIDHA,085380006254,sdsarridha@gmail.com,C,91,9,YSPI AR RIDHO,KOTA MEDAN,KEC. MEDAN TUNTUNGAN,JL. KARET RAYA NO 68
10220200,SD SWASTA SALSA,081265430671,sekolah.salsa@yahoo.com,A,376,18,YAYASAN BINA INSANI GEMILANG,KAB. DELI SERDANG,KEC. PERCUT SEI TUAN,JL SILIWANGI NO 1
10220825,SD SWASTA ISLAM SALSABILA,085262128410,lisdamaharani1617@gmail.com,B,287,15,YAYASAN PENDIDIKAN SALSABILA,KOTA MEDAN,KEC. MEDAN MARELAN,JL. YOUNG PANAH HIJAU GG. TAMBAK LK. 9
69786977,SD SWASTA CIPTA NUSA BAKTI,,ciptanusabaktisds@gmail.com,B,127,14,CIPTA NUSA BAKTI,KAB. DELI SERDANG,KEC. PERCUT SEI TUAN,JL. BERINGIN I GG. JALAK
70045945,SD IT ASH - SHIDDIQIN,,,B,54,13,YAYASAN PERSIS ASH SIDDIQIN HAMPARAN PERAK,KAB. DELI SERDANG,KEC. HAMPARAN PERAK,JL. LANGGAR NO. 88 A
69920600,SD IT SWASTA KURNIA,085270284545,sditskurnia@gmail.com,C,71,14,YAYASAN PENDIDIKAN KURNIA STABAT,KAB. LANGKAT,KEC. STABAT,DUSUN VI KURNIA
69991786,SD SWASTA ISLAM TERPADU CENDIKIA,081375815991,,A,116,12,YAYASAN PENDIDIKAN THORIQ  AL-HAKIM,KAB. DELI SERDANG,KEC. PERCUT SEI TUAN,JL. MEDAN-BATANG KUIS NO. 68 PASAR 10
10220315,SD SWASTA RK SERDANG MURNI,0617950475,mangapulmanalu@gmail.com,A,554,32,YAYASAN PERGURUAN KATOLIK DON BOSCO KEUSKUPAN AGUNG MEDAN,KAB. DELI SERDANG,KEC. LUBUK PAKAM,JALAN NEGARA-PEMATANG SIANTAR 142
10261696,SD SW MUTIARA BALIGE,085275144266,sdmutiara.balige@gmail.com,A,482,11,YAYASAN PENDIDIKAN MUTIARA ABADI BALIGE,KAB. TOBA,KEC. BALIGE,JL. OMPU BATU TAHAN SIAHAAN
10260939,SDS AR-RAYHAN SCHOOL,,ismail_sag@yahoo.com,B,362,27,YAYASAN HIFZUL QUR'AN ALBAHRUMI AR RAYHAN SCHOLL,KOTA MEDAN,KEC. MEDAN AMPLAS,JL. GARU III NO. 111 A
10260523,SD CAHAYA PENGHARAPAN ABADI,0618474034,cahayapengharapanabadi@ymail.com,C,291,16,CAHAYA PENGHARAPAN ABADI,KAB. DELI SERDANG,KEC. LABUHAN DELI,JL. VETERAN PSR V.DESA MANUNGGAL LABUHAN DELI
10261615,SD SWASTA AL-FAJAR,085262133031,alfajar-yayasan@yahoo.co.id,B,337,16,YAYASAN PENDIDIKAN AL FAJAR MEDAN,KOTA MEDAN,KEC. MEDAN MARELAN,JL. MARELAN II LINGKUNGAN 27
10261869,SD TUNAS HARAPAN,081361088466,estonsiallagan@rocketmail.com,B,145,12,YAYASAN TUNAS JAYA AMBARITA,KAB. SAMOSIR,KEC. SIMANINDO,SIMPANG GEREJA HKBP GAROGA
70030566,SD IT AL FURQON,,sditalfurqon5@gmail.com,,142,9,YAYASAN RAUDHATUL FURQON SERGAI,KAB. SERDANG BEDAGAI,KEC. PERBAUNGAN,DUSUN I
10211420,SD SWASTA MUHAMMADIYAH 01,06142088673,sdm01kartini@gmail.com,B,421,34,PIMPINAN DAERAH MUHAMMADIYAH (PDM) KOTA BINJAI,KOTA BINJAI,KEC. BINJAI KOTA,JL. R.A. KARTINI NO.25
69896381,SD SWASTA ISLAM TERPADU ARISA,081263091454,sditarisa2014@gmail.com,B,388,20,YAYASAN ARISA,KOTA MEDAN,KEC. MEDAN DELI,JALAN PLATINA II LK. XI NO. 15A
10210635,SDS HKBP PENDIDIKAN,0617344710,sdshkbppendidikan@yahoo.com,B,28,6,PERGURUAN KRISTEN SD SWASTA HKBP PENDIDIKAN,KOTA MEDAN,KEC. MEDAN DENAI,JL.AR HAKIM GG.PENDIDIKAN NO.99
70010931,SD IT NURUL QURAN,085370423456,,B,130,10,YAYASAN PENDIDIKAN ISLAM TERPADU NURUL QUR'AN KOTA TANJUNGBALAI,KOTA TANJUNG BALAI,KEC. S. TUALANG RASO,JALAN SEI KOGEM
10210596,SDS KARANG SARI,081210655585,karangsari8459@gmail.com,B,14,4,YAYASAN PERGURUAN KARANG SARI,KOTA MEDAN,KEC. MEDAN POLONIA,JL. MAWAR NO 9 MEDAN
10212808,SD SWASTA ALWASLIYAH TEGAL REJO,082367339512,sdalwashliyahtegalrejo@yahoo.com,B,152,5,ALWASHLIYAH TEGAL REJO,KAB. SIMALUNGUN,KEC. BANDAR,HUTA I NAGORI PEMATANG KERASAAN
10211826,SD TAMAN ASUHAN,06227436240,tamanasuhansiantar@gmail.com,A,343,27,YAYASAN PENDIDIKAN PERKEBUNAN NUSANTARA IV,KOTA PEMATANGSIANTAR,KEC. SIANTAR BARAT,JLN. KAPTEN M.H SITORUS NO. 17 PEMATANGSIANTAR
70048358,SD IT HUMAIRA,085373472654,sdithumaira@gmail.com,,69,8,YAYASAN CAHAYA HATI LANGKAT,KAB. LANGKAT,KEC. STABAT,LINGKUNGAN III SEJAHTERA PINANG DUA KEL DENDANG
10220814,SD SWASTA BUDI AGUNG,081370973859,sd.budiagung@yahoo.com,A,195,11,YAYASAN PERGURUAN BUDI AGUNG,KOTA MEDAN,KEC. MEDAN MARELAN,JL. PLATINA RAYA NO. 7A MEDAN
10220793,SD SWASTA MUHAMMADIYAH 6,0614568535,sdmuhammadiyah6medan@gmail.com,A,262,18,PIMPINAN DAERAH MUHAMMADIYAH (PDM) KOTA MEDAN,KOTA MEDAN,KEC. MEDAN PERJUANGAN,JALAN PAHLAWAN NO 67 MEDAN
10210358,SD SWASTA AL -WASHLIYAH 41,085358952991,kepsekgym88@yahoo.co.id,B,38,9,SD SWASTA AL WASHLIYAH 41 MEDAN,KOTA MEDAN,KEC. MEDAN SELAYANG,JL.SETIA BUDI
10210310,SDS DHARMA WANITA,085296346576,yp.dharmawanita@yahoo.co.id,B,121,13,DHARMA WANITA PERTIWI,KOTA MEDAN,KEC. MEDAN SELAYANG,JL MELATI II NO 30 MEDAN
10212809,SD SWASTA ALWASHLIYAH WONOREJO,082163331101,sdalwashliyahwonorejo@yahoo.com,B,133,11,AL JAMIYATUL WASHLIYAH,KAB. SIMALUNGUN,KEC. PEMATANG BANDAR,JL.PENDIDIKAN
10260023,SDS AL HIRA,0617344049,alhira61@yahoo.com,B,114,11,YAYASAN AL-HIRA' PERMATA NADIA,KOTA MEDAN,KEC. MEDAN DENAI,JL TUBA II NO 61
10215109,SD SWASTA AL WASLIYAH TANJUNG MORAWA,,sdawtamora14@gmail.com,B,79,10,AL JAM'IYATUL WASHLIYAH,KAB. DELI SERDANG,KEC. TANJUNG MORAWA,JALAN BANDAR LABUHAN TANJUNG MORAWA
10211876,SD GUPPI USWATUN HASANAH,082163585171,guppi_sd46@yahoo.com,B,189,10,YAYASAN USWATUN HASANAH PEMATANGSIANTAR,KOTA PEMATANGSIANTAR,KEC. SIANTAR MARTOBA,"JLN. MEDAN KM. 4,5"
10203025,SD SWASTA ALWHASLIYAH BAH GUNUNG,,sdalwashliyahbahgunung@gmail.com,B,156,8,AL-JAMIYATUL WASHLIYAH,KAB. SIMALUNGUN,KEC. BANDAR HULUAN,BAH GUNUNG
70058401,SD IT TQ CAHAYA KAMILA,082160624850,sditcahayakamila@gmail.com,,80,9,YAYASAN PENDIDIKAN CAHAYA KAMILA,KAB. DELI SERDANG,KEC. PERCUT SEI TUAN,JL. MAKMUR
10220930,SD SWASTA 101830 EKA PENDAWA SAKTI,081216170180,sdanjabinanga@gmail.com,A,482,25,YAYASAN INTI KASIH ABADI,KAB. PADANG LAWAS UTARA,KEC. SIMANGAMBAT,PT. AUSTINDO NUSANTARA JAYA AGRI TBK.
10259885,SD SWASTA 101950 KITA YADIKA,081263753619,juliana.nahulae@ymail.com,A,542,21,ABDI KARYA,KAB. PADANG LAWAS UTARA,KEC. SIMANGAMBAT,AEK RARU
10205503,SD SULTAN HASANUDDIN,081362343075,sdsltanhasanuddin@yahoo.com,A,353,20,YP.SULTAN HASANUDDIN AEK KANOAPAN,KAB. LABUHANBATU UTARA,KEC. KUALUH HULU,JL. GAZALI KARIM NO. 48 AEK KANOPAN
10202077,SD SWASTA ADVENT BARUS JULU,081360177871,petrusginting18@yahoo.co.id,B,199,8,YAYASAN PENDIDIKAN GEREJA MASEHI ADVENT HARI KETUJUH SUMATERA UTARA,KAB. KARO,KEC. BARUSJAHE,BARUS JULU
70042059,SD IT NURUL IKHWAN,,,,75,7,YAYASAN NURUL IKHWAN MONDANG,KAB. PADANG LAWAS,KEC. SOSA,KOMPLEK TAMBATAN INDAH JL. LINTAS PINARIK DESA MONDANG
10213633,SD SWASTA MUHAMMADIYAH,0617940109,sdsmuhammadiyahtamora@yahoo.com,A,346,22,PIMPINAN DAERAH MUHAMMADIYAH (PDM) KAB. DELI SERDANG,KAB. DELI SERDANG,KEC. TANJUNG MORAWA,JL. SEI BELUMAI HILIR NO.62
10213683,SD SWASTA SIALANG,082360981867,sdswastasialang9@gmail.com,B,220,11,YAYASAN PENDIDIKAN KARYA KASIH,KAB. DELI SERDANG,KEC. BANGUN PURBA,DESA SIALANG
10220792,SDS ICHWANUSSHAFA,081361494562,sdsichwanusshafa@yahoo.com,B,80,10,YAYASAN PERGURUAN ICHWANUSSHAFA,KOTA MEDAN,KEC. MEDAN PERJUANGAN,JL KERAMBIK NO 2 MEDAN
10220636,SD SWASTA AL WASHLIYAH CITAMAN JERNIH,085260463155,sd_alwashliyahcitaman@yahoo.com,B,76,10,AL JAM'IYATUL WASHLIYAH,KAB. SERDANG BEDAGAI,KEC. PERBAUNGAN,JL. CENDRAWASIH DUSUN II
69986878,SD SWASTA IT AISYAH MAKSUM,,sditaisyahmaksum@yahoo.com,A,313,18,YAYASAN PENDIDIKAN ISLAM TERPADU AISYAH MAKSUM,KOTA MEDAN,KEC. MEDAN MARELAN,JL. KAPTEN RAHMAD BUDDIN LINGK 13
10205578,SD ALWASLIYAH 83 GUNTING SAGA,085358144925,sdsalwasgliyah83gs@gmail.com,C,410,20,ALWASHLIYAH,KAB. LABUHANBATU UTARA,KEC. KUALUH SELATAN,JL. PERGURUAN NO. 41-B GUNTING SAGA
10261974,SDIT SWASTA AL KAFFAH,081375755143,sditalkaffah017@gmail.com,B,477,27,YAYASAN WAKAF AL KAFFAH BINJAI,KOTA BINJAI,KEC. BINJAI SELATAN,JL. LETJEND. JAMIN GINTING
10260528,SD SWASTA ISLAM TERPADU RAUDHATUS SAKINAH,061841883,rds.sakinah@gmail.com,A,60,13,YAYASAN PENDIDIKAN ISLAM TERPADU RAUDHATUS SAKINAH MARELAN,KOTA MEDAN,KEC. MEDAN MARELAN,JL. M. BASIR NO. 118 LINGK. 6 PSR. V
10212457,SD HKBP 2 PADANGSIDIMPUAN,081264442886,sdswastahkbp02@gmail.com,B,178,13,YAYASAN PERGURUAN HKBP,KOTA PADANG SIDEMPUAN,KEC. PADANG SIDIMPUAN SELATAN,JL. SM. RAJA NO.70
10262413,SD ISLAM TERPADU KHAIRUL IMAM,0617873038,sdsit.khairulimam2011@gmail.com,A,353,25,YAYASAN KHAIRUL IMAM,KOTA MEDAN,KEC. MEDAN JOHOR,JL. STM UJUNG SUKA TEGUH NO. 1
10208447,SD SWASTA ADVENT SIPITU PITU,,adventsipitupitu@yahoo.com,B,19,4,YAYASAN PENDIDIKAN GEREJA MASEHI ADVENT HARI KETUJUH SUMATERA UTARA,KAB. TOBA,KEC. SIANTAR NARUMONDA,JALAN BALIGE
70062534,SD KRISTEN HARAPAN BANGSA ACADEMY,,,,56,4,YAYASAN PENDIDIKAN SULUH PENABUR BANGSA,KAB. HUMBANG HASUNDUTAN,KEC. DOLOKSANGGUL,JL. RAYA DOLOKSANGGUL-SIBORONGBORONG
10259697,SD SWASTA ISLAM TERPADU HIKMATUL FADHILLAH,0617369139,ypi.hikmatulfadhillah@gmail.com,A,835,48,YAYASAN PENDIDIKAN ISLAM HIKMATUL FADHILLAH,KOTA MEDAN,KEC. MEDAN DENAI,JL. DENAI NO.176
69966411,SD SWASTA ISLAM TERPADU SYIFAURRAHMAH,081265074601,sditsyifaurrahmah9@gmail.com,B,379,17,YPI SYIFAURRAHMAH,KAB. DELI SERDANG,KEC. PATUMBAK,JL. PERJUANGAN II DUSUN II
10213676,SD RK ST MARIA NAMORAMBE,081268544694,santamariasdnamorambe@gmail.com,C,129,11,YAYASAN PENDIDIKAN KATOLIK BETLEHEM,KAB. DELI SERDANG,KEC. NAMO RAMBE,JL. AIR BERSIH NAMORAMBE
10205504,SDS METHODIST RANTAUPRAPAT,08116190802,sds.methodist2.rantauprapat@gmail.com,A,377,22,YAYASAN PERGURUAN KRISTEN METHODIST RANTAUPRAPAT,KAB. LABUHANBATU,KEC. RANTAU UTARA,JL. BILAH NO. 24 RANTAUPRAPAT
10257944,SDPANTAI BUAYA,085296566523,sdpantaibuaya2@gmail.com,C,115,9,SD SWASTA PANTAI BUAYA,KAB. LANGKAT,KEC. BESITANG,PANTAI BUAYA
10258821,SD SWASTA HKBP 1 SIDORAME,,sd1hkbpsidorame@yahoo.co.id,B,78,10,YAYASAN PENDIDIKAN HKBP SIDORAME,KOTA MEDAN,KEC. MEDAN PERJUANGAN,JL. DOROWATI NO. 40 MEDAN
10213087,SDISLAM ARAFAH,,sdarafah2005@gmail.com,B,125,12,YAYASAN PESANTREN DARULARAFAH,KAB. DELI SERDANG,KEC. KUTAIIMBARU,JL GLUGUR RIMBUN DUSUN I
10213657,SD SWASTA PAB 5,,sds.pab5klumpang@gmail.com,B,194,13,PERKUMPULAN AMAL BAKTI  SUMATERA UTARA,KAB. DELI SERDANG,KEC. HAMPARAN PERAK,JL. PASAR 3 KLUMPANG
10257991,SD SWASTA ANGKASA 2,0614149118,sdangkasa2lanudmedan@yahoo.com,A,118,14,YAYASAN ARDHYA GARINI CABANG LANUD SOEWONDO,KOTA MEDAN,KEC. MEDAN POLONIA,JLN. POLONIA UJUNG NO. 99 MEDAN
70035137,SD ISLAM TERPADU AZ ZALFA,082169746648,sditazzalfa202@gmail.com,,72,8,YAYASAN NAURA AZZALFA MADINA,KAB. MANDAILING NATAL,KEC. PANYABUNGAN,JL. PROF. ANDI HAKIM PERUMAHAN PINAGO
10215204,SD PANGERAN ANTASARI,0618461641,sdpangeranantasari@ymail.com,A,387,16,YAYASAN PENDIDIKAN PANGERAN ANTASARI,KAB. DELI SERDANG,KEC. LABUHAN DELI,JALAN VETERAN NO 1060/19
10215221,SD SWASTA SANTA LUSIA,085765394528,sdsantalusia@gmail.com,A,374,15,SANTA LUSIA VIRGINI,KAB. DELI SERDANG,KEC. PERCUT SEI TUAN,JL. MEDAN BATANG KUIS KM.14 NO.123
70043594,SD SWASTA PEKERTI BESTARI SCHOOL,,,,148,7,YAYASAN PUTRA PUTRI NAIHONGGA CUILLIENTA,KOTA MEDAN,KEC. MEDAN SELAYANG,JL HARMONIKA BARU PASAR II NO 11
70031965,SDQU AL-MUKHLISHIN SIBUHUAN,,sdqualmukhlishin@gmail.com,,92,6,YAYASAN AL-MUKHLISHIN PADANG LAWAS,KAB. PADANG LAWAS,KEC. BARUMUN,JL. BAKTI NO. 78 LINGKUNGAN II KELURAHAN PASAR SIBUHUAN
69989362,SD SWASTA EKKLESIA,,sdekklesia@yahoo.com,B,64,12,,KAB. DAIRI,KEC. SIDIKALANG,LAE PINANG
70062089,SD SWASTA ZONA ANAK INDONESIA,,,,,2,,KAB. NIAS SELATAN,KEC. TELUK DALAM,JL.EX.ASRAMA KUDUS TELUK DALAM
70057456,SD SWASTA MODERN VERAWARDINA,,,,10,5,MASTER VERAWARDINA INDONESIA,KOTA MEDAN,KEC. MEDAN AMPLAS,JL. BAJAK V GG. BAHAGIA NO 138
10260025,SDS 1 MARDLIATUL ISLAMIYAH,0852614660883,mardliatulislmaniyah1@gmail.com,B,80,8,PENDIDIKAN MARDLIATUL ISLAMIYAH,KOTA MEDAN,KEC. MEDAN TEMBUNG,JL.BERSAMA NO 17 C
70036520,SD IT BIN LUDDEN ISLAMIC SCHOOL,081260676866,,,54,13,YAYASAN BIN LUDDEN ISLAMIC SCHOOL,KAB. LABUHANBATU UTARA,KEC. NA. IX-X,"JL. BINANGA KARYA NO. 34, DUSUN I C"
10200708,SD SWASTA MUALLAP AL WASHLIYAH MABAR,085275985058,sdmuallapmabar@gmail.com,B,197,12,SD SWASTA MUALLAP ALWASHLIYAH MABAR,KAB. DELI SERDANG,KEC. BANGUN PURBA,DESA MABAR
70047495,SD SWASTA ISLAM TERPADU NURUL QURAN,081375122007,sdit.nurulquran.sukamulia@gmail.com,B,62,7,YAYASAN KELUARGA QUR'AN,KAB. SIMALUNGUN,KEC. TAPIAN DOLOK,LK. I SUKA MULIA
10259415,SDS ISLAMIYAH,06177816074,sdsislamiyahi@gmail.com,B,128,8,PERGURUAN SWASTA ISLAMIYAH,KOTA MEDAN,KEC. MEDAN TEMBUNG,JL.TADUAN NO 74
10215243,SD SWASTA YAHDI,0618461824,sdyahdihelvetia@gmail.com,A,344,22,YAYASAN PENDIDIKAN ISLAM YAHDI,KAB. DELI SERDANG,KEC. LABUHAN DELI,JALAN BAMBU NO 54 PASAR IV
69969308,SD IT SYARIF AR-RASYID ISLAMIC SCHOOL,082380080782,syarif.arrasyidbinjai@gmail.com,A,74,12,YAYASAN PENDIDIKAN ISLAM SYARIF AR-RASYID,KOTA BINJAI,KEC. BINJAI UTARA,JL. PERINTIS KEMERDEKAAN NO. 51 BINJAI
10261435,SDS ISLAM ALIF,0614520042,sditalif1@gmail.com,A,145,16,AL ANSHAR,KOTA MEDAN,KEC. MEDAN POLONIA,JL. POLONIA GG. A NO. 43
70054569,SD MISBAH INDAH AULIA,,,,,1,,KAB. DELI SERDANG,KEC. PERCUT SEI TUAN,JALAN WATES DUSUN XI
10259779,SD SWASTA TAMAN SISWA,081361071908,sdtamsisbt1025@gmail.com,B,98,10,PERSATUAN PERGURUAN TAMANSISWA CABANG BANDAR TINGGI,KAB. SIMALUNGUN,KEC. BANDAR MASILAM,BANDAR TINGGI
69954005,SD ISLAM TERPADU AL-MUNAYA,081370913008,sditalmunaya@gmail.com,B,292,13,YAYASAN NUR RAHMAH TANJUNG ANOM,KAB. DELI SERDANG,KEC. PANCUR BATU,JL. PERUM DANAMON NO. 551 DUSUN VI
10257430,SD SWASTA DARUL AMAN,,sdsdarulamanmedan1960@gmail.com,B,291,14,PERGURUAN DARUL AMAN,KOTA MEDAN,KEC. MEDAN MAIMUN,JL. B. KATAMSO GG DARUL AMAN NO. 8 A
10260241,SD SWASTA ISLAM TERPADU FIRDAUSY,081377005160,sditfirdausy@gmail.com,B,151,12,YAYASAN PENDIDIKAN FIRDAUSY,KAB. DELI SERDANG,KEC. PATUMBAK,JL. PATUMBAK PASAR VII
10210595,SD SWASTA KARTIKA 1-5,,sd.kartika15@yahoo.com,B,78,11,YAYASAN KARTIKA JAYA CABANG I BUKIT BARISAN,KOTA MEDAN,KEC. MEDAN SUNGGAL,JL.ASRAMA KODAM  I/BB
69940051,SD SWASTA PLUS PRIDE,062226899,prideeducationcentre@gmail.com,B,232,27,YAYASAN PENDIDIKAN PRIDE,KOTA PEMATANGSIANTAR,KEC. SIANTAR TIMUR,JLN. ASAHAN KOMP. MEGALAND BLOK B NO. 22-23
70042910,SD SWASTA SUKA CERIA,085296749416,,,67,10,YAYASAN PENDIDIKAN SUKA CERIA SEJAHTERA,KOTA MEDAN,KEC. MEDAN DENAI,JL SELAM VI NO 52
10205505,SDS METHODIST-1 RANTAUPRAPAT,,steven_rat87@yahoo.com,B,88,8,PERGURUAN KRISTEN METHODIST INDONESIA,KAB. LABUHANBATU,KEC. RANTAU UTARA,JL. JEND AHMAD YANI NO.78 RANTAUPRAPAT
70053511,SD IT ELIANDY PUTRA BANGSA,085296650788,sditeltrasa@gmail.com,,7,0,YAYASAN ELIANDY PUTRA BANGSA,KAB. LANGKAT,KEC. PADANG TUALANG,JALAN TITI BESI DUSUN KELINGAN
70001878,SD SWASTA IT ZIA SALSABILA,085370032447,sd.ziasalsabila@gmail.com,B,255,15,ZIA SALSABILA,KAB. DELI SERDANG,KEC. PERCUT SEI TUAN,JL. PENDIDIKAN / PASAR XII GG. SAYANG NO. 12
10214757,SD SW. BINTANG TIMUR MERANTI,082364726733,sdsbintangtimurmeranti@yahoo.com,B,143,6,YAYASAN PERGURUAN PENDIDIKAN BINTANG TIMUR MERANTI,KAB. TOBA,KEC. PINTU POHAN MERANTI,MERANTI TIMUR
10261475,SD SWASTA RIAD MADANI,0617381252,riadmadani@yahoo.com,A,638,35,YAYASAN PENDIDIDKAN RIAD MADANI,KAB. DELI SERDANG,KEC. PERCUT SEI TUAN,JL. REL NO. 6 PASAR 10 TEMBUNG
69815397,SD SWASTA ORA ET LABORA SIMPANG KABAN,081376520432,sdsoelsp.kaban@gmail.com,B,170,15,YAYASAN PEKABARAN INJIL DAN DIAKONIA ORA ET LABORA,KAB. KARO,KEC. KABANJAHE,"JLN. JAMIN GINTING KM 5 SIMPANG KABAN, KABANJAHE - BERASTAGI"
10259279,SDS ETIS LANDIA,0618446716,sdetislandia@yahooco.id,B,170,13,YAYASAN PERGURUAN NASIONAL ETIS LANDIA,KOTA MEDAN,KEC. MEDAN HELVETIA,JL.GAPERTA GG BERKAT NO 32
10259359,SD SWASTA AL-HIDAYAH,7344866,sds.alhidayah@gmail.com,B,272,17,YAYASAN PERGURUAN AL-HIDAYAH,KOTA MEDAN,KEC. MEDAN TEMBUNG,JL. SOSRO NO. 15
69985881,SD SWASTA GALILEO PLUS MABAR,085379580582,galileo.plus@yahoo.com,A,291,15,PAUD GALILEO PLUS,KOTA MEDAN,KEC. MEDAN DELI,JL. MANGAAN I LINK. VIII
10261153,SDS ALIF INAYAH,081361162323,nasywahinayah@yahoo.com,B,555,23,YAYASAN PENDIDIKAN NASYWA INAYAH,KOTA MEDAN,KEC. MEDAN JOHOR,JL. IDI NO. 3
10259523,SDS SUKA MAJU,085261812562,sds_sukamaju@yahoo.com,B,152,11,SD SWASTA SUKA MAJU,KAB. LABUHANBATU,KEC. PANAI TENGAH,DUSUN X
70056508,SD SWASTA  AMAL - MAS 1 LAHUSA,,,,12,6,YAYASAN AMAL-MAS SUMATERA UTARA,KAB. NIAS SELATAN,KEC. LAHUSA,HELEZALULU DESA BAWOATALUA/MOGAE
10257956,SDS MUHAMMADIYAH P. BERANDAN,,sdmuhammadiyahp.berandan@gmail.com,B,281,13,PIMPINAN DAERAH MUHAMMADIYAH (PDM) KAB. LANGKAT,KAB. LANGKAT,KEC. BABALAN,JL. KALIMANTAN - P.BERANDAN
69957004,SD SWASTA BUNGA TANJONG,,sdbungatanjong@gmail.com,B,112,12,YAYASAN HAJI DATUK ABDULLAH TANJUNG MORAWA,KAB. DELI SERDANG,KEC. TANJUNG MORAWA,JL. IRIAN NO. 131
69990256,SD SW. NAGOYA,085370010700,sdswnagoya75@gmail.com,B,151,17,YAYASAN NAGOYA CIPTA KARYA,KAB. TAPANULI TENGAH,KEC. PANDAN,JL. JEND. FAISAL TANJUNG
69978765,SD SWASTA DUTA HARAPAN SCHOOL,0614519195,dutaharapanschool@gmail.com,A,1,4,,KOTA MEDAN,KEC. MEDAN BARU,JL. DARAT NO. 17 A-C
70012345,SDIT TAHFIZUL QURAN MEDAN,,,C,3,0,YAYASAN DARUL QURAN MEDAN,KOTA MEDAN,KEC. MEDAN TEMBUNG,JL. SULUH NO 71 D
10210665,SDS METHODIST 6,0618452601,sdmethodist6@gmail.com,A,761,31,PENDIDIKAN GMI JEMAAT GLORIA,KOTA MEDAN,KEC. MEDAN HELVETIA,"JL. BINJAI KM. 7,8"
10263547,SD SWASTA BUMBLEBEES LEARNING CENTRE,0618911558,sdsbumbleebess@gmail.com,B,163,13,BUMBLEBEES LEARNING CENTRE,KAB. LANGKAT,KEC. STABAT,JL.KHZ.ARIFIN NO.166 STABAT
10260780,SDS ISLAM SABILA AMANDA,0617343674,sd.islamsabilaamanda@gmail.com,B,227,27,YAYASAN PENDIDIKAN SABILA AMANDA,KOTA MEDAN,KEC. MEDAN DENAI,JL. RAYA MEDAN TENGGARA GG. BENTENG NO. 1
10210520,SDS SUPRIYADI,0618452116,sdsupriyadi341@yahoo.com,A,14,7,YAYASAN PENDIDIKAN SUPRIYADI,KOTA MEDAN,KEC. MEDAN SUNGGAL,JLN. PINANG BARIS NO.81
10206209,SD S HKBP PAKPAHAN,082272475377,sdhkbp24@gmail.com,B,135,10,YAYASAN PENDIDIKAN HKBP TAPANULI UTARA,KAB. TAPANULI UTARA,KEC. PANGARIBUAN,PAKPAHAN
10205545,SD ADVENT AEK KUO,085261692627,jekson03sinaga@gmail.com,B,103,6,YAYASAN PENDIDIKAN GEREJA MASEHI ADVENT HARI KETUJUH SUMATERA UTARA,KAB. LABUHANBATU UTARA,KEC. KUALUH HILIR,DUSUN DOSROHA
10258746,SD SWASTA W.R. SUPRATMAN 2,0617880109,sdswr.supratman2@gmail.com,A,614,29,YAYASAN PERGURUAN WAGE RUDOLF SUPRATMAN,KOTA MEDAN,KEC. MEDAN JOHOR,JL BRIGJEND ZEIN HAMID 33
10257918,SDS WALADUN SHALIH,,sdswaladunshalih@yahoo.co.id,B,401,19,YPI WALADUN SHALIH,KOTA MEDAN,KEC. MEDAN LABUHAN,JL RAWE I LK XII
10257935,SD SWASTA NASRANI 3 MEDAN,0617892167,sdnasrani79@gmail.com,B,155,12,PERKUMPULAN PERGURUAN NASRANI MEDAN,KOTA MEDAN,KEC. MEDAN KOTA,JL.TURI NO.108 MEDAN
10211621,SD SWASTA IR. H. DJUANDA,062121364,sdjuandatebing@gmail.com,A,235,19,PERGURUAN SWASTA IR.H.DJUANDA,KOTA TEBING TINGGI,KEC. TEBING TINGGI KOTA,JALAN THAMRIN NOMOR 125
60728986,SD SWASTA GALILEA HOSANA,081269121784,tksdgalileahosana@gmail.com,B,278,22,YAYASAN HERLEN TRIPLE DADODI,KOTA MEDAN,KEC. MEDAN SELAYANG,JL BUNGA TEROMPET RAYA NO. 30
10259117,SDS ROMALBEST,0616612998,sd.methodist.romalbest@gmail.com,C,234,10,YAYASAN PERGURUAN KRISTEN MPH ROMALBEST (METHODIST ROMALBEST),KOTA MEDAN,KEC. MEDAN TEMBUNG,JL. TAUT NO 90 MEDAN
10204383,SD SWASTA ALWASHLIYAH SEI TEMPURUNG PSR.BANGKA,,,B,32,3,ALJAMIYATUL WASHLIYAH,KAB. ASAHAN,KEC. SEI KEPAYANG TIMUR,SEI TEMPURUNG
70050718,SD LAUDATO SI,082294278234,sdlaudatosinamosimpur@gmail.com,,135,11,YAYASAN SETIA MEDAN,KAB. DELI SERDANG,KEC. PANCUR BATU,JL. LORI NO. 125
70040411,SD IT AL - AFSHEEN,,,,30,5,YAYASAN PENDIDIKAN UKTI FILLA EKWIS,KAB. DELI SERDANG,KEC. SIBIRU-BIRU,JL. PENGHUBUNG 1 DUSUN IV
10210616,SDS KEMALA BHAYANGKARI 1,0614513099,sdkbmedan@ymail.com,A,138,19,YAYASAN KEMALA BHAYANGKARI,KOTA MEDAN,KEC. MEDAN MAIMUN,JL. HAJI MISBAH NO. 18 A
10213690,SD SWASTA SYARIFAH,,sd_syarifah@yahoo.co.id,B,93,13,YAYASAN PERGURUAN SYARIFAH,KAB. DELI SERDANG,KEC. PERCUT SEI TUAN,JL. KAPUK NO. 912
10261781,SD SWASTA PKMI TOMUAN HOLBUNG,081375063649,ampuhrudi10@gmail.com,C,60,7,YAYASAN PENDIDIKAN GEREJA METHODIST INDONESIA,KAB. ASAHAN,KEC. BANDAR PASIR MANDOGE,TOMUAN HOLBUNG
10211460,SD SWASTA AL-WASHLIYAH 62,,sditalwashliyah62@gmail.com,B,28,9,AL JAM`IYATUL WASHLIYAH,KOTA BINJAI,KEC. BINJAI KOTA,JL.JEND.AHMAD YANI NO.31
10205511,SD SWASTA KI HAJAR DEWANTORO,,sdswastakhdp.hilir@gmail.com,C,104,6,YAYASAN PERGURUAN NASIONAL KI HAJAR DEWANTORO,KAB. LABUHANBATU,KEC. PANAI HILIR,JL. JENDERAL AHMAD YANI.NO.69
60728458,SD SWASTA SEHATI,081264058808,sdsehati345@gmail.com,A,82,11,YAYASAN PERGURUAN SWASTA SEHATI,KAB. SERDANG BEDAGAI,KEC. PANTAI CERMIN,DUSUN III
69815449,SD SWASTA PKMI METHODIST AEK BATU,082166129464,sdpkmiefesus@gmail.com,A,148,13,YAYASAN PENDIDIKAN GEREJA METHODIST INDONESIA WILAYAH I,KAB. LABUHANBATU SELATAN,KEC. TORGAMBA,JL. LINTAS SUMATERA AEK BATU
70025751,SD SWASTA DESTINY,,,A,124,8,YAYASAN MITRA MASA DEPAN,KAB. DELI SERDANG,KEC. SUNGGAL,JALAN KARYA VII UJUNG
10259112,SDS PERGURUAN NASIONAL GULTOM,6612690,sdgultom1987@gmail.com,B,53,9,YAYASAN PENDIDIKAN PELITA GUNA MANDIRI,KOTA MEDAN,KEC. MEDAN PERJUANGAN,JL. PELITA IV NO.90
10260214,SD SINI SUKA,08576653461,sdsinisuka@gmail.com,B,77,12,YAYASAN PENDIDIKAN SINI SUKA,KAB. LANGKAT,KEC. SEI BINGAI,JLN.BINJAI NAMOTERASI
70002464,SD SWASTA MAITREYAWIRA KISARAN,082361466804,maitreyawirakisaran@gmail.com,B,365,23,YAYASAN PENDIDIKAN BUDDHIS CAHAYA KASIH MAITREYA,KAB. ASAHAN,KEC. KISARAN BARAT,JL. PRAMUKA NO. 19 LK. IV
70051428,SDIT SALAAM HIJRAH,,,,33,5,YAYASAN SALAAM HIJRAH BINJAI,KOTA BINJAI,KEC. BINJAI UTARA,JL. KOL. YOS SUDARSO GG. YOS SUDARSO 8
70007714,SD IT SAHABAT QURAN DARUSSALAM,,pondokdarussalam@yahoo.com,B,74,9,YAYASAN PENDIDIKAN ALIGHAR,KAB. LANGKAT,KEC. SELESAI,DUSUN V PASAR 8
69992714,SD IT AL-KAUTSAR SECANGGANG,,sdita919@gmail.com,A,179,13,YAYASAN PENDIDIKAN ISLAM TERPADU AL- KAUTSAR SECANGGANG,KAB. LANGKAT,KEC. SECANGGANG,JL.SECANGGANG
70060630,SD TAHFIZIL QURAN RAHMATUL IMAN,,,,,4,YAYASAN PENDIDIKAN SUJILA,KAB. DELI SERDANG,KEC. PERCUT SEI TUAN,JL. BUNTU DUSUN VIII
10215143,SD HKBP LUBUK PAKAM,082162414640,sdhkbplubukpakam2020@gmail.com,B,27,7,PENDIDIKAN SWASTA HURIA KRISTEN BATAK PROTESTAN LUBUK PAKAM,KAB. DELI SERDANG,KEC. LUBUK PAKAM,JALAN T IMAM BONJOL NO 14B
70015951,SEKOLAH DASAR ISLAM TERPADU AL WAFI,,,,131,15,YAYASAN PENDIDIKAN ISLAM AL WAFI PADANG BRAHRANG,KAB. LANGKAT,KEC. SELESAI,DUSUN KANTIL DESA PADANG BRAHRANG
69901900,SD SWASTA ISLAM TERPADU AL AZMI,,alazmi.sdit@yahoo.com,C,52,7,YAYASAN PENDIDIKAN DAARUSSAKINAH,KAB. ASAHAN,KEC. SEI DADAP,DESA TANJUNG ASRI KECAMATAN SEI DADAP
70043952,SD ISLAM KAMALIAH,082369780323,sdislamkamaliah@gmail.com,,132,6,YAYASAN PENDIDIKAN KAMALIAH MEDAN,KAB. DELI SERDANG,KEC. LABUHAN DELI,JL. JOHAR RAYA  DUSUN VI
70062227,SD IT NUR AL HIKMAH KOTA DATAR,,,,,0,,KAB. DELI SERDANG,KEC. HAMPARAN PERAK,JL. GUDANG ATAP DUSUN XII
70008599,SD SWASTA GENPITA CERIA,081370338882,sdgenpitaceria@gmail.com,B,197,11,YAYASAN GENPITA CERIA NUSANTARA,KOTA MEDAN,KEC. MEDAN LABUHAN,JL SALMON IX BLOK 1 NO 1
10257639,SDS ALWASHLIYAH 02,,sdalwashliyah02medan@gmail.com,C,40,3,PERKUMPULAN AL JAMI'ATUL WASHLIYAH,KOTA MEDAN,KEC. MEDAN PERJUANGAN,JL. MABAR NO. 2
10215193,SD PAB 24 KAMPUNG TANJUNG,082163296551,abdulsubhanpab@gmail.com,B,52,7,PERKUMPULAN AMAL BAKTI  SUMATERA UTARA,KAB. DELI SERDANG,KEC. STM HILIR,KAMPUNG TANJUNG
70052683,SD IT AL AZHAR,081379824980,sditalazhar57@gmail.com,,15,8,YAYASAN PENDIDIKAN DARUSSALAM STUNGKIT,KAB. LANGKAT,KEC. BINJAI,JL SUDAMA DUSUN VII DESA PERDAMAIAN
10215208,SD SWASTA PERMATA SARI,,permatasarisd@gmail.com,B,100,9,YAYASAN PENDIDIKAN NUSANTARA ANGKASA MARITIM,KAB. DELI SERDANG,KEC. PERCUT SEI TUAN,JL BERINGIN I GG BELIBIS NO.12
69897077,SD SWASTA TERANG KASIH,082165842243,terang_kasih12@yahoo.co.id,C,,2,,KAB. DELI SERDANG,KEC. SUNGGAL,"JL .MEDAN BINJAI KM 13,8 KOMPLEK BINTANG TERANG NO 11 UJUNG"
10211458,SD SWASTA GAJAH MADA,0618822129,sdgajahmadabinjai@yahoo.co.id,A,232,15,YAYASAN PERGURUAN GAJAH MADA BINJAI,KOTA BINJAI,KEC. BINJAI BARAT,JLN. RASBERI NO. 22
10205528,SD PERSATUAN AIR HITAM,081362449226,dfulyanto@gmail.com,C,136,8,YAYASAN SD SWASTA PERSATUAN,KAB. LABUHANBATU UTARA,KEC. KUALUH LEIDONG,DSN SIDODADI PASAR II AIR HITAM
69982006,SD SWASTA ISLAM TERPADU DELISHA,,delishasdit@gmail.com,A,115,15,YAYASAN PENDIDIKAN DELISHA,KAB. DELI SERDANG,KEC. HAMPARAN PERAK,JL. KARYA BAKTI
70028283,SDIT JAMIATU ANNUR,,sditjamiatuannur@gmail.com,,56,9,YAYASAN JAM'IATU ANNUR,KOTA BINJAI,KEC. BINJAI BARAT,JL. NENAS II
70039012,SD ISLAM TERPADU AL - KHAIRIYAH,085763993730,sditalkhairiyah01@gmail.com,B,130,11,YAYASAN WAKAF ALKHAIRIYAH DELITUA,KAB. DELI SERDANG,KEC. DELI TUA,JL. BESAR DELITUA GG. MAHTAB NO. 36
69977542,SD PELITA EVANGELINE INDONESIA,085370132254,pelitaevangelineindonesiaa@gmail.com,B,98,11,PAUD PELITA EVANGELINE KIDS INDONESIA,KOTA MEDAN,KEC. MEDAN KOTA BELAWAN,JL. TAMBAK BLOK 29
10208560,SD KATOLIK SAN FRANCESCO BALIGE,085262009712,sdsanfrancescobalige1@yahoo.com,A,713,30,YAYASAN PENDIDIKAN KATOLIK SANTO YOSEPH MEDAN,KAB. TOBA,KEC. BALIGE,JLN PIERRE TANDEAN BALIGE
69980121,SD IT NUSA INDAH,081375835043,sditnusaindah@gmail.com,C,150,10,YAYASAN NUSA INDAH,KAB. LANGKAT,KEC. SECANGGANG,DUSUN TRANS BLOK M
10261324,SD IT ROBBANI RANTAUPRAPAT,081211286142,sdit.robbani@gmail.com,A,563,38,YAYASAN SOSIAL PENDIDIKAN DAN DAKWAH ISLAM ROBBANI RANTAUPRAPAT,KAB. LABUHANBATU,KEC. RANTAU SELATAN,JALAN PADAT KARYA GANG MUSYAHADAH
69949032,SD SWASTA ISLAM TAHFIDZ BAHRUL ULUUM AL-KAMAL,082167265069,bahrululuumalkamal@gmail.com,C,239,13,YAYASAN PENDIDIKAN ISLAM BAHRUL ULUUM AL-KAMAL,KAB. ASAHAN,KEC. KISARAN TIMUR,KOMP. GIRYA RIZKI JL. LOBAK II LK. IV
10212143,SD HKBP 2,081360001292,sdhkbp2sibolga@gmail.com,B,75,10,YAYASAN PENDIDIKAN HKBP SIBOLGA,KOTA SIBOLGA,KEC. SIBOLGA UTARA,JL. JUBELEUM NO. 4 SIBOLGA
10213654,SD PAB 28,085297520118,pab28saentis@gmail.com,C,44,6,PERKUMPULAN AMAL BAKTI  SUMATERA UTARA,KAB. DELI SERDANG,KEC. PERCUT SEI TUAN,PERCUT SEI TUAN
69980942,SD SWASTA IT AL-ISHLAH,085373210939,sdit.ishlah@gmail.com,B,134,9,PENDIDIKAN ISLAM AL-ISHLAH SEI BELUTU MEDAN,KOTA MEDAN,KEC. MEDAN SUNGGAL,JL. SEI BELUTU NO. 101
70058078,SD IT AL ARRASYID,,,,4,4,YAYASAN SALWA ANNISA PUTRI,KAB. DELI SERDANG,KEC. HAMPARAN PERAK,KOMPLEK GRIYA DUTA MADANI
69978044,SD SWASTA OBI FODO,081397919775,sdobifodo@gmail.com,C,190,15,OBOR BERKAT INDONESIA,KOTA GUNUNGSITOLI,KEC. GUNUNGSITOLI SELATAN,"JL. DIPONEGORO KM. 6,5"
70052111,SD SUMATERA JAYA,,,,21,4,PENDIDIKAN SUMATERA JAYA,KAB. DELI SERDANG,KEC. TANJUNG MORAWA,JL. KARYA DHARMA DUSUN II
10202709,SD SWASTA AL WASHLIYAH RAJA MALIGAS,081375734212,sdalwashliyah@yahoo.com,B,44,9,YAYASAN PERGURUAN AL-WASHLIYAH,KAB. SIMALUNGUN,KEC. HUTABAYU RAJA,RAJA MALIGAS
69961642,SD SWASTA PLUS ANBATA,06180442439,sdanbataplus1@gmail.com,A,342,25,NURUL ADILA MADANI,KOTA MEDAN,KEC. MEDAN SUNGGAL,JL. BALAI DESA GG. WAKAF NO. 45
69899982,SD SWASTA RK BINTANG TIMUR,085373003196,sdrkbintangtimurpraya@gmail.com,B,521,23,YAYASAN PERGURUAN KATOLIK SANTO LAURENSIUS,KAB. SIMALUNGUN,KEC. RAYA,JLN. ST. STEFANUS MARTIR HAPOLTAKAN
10210654,SDS PAB TI,,sdpabti@yahoo.co.id,TIDAK TERAKREDITASI,,0,LWU TI,KOTA MEDAN,KEC. MEDAN BARAT,JALAN PERTAHANAN NO.17 A
69962421,SD SWASTA CAHAYA BRILLIAN PLUS,081375528415,sdcahayabrillianplus@yahoo.com,C,135,6,YAYASA PENDIDIKAN CAHAYA BRILLIAN PLUS,KAB. DELI SERDANG,KEC. LABUHAN DELI,JL. TANJUNG RAYA PASAR 6 DUSUN 3
10210597,SD SWASTA KALAM KUDUS 1,0614149003,sdkalamkudus1medan@gamail.com,A,333,31,YAYASAN KALAM KUDUS INDONESIA CABANG MEDAN,KOTA MEDAN,KEC. MEDAN PETISAH,JL. RAMBUNG NO. 9 MEDAN
10257434,SD SWASTA 101870 KARYA BAKTI,082268521180,masrullahragil04@gmail.com,C,99,8,YAYASAN PENDIDIKAN KARYA BAKTI,KAB. PADANG LAWAS UTARA,KEC. SIMANGAMBAT,DESA KOSIK PUTIH
69966955,SD ISLAM AL-KAUTSAR,085261239192,arsalnasty@gmail.com,B,142,12,YAYASAN PENDIDIKAN AL-KAUTSAR BIN HAJI ABDUL HALIM NASUTION,KAB. PADANG LAWAS,KEC. HUTA RAJA TINGGI,JL.KELILING NO.15 HUTARAJA TINGGI
70036326,SD ISLAM TERPADU EL - HABIB,085362235347,sdelhabib2022@gmail.com,,212,13,YAYASAN PENDIDIKAN ISLAM MAULANA HABIB ISMAIL ZEN,KAB. DELI SERDANG,KEC. HAMPARAN PERAK,JL. MUSTAFA KAMIL DUSUN II GG. H. YAHYA
10213642,SD SWASTA PAB 30,,sdswastapab30tamora@gmail.com,C,20,8,PERKUMPULAN AMAL BAKTI  SUMATERA UTARA,KAB. DELI SERDANG,KEC. TANJUNG MORAWA,DESA LIMAU MANIS DUSUN VIII
70057179,SD IT AL-IKHLAS,085261561649,sditalikhlas.karangrejo@gmail.com,,18,7,PENDIDIKAN IBU SUSMIATI LANGKAT,KAB. LANGKAT,KEC. STABAT,JLN. ARMARTA
70013306,SDS ALFA OMEGA LAHEWA,082310444971,alfaomegasd@gmail.com,,64,10,YAYASAN GENERASI CINTA DAMAI,KAB. NIAS UTARA,KEC. LAHEWA,JL. PNPM NO 19 BOLIA LINGKUNGAN I
10213600,SD SWASTA DAKWATUL ISLAM,,dakwatul.islam@yahoo.com,C,147,12,DAKWATUL ISLAMIYAH SUMATERA UTARA,KAB. DELI SERDANG,KEC. SIBIRU-BIRU,JLN. DELI TUA-BIRU BIRU
10205921,SD SWASTA WIDIYA DHARMA,081361020480,ssrh46@yahoo.co.id,A,435,32,YAYASAN WIDIYA DARMA,KAB. LABUHANBATU SELATAN,KEC. TORGAMBA,DESA PANGARUNGAN PT. ASAM JAWA
69816263,SD SWASTA SANTO NICHOLAS,0614554122,santo.nicholas.school@gmail.com,A,138,12,YAYASAN PENDIDIKAN CINTA KASIH STELLA,KOTA MEDAN,KEC. MEDAN BARU,JL MOJOPAHIT 117
10204388,SD ALWASHLIYAH CABANG XII,,,C,41,8,SD ALWASHLIYAH CABANG XII,KAB. ASAHAN,KEC. SEI KEPAYANG,SEI KEPAYANG KANAN
10210590,SD SWASTA PESANTREN YPMA,06180442034,newpesantren2023.mdn@gmail.com,C,166,13,YAYASAN PESANTREN MODERN AL-ADNAN,KOTA MEDAN,KEC. MEDAN SUNGGAL,KOTA MEDAN
69901250,SD SWASTA AQILA ISLAMIC SCHOOL,06180021188,sekolah.aqila@gmail.com,B,,0,YAYASAN DAARUL AQILA,KOTA MEDAN,KEC. MEDAN HELVETIA,JL. DAHLIA RAYA NO. 125
10210698,SD SWASTA MUHAMMADIYAH 28,0616627691,email.sdmuhammadiyah28@gmail.com,B,337,20,PIMPINAN DAERAH MUHAMMADIYAH (PDM) KOTA MEDAN,KOTA MEDAN,KEC. MEDAN TIMUR,JL CEMARA GG NANGKA NO 3
10213663,SD SWASTA PEMBANGUNAN,,sdswastapembangunan@rocketmail.com,B,24,9,YAYASAN PENDIDIKAN PEMBANGUNAN MASYARAKAT TANJUNGMORAWA,KAB. DELI SERDANG,KEC. TANJUNG MORAWA,"JL PASAR BARU NO 51 KM 16,5"
10210634,SDS HKBP SEI MATI,085276924639,sdhkbpseimati1976@gmail.com,B,93,10,YAYASAN PENDIDIKAN HKBP SEI MATI,KOTA MEDAN,KEC. MEDAN LABUHAN,JL. GEREJA NO 2 SEI MATI MEDAN
69900792,SD PLUS METHODIST ANTIOKHIA,0618369303,sdplus.methodist.antiokhiapb@gmail.com,B,287,22,YAYASAN PENDIDIKAN GEREJA METHODIST INDONESIA  ANTIOKHIA PANCURBATU,KAB. DELI SERDANG,KEC. PANCUR BATU,"JL. LETJEND JAMIN GINTING NO. 36 KM. 16,5"
70037682,SD IT AL ASHARI MARELAN,,,,153,21,YAYASAN PENDIDIKAN ISLAM AL ASHARI MARELAN,KOTA MEDAN,KEC. MEDAN MARELAN,JL.MARELAN PASAR V PASAR 2 BARAT LK.15 GG. PANDAN
70037035,SD SWASTA IT AL HIDAYAH AMAN SARI,081362107333,,,33,7,YAYASAN AL HIDAYAH AMAN SARI,KAB. SIMALUNGUN,KEC. DOLOK BATU NANGGAR,JL. AMAN SARI
69943673,SD SWASTA IT IMAM SYAFII,081375435302,sdsimamsyafii@gmail.com,B,344,16,YAYASAN IHYAUS SUNNAH,KAB. LABUHANBATU,KEC. RANTAU UTARA,JL. PERINTIS KELURAHAN PADANG BULAN
69877325,SD SWASTA PKMI TELUKDALAM,082267886867,sdspkmitelukdalam@gmail.com,B,160,16,YAYASAN PERGURUAN KRISTEN METHODIST INDONESIA WILAYAH - I,KAB. NIAS SELATAN,KEC. TELUK DALAM,JL. SAONIGEHO KM 1 TELUKDALAM
10259874,SD SILATURRAHMI,085359260999,sdsilaturrahmi19@gmail.com,B,413,17,SILATURRAHMI,KAB. ASAHAN,KEC. SIMPANG EMPAT,DUSUN IX SIMPANG EMPAT
10259149,SDS AL WASHLIYAH 5/34,085319563842,sdalwashliyah5.34@gmail.com,B,136,8,PERKUMPULAN AL JAMI'ATUL WASHLIYAH,KOTA MEDAN,KEC. MEDAN KOTA BELAWAN,JL. TAMAN MAKAM PAHLAWAN
70033617,SD IT AR-RAHIM,,sditarrahimgebang@gmail.com,,36,3,YPP AZ-ZHOOHIR,KAB. LANGKAT,KEC. GEBANG,JL. PERINGAN DUSUN I DESA PASAR RAWA
70055923,SD BINA ANAK NUSANTARA,,,,11,4,YAYASAN BINA ANAK NUSANTARA MEDAN SUNGGAL,KOTA MEDAN,KEC. MEDAN SUNGGAL,JL. TB SIMATUPANG / SWADAYA NO. 6 PINANG BARIS 1A LK VI
69864684,SD IT AL-HIKMAH,081266753700,sdsitalhikmah1@gmail.com,C,287,19,YPI JATI JAJAR,KAB. LANGKAT,KEC. BINJAI,JL.T.AMIR HAMZAH NO.157 SAMBIREJO
69894981,SDS INTEGRITAS BANGSA,085360121943,integritasbangsa@gmail.com,A,538,38,YAYASAN AMBASSADOR INTEGRITAS BANGSA,KOTA MEDAN,KEC. MEDAN HELVETIA,JALAN BINJAI KM 8.5 NO. 16
10210695,SDS MUHAMMADIYAH 19,0617357970,muhammadiyah19.medan@gmail.com,B,70,9,PIMPINAN DAERAH MUHAMMADIYAH (PDM) KOTA MEDAN,KOTA MEDAN,KEC. MEDAN DENAI,JL. PANCASILA GG. SEKOLAH
10205574,SD BANGUN HORAS MULIA TANJUNG MANGEDAR,,sdbangunhoras@yahoo.com,C,90,6,SD SWASTA BANGUN HORAS MULIA,KAB. LABUHANBATU UTARA,KEC. KUALUH HILIR,TANJUNG MANGENDAR
70050022,SD IT AL-QURAN AIZIM,,,,22,9,YAYASAN AHMAD ILYAS ZAKARIA ILHAM MATONDANG,KOTA PADANG SIDEMPUAN,KEC. PADANG SIDIMPUAN SELATAN,JL. BM MUDA LK-II SABA JULU
10258035,SD SWASTA PELITA,,sdspelita333@gmail.com,A,976,29,YAYASAN PERGURUAN PELITA,KOTA MEDAN,KEC. MEDAN DELI,JL. PASAR 3 B NO. 204 MABAR HILIR
10202792,SD TRI RATNA,,sdtriratna58@gmail.com,A,423,23,YAYASAN VIHARA BUDDHA SIBOLGA,KOTA SIBOLGA,KEC. SIBOLGA KOTA,JL. S. PARMAN NO. 58
70040768,SD IT ASMAH ZAIJULI HAMID,,,,120,7,YAYASAN ASMAH ZAIJULI HAMID,KAB. DELI SERDANG,KEC. HAMPARAN PERAK,JALAN M. YUSUF KOTOK DUSUN IV
70058417,SD IT INSPIRASI,,,,,0,PENDIDIKAN INSPIRASI PERADABAN BANGSA,KAB. LANGKAT,KEC. SELESAI,JL.IRIGASI DUSUN VI GARDU
10260951,SD SWASTA TUNAS HARAPAN ISLAM,06142771704,sdtunasharapanislam@yahoo.com,B,106,11,YAYASAN HAJJAH SYAMSIAH SIREGAR,KOTA MEDAN,KEC. MEDAN AMPLAS,JL. BAJAK V GG. BAHAGIA
10210323,SDS BAPTIS INDEPENDEN,,sdbaptisindependen@yahoo.com,B,100,12,YAYASAN PERGURUAN BAPTIS INDEPENDEN,KOTA MEDAN,KEC. MEDAN DENAI,JLN. MENTENG VII GG. SEPAKAT NO. 8
10213646,SD SWASTA PAB 14 KLAMBIR LIMA,081361396242,sdswastapab14@gmail.com,B,222,12,PERKUMPULAN AMAL BAKTI  SUMATERA UTARA,KAB. DELI SERDANG,KEC. HAMPARAN PERAK,DUSUN 1KLAMBIR LIMA KEBUN
10211829,SD SWASTA RK. 6,,sd_rk_6_ps@yahoo.co.id,A,354,19,YAYASAN PENDIDIKAN KATOLIK SANTO YOSEPH MEDAN,KOTA PEMATANGSIANTAR,KEC. SIANTAR MARTOBA,JLN. RAKUTA SEMBIRING
10204787,SD SWASTA TULIS,081260281129,sd_tulis@yahoo.co.id,B,507,19,TARBIYATUL ULUMIL ISLAMIYAH,KAB. ASAHAN,KEC. TANJUNG BALAI,JL. MESJID
69969809,SD SWASTA SANTA LUSIA,082161839125,sdtanahjawast.lusia_16@yahoo.com,B,311,17,SANTA LUSIA VIRGINI,KAB. SIMALUNGUN,KEC. TANAH JAWA,NAGORI TANJUNG PASIR
10202711,SD SWASTA AL-WASHLIYAH MALIGAS BAYU,082175724683,sdswastaalwashliyahmaligasbayu@yahoo.co.id,B,274,12,YAYASAN BAHAL BATU,KAB. SIMALUNGUN,KEC. HUTABAYU RAJA,MALIGAS BAYU
10210685,SDS METHODIST-7,0614150612,sdmethodist7medan@yahoo.com,A,72,11,YAYASAN DAUN PALEM INDONESIA,KOTA MEDAN,KEC. MEDAN TIMUR,JL MADONG LUBIS NO 7
10212945,SD METHODIST,0617952412,sdpkmi_lpakam@yahoo.com,A,408,22,PERGURUAN KRISTEN METHODIST INDONESIA LUBUK PAKAM,KAB. DELI SERDANG,KEC. LUBUK PAKAM,JLN. T.CIK DITIRO NO. 34 LUBUK PAKAM
10202106,SD SWASTA SIRAJULHUDA TIGABINANGA,0628410088,sirajulhuda8@gmail.com,A,13,2,YAYASAN SIRAJUL HUDA,KAB. KARO,KEC. TIGABINANGA,JLN. MESJID NO. 44 KUALABARU
10200710,SD METHODIST INDONESIA,,pkmi.sd_plabu@yahoo.com,B,168,10,PERGURUAN KRISTEN METHODIST INDONESIA,KAB. DELI SERDANG,KEC. PANTAI LABU,JL. BESAR NO.1 PANTAI LABU
10213578,SDADVENT RAMUNIA,,sdadventramunia@gmail.com,B,29,7,YAYASAN PENDIDIKAN GEREJA MASEHI ADVENT HARI KETUJUH SUMATERA UTARA,KAB. DELI SERDANG,KEC. BERINGIN,JL BESAR SIDOARJO II RAMUNIA
70059072,SD SWASTA GOLDEN KINDER,,,,10,4,YAYASAN PENDIDIKAN GEMILANG MAJU MANDIRI,KOTA MEDAN,KEC. MEDAN DELI,JL PLATINA 7 NO 18
10213594,SD SWASTA BINA KARYA,081376245501,binakarya673@gmail.com,B,291,23,YAYASAN PENDIDIKAN BINA KARYA,KAB. DELI SERDANG,KEC. SUNGGAL,JL. BINJAI KM. 12 PABRIK GULA SEMAYANG
70045074,SD IT ALFATIH IHYA SYUKRI,081397623734,,,29,6,YAYASAN AL FATIH IHYA SYUKRI,KAB. TAPANULI SELATAN,KEC. ANGKOLA MUARA TAIS,DESA MUARA TAIS I KECAMATAN ANGKOLA MUARATAIS
10257513,SD SANTO YOSEP,062469363,sdstyosepak@yahoo.co.id,A,224,12,YAYASAN PENDIDIKAN KATOLIK SANTO YOSEPH MEDAN,KAB. LABUHANBATU UTARA,KEC. KUALUH HULU,"JL. SERMA MAULANA S NO. 48, AEK KANOPAN"
69970586,SD IT NURUZ ZAINI,,nuruzzaini@gmail.com,B,292,17,YAYASAN TAMAN PENDIDIKAN ALQURAN NURUZ ZAINI,KAB. LANGKAT,KEC. STABAT,DUSUN IV PASAR VI
10213603,SD GKPS GALANG,085297137448,sdsgkpsgalang12345@gmail.com,B,26,9,YAYASAN PENDIDIKAN GKPS,KAB. DELI SERDANG,KEC. GALANG,DESA GALANG
10210340,SDS AL WASHLIYAH 14,085261158160,sdalwashliyah14@gmail.com,B,119,10,PERKUMPULAN AL JAMI'ATUL WASHLIYAH,KOTA MEDAN,KEC. MEDAN MAIMUN,JL. BRIGJEN KATAMSO NO. 477
70052681,SD IT AL HABSY,,tamawipatul@gmail.com,,12,4,TAMAWI PADANG TUALANG,KAB. LANGKAT,KEC. PADANG TUALANG,DUSUN PROYEK RAYA  DESA BULUH TELANG
10211875,SD SWASTA HKBP TOMUAN,088126413578,sdhkbp2018@gmail.com,B,133,8,SD SWASTA HKBP TOMUAN,KOTA PEMATANGSIANTAR,KEC. SIANTAR TIMUR,JL.SIATAS BARITA NO.38
70058234,SD ISLAM PLUS HAJJAH ROSNA TAMBRIN,,,,,0,,KAB. BATU BARA,KEC. AIR PUTIH,"DUSUN XII JATI, KEL./DESA TANAH TINGGI, KECAMATAN AIR PUTIH, KABUPATEN BATU BARA"
10211855,SD KARTIKA I-4,081260111734,sdkartika1_4pematangsiantar@yahoo.co.id,B,105,13,YAYASAN KARTIKA JAYA CABANG I BUKIT BARISAN,KOTA PEMATANGSIANTAR,KEC. SIANTAR SITALASARI,JL.BANGAU NO.1
10258737,SD SWASTA ADVENT SOSORGONTING,081375988049,sd_smpadventsosorgonting@yahoo.co.id,B,93,8,YAYASAN PENDIDIKAN GEREJA MASEHI ADVENT HARI KETUJUH DAERAH SUMUT KAWASAN TENGAH,KAB. TAPANULI TENGAH,KEC. ANDAM DEWI,JL BARUS MANDUAMAS SOSORGONTING
70008705,SD MAJDAH AL FAYYADH ISLAMIC SCHOOL,,,A,202,24,YAYASAN MAJDAH AL FAYYADH,KAB. LABUHANBATU UTARA,KEC. KUALUH HULU,JL. KAMBOJA LK. PULO TARUTUNG GLUGUR
10213701,SD TUNAS HARAPAN,06177161133,stunasharapan194@gmail.com,C,177,11,YAYASAN PERGURUAN TUNAS HARAPAN,KAB. DELI SERDANG,KEC. PANCUR BATU,JL GRAHA NO 1 TANJUNG ANOM
10208564,SD SWASTA ADVENT PORSEA,081362302268,sdswastaadvent@yahoo.com,C,31,5,YAYASAN PENDIDIKAN GEREJA MASEHI ADVENT HARI KETUJUH SUMATERA UTARA,KAB. TOBA,KEC. PORSEA,JL. PASAR RAJA
10213652,SD SWASTA PAB 22 PATUMBAK I,081396163613,sdspab22ptbk@gmail.com,B,259,19,PERKUMPULAN AMAL BAKTI  SUMATERA UTARA,KAB. DELI SERDANG,KEC. PATUMBAK,JL. PERTAHANAN UJUNG
10215167,SD METHODIST GALANG,08126521560,sdmethodistgalang@gmail.com,B,68,11,PERGURUAN KRISTEN METHODIST INDONESIA LUBUK PAKAM,KAB. DELI SERDANG,KEC. GALANG,JALAN MESJID KHAIRIYAH
10203613,SD SW. HKBP SIDIKALANG,062722668,sdswastahkbpsidikalang@gmail.com,B,120,13,YAYASAN PENDIDIKAN HKBP SIDIKALANG,KAB. DAIRI,KEC. SIDIKALANG,JL GEREJA SIDIKALANG
10205515,SD KARYA BAKTI AIR HITAM,082362713093,karyabaktisd123@gmail.com,B,289,15,KARYA BAKTI AIR HITAM,KAB. LABUHANBATU UTARA,KEC. KUALUH LEIDONG,JALAN PROTOKOL DUSUN SIDOMULYO PASAR VI
69959581,SD SWASTA ISLAM TERPADU ANNISA,081260968951,yaspensditannisa@gmail.com,C,130,11,YAYASAN ANNISAH HUMAIRO BATU BARA,KAB. BATU BARA,KEC. TANJUNG TIRAM,JL. MELATI DSN. 1
69944787,SD SWASTA KARTINI HANDAYANI,0622432306,sd.ypkhsiantar@gmai.com,B,50,13,YAYASAN PENDIDIKAN KARTINI HANDAYANI,KOTA PEMATANGSIANTAR,KEC. SIANTAR BARAT,"JLN. SUDIRMAN NO. 217, PEMATANGSIANTAR"
70050639,SD SWASTA IT AL IKHLAS,,yayasanalikhlaspadanglawa@gmail.com,,19,3,YAYASAN AL IKHLAS FUAD PADANG LAWAS,KAB. PADANG LAWAS,KEC. SOSA,DESA AEK TINGA
10259194,SDS NASRANI 2,081376272354,sdsnasrani2.medan@gmail.com,B,163,9,PERKUMPULAN PERGURUAN NASRANI MEDAN,KOTA MEDAN,KEC. MEDAN PERJUANGAN,JL SEHATI/PENDIDIKAN NO 88
10257727,SDS TP DAYA CIPTA,,sd.smp99dayacipta@gmail.com,A,89,7,SD TP DAYA CIPTA MEDAN,KOTA MEDAN,KEC. MEDAN PETISAH,JL. MISTAR NO. 17-A MEDAN
10205569,SD NUSANTARA SEI DAUN,081365752359,sdsnusantaraseidaun5569@gmail.com,B,68,10,SDS NUSANTARA SEI DAUN,KAB. LABUHANBATU SELATAN,KEC. TORGAMBA,AFD V SEI DAUN
10257599,SDS AL WASHLIYAH PINANG BARIS,08126592546,sdalwashliyahpinangbaris@gmail.com,B,77,8,YAYASAN AMAL SOSIAL AL WASHLIYAH,KOTA MEDAN,KEC. MEDAN SUNGGAL,JL. T.B.  SIMATUPANG / PINANG BARIS NO. 67 MEDAN
69972504,SD PERGURUAN NASIONAL KHALSA,0614562350,khalsaschoolmdn@gmail.com,B,,0,YAYASAN PENDIDIKAN SIKH MEDAN,KOTA MEDAN,KEC. MEDAN PETISAH,JL. TEUKU UMAR NO. 14-16
69864685,SD IT AMANAH,,sdsamanah@gmail.com,B,153,13,AZ-ZAHRA DENDANG,KAB. LANGKAT,KEC. STABAT,JL.PRINGGONDANI
10213682,SD SWASTA SETIA PANTAI LABU,,sdsetiadenailama@ymail.com,C,146,11,LEMBAGA PERGURUAN PENDIDIKAN SETIA,KAB. DELI SERDANG,KEC. PANTAI LABU,DUSUN I DESA DENAI LAMA
10257646,SDS HUSNI THAMRIN,0614149745,sd.husnithamrin@gmail.com,B,2,5,YAYASAN HUSNI THAMRIN MEDAN,KOTA MEDAN,KEC. MEDAN PERJUANGAN,JALAN GALANG NO. 1 MEDAN
69772611,SDS NUPELA,082114128484,sds.nupela@gmail.com,B,124,15,NURANI PELITA AGUNG,KAB. NIAS,KEC. GIDO,"JL. GUNUNGSITOLI-IDANOGAWO NO. 111 KM. 20,5"
10220197,SD BERLIANTA,083879552738,sd.berlianta10220197@gmail.com,C,86,7,YAYASAN PENDIDIKAN BERLIANTA,KAB. DELI SERDANG,KEC. PATUMBAK,DESA MARINDAL I
10210343,SDS AL WASHLIYAH 45,,zakiyah_rahma@ymail.com,C,39,9,PERKUMPULAN AL JAMI'ATUL WASHLIYAH,KOTA MEDAN,KEC. MEDAN BARAT,JL DANAU SINGKARAK
10210258,SD SWASTA AL WASHLIYAH 30 MEDAN,081376692334,mailbox.sdaw30@gmail.com,A,417,22,PERGURUAN AL_WASHLIYAH 30,KOTA MEDAN,KEC. MEDAN LABUHAN,JL. PANCING I NO. 2
10211883,SD KATOLIK ASSISI,7436237,sekolahassisi@gmail.com,A,208,16,YAYASAN PUTERI HATI KUDUS,KOTA PEMATANGSIANTAR,KEC. SIANTAR SITALASARI,JLN. VIYATA YUDHA
10219915,SD RK NEGARA,,sdsrknegara@gmail.com,B,138,10,YAYASAN PERGURUAN KATOLIK DON BOSCO KEUSKUPAN AGUNG MEDAN,KAB. DELI SERDANG,KEC. STM HILIR,DESA NEGARA
69985072,SD SWASTA MAWAR INDAH,,,C,119,16,YP MAWAR INDAH,KOTA MEDAN,KEC. MEDAN PETISAH,JL. PASUNDAN GG. DELI NO. 29D/45G
10257947,SD SWASTA DHARMA PATRA,081265653833,sdsdharmapatrapb@gmail.com,B,212,18,YAYASAN PENDIDIKAN DHARMA PATRA P. BERANDAN,KAB. LANGKAT,KEC. SEI LEPAN,JL. BALONGAN
10258052,SD SWASTA HARAPAN MANDIRI,7882388,saraafriani@yahoo.co.id,A,294,17,PERGURUAN HARAPAN MANDIRI,KOTA MEDAN,KEC. MEDAN JOHOR,JL. BRIGJEND ZEIN HAMID NO. 40 MEDAN
10205925,SD SWASTA TUNAS HARAPAN MANDIRI,062424919,tunasharapanmandiri@gmail.com,A,200,19,YAYASAN PERGURUAN SWASTA TUNAS HARAPAN MANDIRI,KAB. LABUHANBATU,KEC. RANTAU UTARA,JL. PELITA IV NO.8 RANTAUPRAPAT
10213696,SD TD PARDEDE FOUNDATION,0618459756,sdtdpardedefoundation@gmail.com,B,65,11,YAYASAN PERGURUAN TD PARDEDE FOUNDATION,KAB. DELI SERDANG,KEC. SUNGGAL,"JL BINJAI KM 10,8 PURWODADI"
69753918,SDS ISLAM UMMI AIDA,061800016587,sditummiaida@gmail.com,A,365,26,YAYASAN PENDIDIKAN ISLAM UMMI AIDA,KOTA MEDAN,KEC. MEDAN TEMBUNG,JL METEOROLOGI I NO 8
10210633,SD SWASTA HKBP TELADAN MEDAN,081362453241,sdhkbpteladan@gmail.com,B,68,15,YAYASAN PERGURUAN HKBP TELADAN,KOTA MEDAN,KEC. MEDAN KOTA,JL. SEMPURNA NO.30 MEDAN
10211606,SD SWASTA R.A. KARTINI,,sds.kartinia@gmail.com,A,181,18,YAYASAN PERGURUAN R.A. KARTINI,KOTA TEBING TINGGI,KEC. RAMBUTAN,JALAN K.L. YOS SUDARSO NO. 89
10204774,SD SWASTA SEI BANITAN,082277536930,sdsseibanitan@gmail.com,B,251,15,PERGURUAN SD SWASTA SEI BANITAN,KAB. ASAHAN,KEC. AIR JOMAN,DUSUN VI DESA AIR JOMAN BARU
10210641,SDS HKBP PEMBANGUNAN 3,,sdshkbppemb3@yahoo.com,B,67,12,YAYASAN PENDIDIKAN HKBP GLUGUR,KOTA MEDAN,KEC. MEDAN TIMUR,JL. PEMBANGUNAN III NO.57A
60726066,SD SWASTA BINA DHARMA PT. HSJ,085276942001,sd.binadharma.negerilama@gmail.com,A,492,22,DHARMA BINA WARGA INDOSAWIT,KAB. LABUHANBATU,KEC. BILAH HILIR,PT. HARI SAWIT JAYA KEBUN NEGERI LAMA CENTRAL (KNC)
10213695,SDTARUNA KARYA,,,B,105,11,YAYASAN PENDIDIKAN TARUNA KARYA,KAB. DELI SERDANG,KEC. SUNGGAL,JL.LEMBAGA PERMASYARAKATAN NO.240
69924559,SD ISLAMI MANDIRI,081397478967,sdislamimandiri@gmail.com,B,192,14,YAYASAN PENDIDIKAAN ISLAMI MANDIRI,KAB. DELI SERDANG,KEC. PERCUT SEI TUAN,JL. PUSKESMAS NO. 26 PASAR X BANDAR KHALIPAH-TEMBUNG
70060789,SD IT AHSAN SYAMIL,,,,,6,YAYASAN AHSAN SYAMIL,KAB. DELI SERDANG,KEC. SUNGGAL,JL. CITARUM VII DUSUN II
70057282,SD ULUL AZMI SEI SEMAYANG,,,,42,5,YAYASAN ULUL AZMI SEI SEMAYANG,KAB. DELI SERDANG,KEC. SUNGGAL,GG. ORDE BARU DUSUN XIV
10260062,SD SWASTA GKPS GORAK,081262799845,sdswtgkps@gmail.com,C,60,8,YAYASAN PENDIDIKAN GKPS,KAB. SIMALUNGUN,KEC. PAMATANG SIDAMANIK,GORAK
10215225,SDSINGOSARI,0617030119,sd.swasta.singosari1989@gmail.com,A,390,24,YAYASAN PENDIDIKAN SINGOSARI,KAB. DELI SERDANG,KEC. DELI TUA,JL BESAR MEDAN-DELITUA KM 11 NO 1 DELITUA
70012878,SD IT AMRULLAH AKBAR,,,B,124,9,YAYASAN AMRULLAH AKBAR RAJASYAH,KOTA MEDAN,KEC. MEDAN TUNTUNGAN,JL PETUNIA RAYA NO 7
10204385,SDALWASHLIYAH 87,,sd.alwashliyah87@gmail.com,C,78,10,AL JAM'IYATULWASHLIYAH,KAB. ASAHAN,KEC. AEK LEDONG,LEDONG TIMUR
10220324,SD SWASTA ADVENT AJIJAHE,081396943737,sdadvent.ajijahe@yahoo.co.id,C,76,9,YAYASAN PENDIDIKAN GEREJA MASEHI ADVENT HARI KETUJUH SUMATERA UTARA,KAB. KARO,KEC. TIGAPANAH,DESA AJIJAHE
10257958,SDISLAM TERPADU ADZKIA,085270353203,sdsitadzkiapb@gmail.com,B,484,35,YAYASAN DAKWAH DAN PENDIDIKAN ISLAM PERMATA BANGSA P. BRANDAN,KAB. LANGKAT,KEC. BABALAN,JLN. CENDRAWASIH LINGK IV PAYA KIRI TENGAH
69952643,SD ISLAM TERPADU NUR-HIKMATIKA,,nurhikmatikakolam@gmail.com,C,189,10,YAYASAN PENDIDIKAN NUR HIKMATIKA,KAB. DELI SERDANG,KEC. PERCUT SEI TUAN,JL. PENDIDIKAN DUSUN IV
10210645,SDS METHODIST 10,06166941171,methodist10belawan@yahoo.com,A,162,8,YAYASAN KRISTEN METHODIST BELAWAN-BRAYAN,KOTA MEDAN,KEC. MEDAN KOTA BELAWAN,JL. STASIUN NO. 41
10213611,SD SWASTA HKBP PENARA,081263815551,sdswastahkbp.penara@gmail.com,B,,0,,KAB. DELI SERDANG,KEC. TANJUNG MORAWA,PENARA WONOSARI
10213618,SD SWASTA KARYA BUNDA,0617382057,karyabunda71@yahoo.com,B,,0,YAYASAN RUMAH INDONESIA MANDIRI SUMATERA UTARA,KAB. DELI SERDANG,KEC. PERCUT SEI TUAN,JL. VETPUR UTAMA NO. 77 MEDAN ESTATE
10210657,SD SWASTA NASRANI 4,082165337687,sdsnasrani4@gmail.com,B,83,12,PERKUMPULAN PERGURUAN NASRANI MEDAN,KOTA MEDAN,KEC. MEDAN BARAT,JL. PENGAYOMAN NO.9
10210338,SDS AL WASHLIYAH 15,082367705649,sdalwashliyah15@gmail.com,B,99,12,SDALWASHLIYAH 15,KOTA MEDAN,KEC. MEDAN TIMUR,JL.UMAR NO.95 KEL.GLUGUR DARAT I KEC.MEDAN TIMUR
10260280,SDIT SWASTA AN-NADWA,081262609715,desiasnita111@gmail.com,B,117,15,AN-NADWA ISLAMIC CENTRE,KOTA BINJAI,KEC. BINJAI UTARA,JL. T. UMAR NO. 89
10200712,SD METHODIST-I BTS,0618297520,sdmethodist@gmail.com,B,156,8,YPGMI,KAB. DELI SERDANG,KEC. KUTAIIMBARU,LAU BEKERI
10215236,SD SWASTA TIARA,081397148940,sdswastatiara@gmail.com,B,311,13,YAYASAN PENDIDIKAN AISYAH,KAB. DELI SERDANG,KEC. PERCUT SEI TUAN,JL. LAPANGAN NO. 1 DUSUN VII
10210342,SD SWASTA AL WASHLIYAH 11 AMPLAS,7881153,sd.alwashliyah11@gmail.com,B,161,12,PERKUMPULAN AL JAMI'ATUL WASHLIYAH,KOTA MEDAN,KEC. MEDAN AMPLAS,JL.PANGLIMA DENAI NO 60
70062012,SD SWASTA HARAPAN ULUMEJAYA BERSAMA,,,,,1,,KAB. NIAS SELATAN,KEC. ARAMO,DESA HILIMEZAYA
10263514,SD SWASTA SHINE KIDS,,sdswastashinekids@gmail.com,B,100,13,YAYASAN PELAYANAN SHINE KIDS,KOTA PEMATANGSIANTAR,KEC. SIANTAR TIMUR,JL. KESATRIA LORONG 29 NO 13
69874371,SDS ALMUTTAQIEN,081370290050,sdsalmuttaqien2023@gmail.com,B,154,9,AL MUTTAQIEN,KOTA MEDAN,KEC. MEDAN BARU,JALAN TEROMPET NO. 51
10258865,SD SWASTA YPK ELIDA,,sdsypkelida22@gmail.com,C,12,7,SD ELIDA,KOTA MEDAN,KEC. MEDAN TUNTUNGAN,JL. FLAMBOYAN IV NO. 2 TANJUNG SELAMAT
69969135,SD SWASTA ANUGRAH TANJUNG MEDAN,085261291389,,B,234,9,ANUGRAH TANJUNG MEDAN,KAB. LABUHANBATU SELATAN,KEC. KAMPUNG RAKYAT,"JL. MERANTI, DESA TANJUNG MEDAN"
10259216,SDS NAHDLATUL ULAMA,,sekolahnu6@gmail.com,B,44,10,YAYASAN PERGURUAN NAHDLATUL ULAMA,KOTA MEDAN,KEC. MEDAN HELVETIA,JL. GAPERTA NO. 2
69956507,SD KRISTEN PNIEL,0617033354,sekolahpniel@yahoo.com,C,101,12,YAYASAN PENDIDIKAN KRISTEN BINA MISI PNIEL,KAB. DELI SERDANG,KEC. NAMO RAMBE,JL. PERJUANGAN GG. PISANG NO. 1 PASAR IV
10259236,SDS HANGTUAH I,0616941171,sdhangtuah001belawan@gmail.com,A,190,16,YAYASAN HANG TUAH CABANG BELAWAN,KOTA MEDAN,KEC. MEDAN KOTA BELAWAN,JL. VETERAN BELAWAN
70047606,SD IT BINA INSAN LUBUK PAKAM,,,,343,23,BINA INSAN,KAB. DELI SERDANG,KEC. LUBUK PAKAM,JL. MESJID I DESA SEKIP
10259568,SDS PELANGI,0616620451,sdpelangimedan@yahoo.co.id,A,229,26,YAYASAN TRI PUTRA DHANA,KOTA MEDAN,KEC. MEDAN TEMBUNG,JL.BHAYANGKARA NO 417
10260946,SD SWASTA ISLAM DEWI SRI,082227526052,sdsdewisri@gmail.com,B,124,8,YAYASAN PERGURUAN SD SWASTA ISLAM DEWI SRI PERK. TANJUNG KASAU,KAB. BATU BARA,KEC. LAUT TADOR,JLN SEI LANGGE
10257046,SDSIKUNDUR NAULI,082360787994,sdswastasikundurnauli@gmail.com,C,31,8,SDS SIKUNDUR NAULI,KAB. LANGKAT,KEC. BESITANG,SIKUNDUR NAULI BESITANG
10213574,SD SWASTA PAB 4,081264936692,sdpab4manunggal@gmail.com,B,413,21,PERKUMPULAN AMAL BAKTI  SUMATERA UTARA,KAB. DELI SERDANG,KEC. LABUHAN DELI,JL. VETERAN PSR IX
10257372,SDS NO. 101244 MUHAMMADIYAH PARAN DOLOK MARDOMU,081361540293,sdsmhdparsorminan@gmail.com,B,61,9,PIMPINAN DAERAH MUHAMMADIYAH (PDM) KAB. TAPANULI SELATAN,KAB. TAPANULI SELATAN,KEC. SIPIROK,PARAN DOLOK MARDOMU
10257654,SDS SUTOMO 1,0614516941,sd@sutomo-mdn.sch.id,A,2952,125,YAYASAN PERGURUAN SUTOMO MEDAN,KOTA MEDAN,KEC. MEDAN PERJUANGAN,JL. JAMBI NO. 40 B
10213641,SD NURUL QOMAR,,sdnurulqomarpercut.id@gmail.com,A,235,13,YAYASAN NURUL QOMAR,KAB. DELI SERDANG,KEC. PERCUT SEI TUAN,JL M YUSUF JINTAN
10257957,SDS HARAPAN BARU,,sdharapanbaru@yahoo.com,A,289,18,YAYASAN PENDIDIKAN HARAPAN BARU SUMATERA UTARA,KOTA MEDAN,KEC. MEDAN JOHOR,JL.PINTU AIR IV
69945397,SD SWASTA ISLAM TERPADU PERMATA FIRDAUS,085275569981,permata_sergai@yahoo.com,B,241,19,PERGURUAN MA'RIFATU ATTARBIYAH,KAB. SERDANG BEDAGAI,KEC. SEI RAMPAH,DUSUN IV DESA FIRDAUS
10210490,SD SWASTA WIYATA DHARMA,0614524828,sds.wiyata.dharma@gmail.com,A,187,19,YAYASAN WIYATA DHARMA MAKMUR,KOTA MEDAN,KEC. MEDAN KOTA,JL. WAHIDIN NO. 31
10259095,SDS YAPSI,,yapsi165@gmail.com,B,239,20,YAYASAN PESANTREN SOSIAL INDONESIA,KOTA MEDAN,KEC. MEDAN JOHOR,JL.KARYA JAYA NO 165 GEDUNG JOHOR
10211825,SD SWASTA TAMAN PENDIDIKAN ISLAM,081260005491,sdswastatpitpi@yahoo.co.id,B,194,14,YAYASAN SD SWASTA TPI,KOTA PEMATANGSIANTAR,KEC. SIANTAR BARAT,JL.JAWA NO.71
70010941,SD IT ALAM SAHABAT AL QURAN,,,B,313,27,YAYASAN AZHAR SENYUM INDONESIA,KAB. LABUHANBATU UTARA,KEC. KUALUH HULU,JL. NUSA INDAH LK. II PULO TARUTUNG
10215245,SD YPI DELI TUA,0617033787,sdypidelitua@gmail.com,B,111,9,YAYASAN PENDIDIKAN ISLAM DELITUA,KAB. DELI SERDANG,KEC. DELI TUA,DELI TUA
10213662,SD SWASTA PELITA,,atikasuri42@gmail.com,B,286,17,PELITA DALU,KAB. DELI SERDANG,KEC. TANJUNG MORAWA,JL. DESA DALU SEPULUH B
70059421,SD ISLAM IMAM SYAFII,,,,,1,NASHIRUS SUNNAH PERCUT,KAB. DELI SERDANG,KEC. PERCUT SEI TUAN,JALAN LEMBAGA DUSUN II
10260254,SD IT BUNAYYA,082246950633,sditbunayyapsp@gmail.com,A,505,28,YAYASAN PENDIDIKAN BINA UL UMMAH PADANGSIDIMPUAN,KOTA PADANG SIDEMPUAN,KEC. PADANG SIDIMPUAN UTARA,JL. OMPU TOGA LANGIT
69899366,SDIT EL-BANNA,081260435651,sditelbanna2021@gmail.com,C,67,7,EL-BANNA,KAB. PADANG LAWAS,KEC. BARUMUN,JL.IKPOS LINK VI
70054911,SD SWASTA VLAYESHA OUTDOOR SCHOOL,,,,51,11,YAYASAN PENABUR DUTA RIANA CAHYADI,KOTA MEDAN,KEC. MEDAN TUNTUNGAN,JL. FLAMBOYAN IV NO. 6
10210679,SDS MUHAMMADIYAH 04,,sdmuhammadiyah04belawan@gmail.com,B,361,20,PIMPINAN DAERAH MUHAMMADIYAH (PDM) KOTA MEDAN,KOTA MEDAN,KEC. MEDAN KOTA BELAWAN,JL. VETERAN NO.29
10261245,SD SWASTA PENUAI,0618221881,yp.penuaibangsa@yahoo.co.id,B,157,16,YAYASAN PENDIDIKAN PENUAI BANGSA,KOTA MEDAN,KEC. MEDAN SELAYANG,JL. SETIA BUDI NO. 379
10210591,SDS MEDAN PUTRI,0614551062,sd1medanputri@gmail.com,C,1,6,YP. MEDAN PUTRI,KOTA MEDAN,KEC. MEDAN TIMUR,JL. TIMOR UJUNG NO.5 MEDAN
10204775,SD TAMAN SISWA SIDODADI,062344934,sd_tamansiswasidodadi@yahoo.co.id,B,107,9,PERGURUAN TAMANSISWA CABANG SIDODADI,KAB. ASAHAN,KEC. KISARAN BARAT,JL. BATU ASAH NO. 1
10220876,SDS NO. 100726 TAMAN SISWA SUMURAN,081362194048,tamansiswa0726@gmail.com,C,198,11,PERGURUAN TAMAN SISWA,KAB. TAPANULI SELATAN,KEC. BATANG TORU,BATANGTORU
69958932,SD IT AL-YASIRIYAH BERSAUDARA,081264727125,alyasiriyahbersauda@yahoo.com,B,149,11,YAYASAN YASIRIYAH BERSAUDARA,KAB. DELI SERDANG,KEC. PERCUT SEI TUAN,JL. ENGGANG RAYA NO. 58 PERUMNAS MANDALA MEDAN II
69867909,SDS WIRA MANDIRI,06150291333,sdswiramandiri@gmail.com,C,184,10,YP. WIRANUSA PRATAMA,KOTA MEDAN,KEC. MEDAN LABUHAN,JALAN JURUNG I NO. 39-40 GRIYA MARTUBUNG II
10211830,SDRK-4,06227552180,sdrkempatcintarakyat@ymail.com,A,444,20,YAYASAN PENDIDIKAN KATOLIK SANTO YOSEPH MEDAN,KOTA PEMATANGSIANTAR,KEC. SIANTAR TIMUR,JL.TAMBUN JAYA
70013649,SD IT UMMUL QURAN,,,,99,7,YAYASAN GENERASI MUDA ROBBANI,KAB. LANGKAT,KEC. GEBANG,JL.WIJASARMA
70046815,SD AR RASYID,,sdarrasyid2024@gmail.com,,23,5,YAYASAN AR RASYID BIRU BIRU,KAB. DELI SERDANG,KEC. SIBIRU-BIRU,DUSUN V SIDOMULYO B GANG ANUGERAH
69899808,SD SWASTA SANTO VINSENSIUS,,sdvinsensiussalak@gmail.com,B,251,15,YAYASAN PERGURUAN KATOLIK DON BOSCO KEUSKUPAN AGUNG MEDAN,KAB. PAKPAK BHARAT,KEC. SALAK,JL. LAE MBALNO
10258044,SDS MUHAMMADIYAH 18,0616643707,sdsmuhammadiyah18@gmail.com,A,401,23,PIMPINAN DAERAH MUHAMMADIYAH (PDM) KOTA MEDAN,KOTA MEDAN,KEC. MEDAN PERJUANGAN,JL PELITA 2 NO.3-5 MEDAN
10204767,SD SWASTA MUHAMMADIYAH LEDONG TIMUR,,sdmuhammadiyahltimur@gmail.com,B,115,10,PIMPINAN DAERAH MUHAMMADIYAH (PDM) KAB. ASAHAN,KAB. ASAHAN,KEC. AEK LEDONG,LEDONG TIMUR
69759167,SD SWASTA IT DAERAH AEK SONGSONGAN,085361101456,sditdas@gmail.com,B,205,12,YAYASAN PENDIDIKAN ISLAM DAERAH AEK SONGSONGAN,KAB. ASAHAN,KEC. AEK SONGSONGAN,JLN. BAKTI NO. I AEK SONGSONGAN
69966315,SD SWASTA TAHFIZH QURAN KARIMAH,081396161722,sdtqkarimah123@gmail.com,A,365,22,YAYASAN ISLAM MULIA,KAB. KARO,KEC. BERASTAGI,"JLN. JAMIN GINTING, KOMPLEK PEK KONG"
10220448,SD SWASTA SANTA LUSIA SIBORONGBORONG,063343243,sd.santalusia@yahoo.com,A,687,33,SANTA LUSIA VIRGINI,KAB. TAPANULI UTARA,KEC. SIBORONGBORONG,JL. SISINGAMANGARAJA NO.258 SIBORONGBORONG
10205924,SD TUNAS HARAPAN,082274804366,selatbetingsdtunasharapan@gmail.com,C,29,4,SD SWASTA TUNAS HARAPAN SELAT BETING,KAB. LABUHANBATU,KEC. PANAI TENGAH,SELAT BETING SEI JAMBU
69971898,SD SWASTA BINA CERIA MANDIRI MEDAN,,sdbcm56@gmail.com,B,124,17,YAYASAN OBOR SUMATERA,KOTA MEDAN,KEC. MEDAN TUNTUNGAN,JL. JAMIN GINTING KM. 8.5 GG. BANGUN SANGKA MANUK NO. 13
10257296,SD SWASTA HARAPAN BUNDA,085261655410,sds_harapanbunda1@gmail.com,C,73,10,YAYASAN HARAPAN BUNDA,KAB. DELI SERDANG,KEC. SUNGGAL,JL MAHONI NO 6 DUSUN XII
70059721,SD SWASTA ALAM ASAHAN,,,,12,4,YAYASAN ASAHAN SEMESTA ALAM,KAB. ASAHAN,KEC. KISARAN BARAT,JL. PASIR INTAN KOMPLEK DPR SIDODADI
70011865,SD ISLAM TERPADU BUYA AHMAD DARJI,,,A,58,4,YAYASAN PENDIDIKAN ISLAM TERPADU BUYA AHMAD DARJI,KAB. LABUHANBATU SELATAN,KEC. KOTA PINANG,JLN. SIMANINGGIR
70046267,SD IT RIRI ASAHAN JAYA,,sditriria@gmail.com,,55,8,RIRI ASAHAN JAYA,KAB. ASAHAN,KEC. SEI DADAP,JL. KAMBOJA DUSUN II DESA SEI KAMAH BARU
69942665,SD SWASTA IT NURUL AZMI,085261711441,nurulazmimedan@gmail.com,B,253,37,YAYASAN NURUL AZMI,KOTA MEDAN,KEC. MEDAN LABUHAN,JALAN. RAWE 9 LINGK XI
10205532,SD MUHAMMADIYAH 5 ADIAN BROTAN,082282278861,sdmuhammadiyah5adianbrotan@gmail.com,B,75,7,PIMPINAN DAERAH MUHAMMADIYAH (PDM) KAB. LABUHAN BATU UTARA,KAB. LABUHANBATU UTARA,KEC. KUALUH HULU,JALAN SIDO MULYO ADIAN BROTAN
10220759,SDS KRISTEN KALAM KUDUS-2,8456531,sdkalamkudus2@yahoo.com,A,448,28,YAYASAN KALAM KUDUS INDONESIA CABANG MEDAN,KOTA MEDAN,KEC. MEDAN HELVETIA,JL. KAPTEN MUSLIM NO 114/130
10210362,SD SWASTA AL-WASHLIYAH TANJUNG REJO,081396385599,sds.alwashliyahtanjungrejo@yahoo.co.id,B,152,11,AL JAMIATUL WASHLIYAH,KOTA MEDAN,KEC. MEDAN SUNGGAL,JL. ABADI GG. PELAJAR NO 7
60728987,SDS IT AR-RAUDAH,0617853803,sekolaharraudahit@gmail.com,B,220,18,YAYASAN AR-RAUDAH,KOTA MEDAN,KEC. MEDAN DENAI,JL. HARAPAN PASTI NO. 35
69979858,SD SWASTA ISLAM ULUN NUHA MEDAN,082368423127,ulunnuhasdislam@gmail.com,A,339,30,MINHAJUS SUNNAH,KOTA MEDAN,KEC. MEDAN JOHOR,JL. KARYA JAYA GG. EKAWALI PRIBADI NO. 8
10215240,SD TUNAS HARAPAN,085360056242,sdstunasharapanpatumbak@gmail.com,C,169,11,YAYASAN PENDIDIKAN TUNAS HARAPAN,KAB. DELI SERDANG,KEC. PATUMBAK,JLN. PERTAHANAN GG. MADRASAH DSN IV PATUMBAK KAMPUNG
10211835,SD SWASTA METHODIST,062224300,sdmethodist@gmail.com,A,648,40,YAYASAN PENDIDIKAN KRISTEN METHODIST INDONESIA BETLEHEM PEMATANGSIANTAR,KOTA PEMATANGSIANTAR,KEC. SIANTAR BARAT,JL.THAMRIN NO.8 H
69815381,SDS ISLAM TERPADU KUNTUM BUMI,081264907817,ypitkuntumbumi@gmail.com,A,88,16,YAYASAN PENDIDIKAN ISLAM TERPADU KUNTUM BUMI RANTAUPRAPAT,KAB. LABUHANBATU,KEC. RANTAU SELATAN,KOMPLEK VILLA GITA ASRI
69831520,SD IT PRIMA MANDIRI,081375603917,yp.primamandiri@yahoo.co.id,B,485,26,YAYASAN PENDIDIKAN PRIMA MANDIRI,KAB. DELI SERDANG,KEC. PERCUT SEI TUAN,JL. RUKUN NO. 38 DUSUN X
10210667,SD SWASTA HOSANA,0616612542,sdhosana@gmail.com,B,272,16,YAYASAN PERGURUAN KRISTEN HOSANA,KOTA MEDAN,KEC. MEDAN DELI,JL. METAL NO. 7
10259591,SD SWASTA AIR LANGGA,,sutjimurni@yahoo.com,B,77,10,YAYASAN SUTJI MURNI,KOTA MEDAN,KEC. MEDAN DELI,JALAN PERAK NOMOR 34 KOTA BANGUN
10203037,SD SWASTA AL-WASHLIYAH MOHO,082286949436,alwashliyahmoho@yahoo.com,C,31,8,YAYASAN BAHAL BATU,KAB. SIMALUNGUN,KEC. JAWA MARAJA BAH JAMBI,HUTAMOHO
10212459,SD ISLAM TERPADU NURUL ILMI,063425614,sditnurilpsp@gmail.com,A,919,78,YAYASAN PERGURUAN ISLAM NURUL 'ILMI,KOTA PADANG SIDEMPUAN,KEC. PADANG SIDIMPUAN SELATAN,JL. BM. MUDA NO.05
10213705,SD SWASTA VALENTINE,,sd.swasta.valentine@gmail.com,B,300,22,YAYASAN PENDIDIKAN VALENTINE,KAB. DELI SERDANG,KEC. SUNGGAL,JL PERINTIS KEMERDEKAAN NO 105
10261411,SDS HOLY KIDS,,berliana.sihotang@ymail.com,B,179,15,YAYASAN SEMPAKATA BERSINAR,KAB. DELI SERDANG,KEC. SINEMBAH TNJNG MUDA HULU,JL. BESAR TANJUNG TIMUR
10211856,SD SWASTA HKI-3,082304643980,sdswastahkipematangsiantar@gmail.com,B,60,9,HURIA KRISTEN INDONESIA,KOTA PEMATANGSIANTAR,KEC. SIANTAR TIMUR,JL. KAREL S. TUBUN
70006490,SD IT AL MADINAH,,,A,149,12,YAYASAN PENDIDIKAN AL-MADINAH AEK LOBA,KAB. ASAHAN,KEC. AEK KUASAN,DUSUN IV
10213615,SD PAB 12 SAMPALI,,sdpab12sampali@gmail.com,B,69,4,PERKUMPULAN AMAL BAKTI  SUMATERA UTARA,KAB. DELI SERDANG,KEC. PERCUT SEI TUAN,JL PASAR HITAM SAMPALI
10259201,SD SWASTA SANTO YOSEPH 1 MEDAN,62614512686,sdst.yoseph_1medan@yahoo.co.id,A,463,33,YAYASAN PERGURUAN KATOLIK DON BOSCO KEUSKUPAN AGUNG MEDAN,KOTA MEDAN,KEC. MEDAN MAIMUN,JL. PEMUDA NO 3 A MEDAN
70044848,SD ISLAM TERPADU CAHAYA MATA,,,,51,4,YAYASAN INDRA SEI BAMBAN,KAB. SERDANG BEDAGAI,KEC. SEI BAMBAN,DUSUN I SUKATANI
69902463,SD ISLAM AL - MA SUM,,sdislamalmasum@gmail.com,C,58,9,YAYASAN HAJI MAKSUM ABIDIN  SHALEH,KAB. DELI SERDANG,KEC. HAMPARAN PERAK,DUSUN II
10211884,SD SWASTA ADVENT MARTOBA,081370377319,sdadvent.martoba@yahoo.com,B,86,9,YAYASAN PENDIDIKAN GEREJA MASEHI ADVENT HARI KETUJUH SUMATERA UTARA,KOTA PEMATANGSIANTAR,KEC. SIANTAR MARTOBA,JLN. RAKUTA SEMBIRING
69945962,SD SWASTA SOPHIA NICG,082168740059,sdshopianicg@gmail.com,C,173,6,YAYASAN SOPHIA NICG,KAB. DELI SERDANG,KEC. PATUMBAK,JL. KONGSI GG. FAMILI DUSUN III B
70030354,SD ISLAM TERPADU BADI UZZAMAN,0811619739,sditbadiuzzamanbinjai@gmail.com,,122,10,PANCA ABDI BANGSA (PABA),KOTA BINJAI,KEC. BINJAI SELATAN,JALAN PADANG SIDEMPUAN
70054081,SD SWASTA ELKANA GLORIA TIGABINANGA,,,,24,5,YAYASAN SWASTA ELKANA GLORIA,KAB. KARO,KEC. TIGABINANGA,"JL. JUHAR, SIMP. GUNUNG, DESA PERGENDANGEN"
10210359,SDS AL WASHLIYAH 4/36,08526003899,sdalwashliyah436@gmail.com,C,167,9,PERKUMPULAN AL JAMI'ATUL WASHLIYAH,KOTA MEDAN,KEC. MEDAN KOTA BELAWAN,JALAN SEPAT
69926980,SD ISLAM TERPADU BUSTANUL ULUM,081361140699,sditbustanululum@gmail.com,A,198,11,YAYASAN PENDIDIKAN BUSTANUL ULUM SULAIMAN,KAB. DELI SERDANG,KEC. BERINGIN,JL. BAKARAN BATU DUSUN SEMPALI
10257510,SD AL IKHLAS MAMBANG MUDA,082167943037,sdalikhlas81@gmail.com,B,112,10,BADAN KOORDINATOR AGAMA ISLAM (BKAI) MEMBANG MUDA,KAB. LABUHANBATU UTARA,KEC. KUALUH HULU,MEMBANG MUDA
10259708,SD SWASTA ANDREAS,8455781,sd_andreas_purwodadi@yahoo.co.id,C,188,18,YAYASAN PERGURUAN KRISTEN ANDREAS,KAB. DELI SERDANG,KEC. SUNGGAL,JL. LANGSA NO. 190
70054722,SD SANTA ANGELA,085314190881,sdsantaangelanias@gmail.com,,58,7,WIDYA BHAKTI,KAB. NIAS BARAT,KEC. MANDREHE,"JL. KARTINI DUSUN 3, LOLOMOYO, SIMAEASI"
70059524,SD SWASTA KHARISMA INDONESIA,,sdskharismaindonesia@gmail.com,,11,3,YAYASAN LEMBAGA KHARISMA INDONESIA,KOTA MEDAN,KEC. MEDAN HELVETIA,JL PENAMPUNGAN I NO 1
10215189,SD SWASTA PAB 2 HELVETIA,,wagirunpk21@yahoo.co.id,B,90,9,PERKUMPULAN AMAL BAKTI  SUMATERA UTARA,KAB. DELI SERDANG,KEC. LABUHAN DELI,JALAN VETERAN PASAR IV
70043799,SD MUHAMMADIYAH 39 MEDAN,,,A,106,11,PIMPINAN DAERAH MUHAMMADIYAH (PDM) KOTA MEDAN,KOTA MEDAN,KEC. MEDAN DELI,JL. ALUMUNIUM I GG. MADRASAH NO. 10
10207911,SD SWASTA DAYA BARU LAHEWA,082272755367,dayabaru_lahewa@yahoo.co.id,A,228,14,YAYASAN SANTA MARIA GRACIA,KAB. NIAS UTARA,KEC. LAHEWA,JL. SOEKARNO NO. 134
69973632,SD SWASTA JOSUA,081373655293,sdswastajosuakabanjahe@gmail.com,TIDAK TERAKREDITASI,,0,SD SWASTA JOSUA,KAB. KARO,KEC. KABANJAHE,JLN. SAMURA NO. 8
10210640,SDS HKBP BERSUBSIDI,0616945730,hkbpbersubsidi@yahoo.com,B,98,7,DEWAN PENDIDIKAN JL.DELI BELAWAN,KOTA MEDAN,KEC. MEDAN KOTA BELAWAN,JL. KAMPAR NO. 3
10257647,SDS ISLAM AZIZI,081260232356,sds.islamazizi88@gmail.com,C,55,10,YAYASAN PERGURUAN ISLAM AZIZI,KOTA MEDAN,KEC. MEDAN TEMBUNG,JL.KPT M JAMIL LUBIS NO. 56
10220826,SDS STEFFIE EDUCATION,06180027148,sdsteffieeducation@gmail.com,B,21,7,YYS STEFFIE EDUCATION,KOTA MEDAN,KEC. MEDAN MARELAN,JL. MARELAN  I PASAR 4 BARAT LK 7
70048739,SD IT IMAM ASY SYAFII,,,,6,5,YAYASAN RIYADHUL JANNAH AL ISLAMIYYAH,KAB. LABUHANBATU SELATAN,KEC. TORGAMBA,"CIKAMPAK 1A, DESA AEK BATU"
10213634,SD MUHAMMADIYAH 22 GALANG,082361449109,sdmuhammadiyah22gl@gmail.com,B,107,9,PIMPINAN DAERAH MUHAMMADIYAH (PDM) KAB. DELI SERDANG,KAB. DELI SERDANG,KEC. GALANG,JALAN AMAL GANG MUHAMMADIYAH
10211414,SD SWASTA YPIS MAJU,0618823613,sdsypismaju@yahoo.co.id,B,84,11,YAYASAN PERGURUAN IBU SUGIARTI MAJU,KOTA BINJAI,KEC. BINJAI UTARA,JL. T. AMIR HAMZAH NO. 638
70063031,SD MUHAMMADIYAH CENGKEH TURI,,,,,1,PIMPINAN DAERAH MUHAMMADIYAH (PDM) KOTA BINJAI,KOTA BINJAI,KEC. BINJAI UTARA,JL. PERINTIS KEMERDEKAAN NO. 341
10261860,SD SWASTA TERPADU AS-SYIFA,082181983273,sdst.assyifa@yahoo.co.id,B,163,7,YAYASAN PENDIDIKAN TERPADU AS-SYIFA,KAB. DELI SERDANG,KEC. PAGAR MARBAU,PAGAR MERBAU
10210620,SDS GKPS,082167512034,sdsgkpsmenteng@gmail.com,B,48,8,YAYASAN PENDIDIKAN GKPS,KOTA MEDAN,KEC. MEDAN DENAI,JL. MENTENG NO.46
10210516,SDS RK.BUDI LUHUR,0617363010,sdrkbudiluhur@gmail.com,A,545,29,YAYASAN PERGURUAN KATOLIK DON BOSCO KEUSKUPAN AGUNG MEDAN,KOTA MEDAN,KEC. MEDAN DENAI,JL. PUKAT NO. 79 MEDAN
69967215,SD SWASTA CYRILLUS ADVANCED SCHOOL,,sdcyrillus@gmail.com,A,102,9,YAYASAN CYRILLUS ADVANCED SCHOOL,KOTA PEMATANGSIANTAR,KEC. SIANTAR SITALASARI,BLOK E NO. 1A PERUMAHAN SIBATU-BATU INDAH
69849425,SDIT NURUSSOBRI,085260504040,sditnurussobri16580@gmail.com,B,131,15,YAYASAN NURUSSOBRI,KOTA BINJAI,KEC. BINJAI UTARA,JL. AR RAHMAN HAKIM VII
10220769,SDS RAHMAT ISLAMIYAH,,sdrahmatislamiyah@gmail.com,A,298,18,YAYASAN PERGURUAN RAHMAT ISLAMIYAH,KOTA MEDAN,KEC. MEDAN HELVETIA,JL.GAPERTA/BAKTI NO.25
70036659,SDIT ANAK CERDAS MULIA,085270461294,cerdasmuliabinjai@gmail.com,,103,15,YAYASAN ANAK CERDAS MULIA,KOTA BINJAI,KEC. BINJAI TIMUR,JL. CUT NYAK DHIEN NO. 154 LK. II BINJAI
10260474,SD SWASTA TAPIAN,082168778439,sds_tapian@yahoo.com,C,43,5,YAYASAN TAPIAN,KAB. LABUHANBATU UTARA,KEC. KUALUH SELATAN,DUSUN VI TAPIAN
10213674,SD RK ST DANIEL BATU MBELIN,,sdrkstdaniel@gmail.com,C,77,9,YAYASAN PENDIDIKAN KATOLIK BETLEHEM,KAB. DELI SERDANG,KEC. NAMO RAMBE,DESA BATU MBELIN
69982160,SD SWASTA ISLAM TERPADU ANANDA YARA ISLAMIC SCHOOL,081376876182,sd.it.ananda.yara.islamic@gmail.com,B,115,4,HAFIZH RIZQY HIDAYATULLAH,KAB. DELI SERDANG,KEC. SUNGGAL,JL. SUKARAMAI DUSUN IV DESA SUKAMAJU
10220150,SD SWASTA ADVENT,081362499959,pat.sdswastaadvent@gmail.com,B,38,7,YAYASAN PENDIDIKAN GEREJA MASEHI ADVENT HARI KETUJUH SUMATERA UTARA,KOTA TEBING TINGGI,KEC. PADANG HULU,JALAN SISINGAMANGARAJA NO.110
69966396,SD ISLAM TERPADU AL ULUM,085265771664,alulumbesitang@gmail.com,B,126,8,YAYASAN PENDIDIKAN MIFTAHUL ULUM,KAB. LANGKAT,KEC. BESITANG,JL.PANTAI BUAYA SIMPANG LIMA BESITANG
10210313,SDS ARSYADIAH,,irmasuryanisiregar70@gmail.com,B,53,10,HAJI MARASED,KOTA MEDAN,KEC. MEDAN BARAT,JL. SEI DELI NO 139 MEDAN
10210346,SD SWASTA AL WASHLIYAH,082272974090,sdalwashliyah_persamaan@yahoo.com,C,90,4,PERKUMPULAN AL JAMI'ATUL WASHLIYAH,KOTA MEDAN,KEC. MEDAN AMPLAS,JL.PERSAMAAN GG ARIFIN NO 49D
10258877,SD SWASTA MAYANG SARI,081374323237,sdsmayangsari4@gmail.com,B,128,11,SDS MAYANG SARI,KOTA MEDAN,KEC. MEDAN DELI,JL. PLATINA 6  LK..XIV
10206279,SD SWASTA LATIHAN HKBP PEARAJA TARUTUNG,0633323016,tsdswastalatihanhkbppearaja@yahoo.co.id,A,411,25,YAYASAN PENDIDIKAN HKBP TAPANULI UTARA,KAB. TAPANULI UTARA,KEC. TARUTUNG,JL. GURU PANDAPOTAN
10258788,SDS KESATRIA,0617332473,sdswastakesatria@gmail.com,A,167,13,YAYASAN PERGURUAN KESATRIA MEDAN,KOTA MEDAN,KEC. MEDAN AREA,JL.GEDUNG ARCA NO 24 MEDAN
10204391,SD ALWASHLIYAH,082366855815,,B,658,15,JAMIYATUL ALWASHLIYAH,KAB. ASAHAN,KEC. TANJUNG BALAI,JL. AMPERA
70004912,SD ISLAM AYATUL MUBAROK,,sdiayatulmubarok@gmail.com,C,67,7,YAYASAN PONDOK PESANTREN TAHFIDZUL QURAN AYATUL MUBAROK,KAB. DELI SERDANG,KEC. LABUHAN DELI,DUSUN V PASAR II
69795334,SDIT CENDEKIA,,piko.andriansyah@gmail.com,B,329,24,YAYASAN SOSIAL DAN DAKWAH CENDEKIA,KOTA PEMATANGSIANTAR,KEC. SIANTAR BARAT,JLN. KIYAI I NO. 17
69979681,SD SWASTA IT ABI HUSNI,082218546619,sditabihusni@gmail.com,B,129,15,YAYASAN PENDIDIKAN ISLAM ABI HUSNI ASAHAN,KAB. ASAHAN,KEC. MERANTI,DUSUN II
10205519,SD METHODIST PANGKATAN,082366865004,sdmethodist@gmail.com,C,48,8,PERGURUAN KRISTEN METHODIST PANGKATAN,KAB. LABUHANBATU,KEC. PANGKATAN,KAMPUNG BARU
10202114,SD SWASTA SANTO XAVERIUS 1 KABANJAHE,,sdsantoxaverius1kabanjahe@yahoo.com,A,910,33,YAYASAN PERGURUAN KATOLIK DON BOSCO KEUSKUPAN AGUNG MEDAN,KAB. KARO,KEC. KABANJAHE,JALAN IRIAN KABANJAHE
70052540,SD SWASTA ISLAMI ANNUR AIR JOMAN BARU,085261265379,nur20314@gmail.com,,56,10,PENDIDIKAN ISLAMI ANNUR AIR JOMAN BARU,KAB. ASAHAN,KEC. AIR JOMAN,DUSUN VI DESA AIR JOMAN BARU
69970264,SD SWASTA ISLAM TERPADU MTTQ SCHOOL,081243387474,sdit.mttqschool@gmail.com,B,183,11,PERKUMPULAN MAJELIS TA'LIM TILAWAH QUR'AN (MTTQ),KAB. DELI SERDANG,KEC. KUTAIIMBARU,JL. GLUGUR RIMBUN
70000548,SD SWASTA ASSISI,085260643089,sdasissitomokparsaoran@gmail.com,A,241,17,YAYASAN PUTERI HATI KUDUS,KAB. SAMOSIR,KEC. SIMANINDO,TOMOK
10213593,SD SWASTA BINA AGUNG,0618472451,bina_agung@yahoo.com,B,203,13,BINA AGUNG,KAB. DELI SERDANG,KEC. SUNGGAL,JL. LEMBAGA PEMASYARAKATAN NO. 370
10212430,SD HARAPAN MUHAMMADIYAH,,sdharapanmuhammadiyah@gmail.com,B,66,10,PIMPINAN DAERAH MUHAMMADIYAH (PDM) KOTA TANJUNG BALAI,KOTA TANJUNG BALAI,KEC. TANJUNG BALAI SELATAN,JALAN TAQWA NO. 38
10210512,SD SWASTA ISLAM TERPADU SITI HAJAR,0618366027,sitihajarsd2016@yahoo.com,A,755,47,YAYASAN MOCHTAR TARIGAN MEDAN,KOTA MEDAN,KEC. MEDAN TUNTUNGAN,JALAN JAMIN GINTING KM 11 PAYA BUNDUNG
10213694,SD SWASTA TANJUNG ANOM,081260360461,sdswastatanjunganom@yahoo.co.id,B,171,13,YAYASAN PENDIDIKAN PERMATA SARI TANJUNG ANOM,KAB. DELI SERDANG,KEC. HAMPARAN PERAK,JALAN MULYO TANDAM HILIR II
69947531,SD AZZAKIYAH ISLAMIC LEADERSHIP,082166083889,azzakiyahislamicschool@gmail.com,A,119,10,YAYASAN AZ ZAKIYAH ISLAMIC CENTRE,KOTA MEDAN,KEC. MEDAN TEMBUNG,JL. METEOROLOGI IV NO.34
10210365,SDS ADVENT 3,,sdadvent03@gmail.com,C,56,4,YAYASAN PENDIDIKAN GEREJA MASEHI ADVENT HARI KETUJUH SUMATERA UTARA,KOTA MEDAN,KEC. MEDAN AREA,JL. BROMO LR. ADIL NO. 50 B
10220640,SD SW MENDARIS .A,085360842653,esdeku2@gmail.com,C,13,6,GOTONG ROYONG JAYA,KAB. SERDANG BEDAGAI,KEC. TEBING SYAHBANDAR,PERKEBUNAN MENDARIS A
10259093,SD SWASTA ST. PETRUS,0618212766,sdsantopetrus@gmail.com,A,598,33,YAYASAN PERGURUAN KATOLIK DON BOSCO KEUSKUPAN AGUNG MEDAN,KOTA MEDAN,KEC. MEDAN JOHOR,JL. LUKU I NO. 1 MEDAN
69756088,SD S KHOIRU UMMAH 19,085262405630,sdsku19@gmail.com,C,126,7,KHOIRU UMMAH 19,KAB. SERDANG BEDAGAI,KEC. PERBAUNGAN,DUSUN I
10203607,SD SW. ABDI RAKYAT DAIRI,085372731561,kimtonsigalingging@gmail.com,C,30,2,YAYASAN PERGURUAN ABDI RAKYAT DAIRI,KAB. DAIRI,KEC. SUMBUL,BATU GANDA
69986566,SD SWASTA CITRA MANDIRI,081260373209,citramandirisd@gmail.com,B,90,10,YAYASAN PENDIDIKAN CITRA MANDIRI,KAB. DELI SERDANG,KEC. BATANG KUIS,JL. PERUM KUIS INDAH PERMAI DUSUN IV
69985355,SD SWASTA ISLAM TERPADU AD-DURRAH,082132660482,sditaddurrahmedan@gmail.com,A,620,39,YAYASAN PENDIDIKAN AD DURRAH,KOTA MEDAN,KEC. MEDAN MARELAN,JL. SELAMAT II NO. 7 B MARELAN RAYA PASAR IV
10204769,SD SWASTA MUARA TIGA,081365031388,sds.muaratiga@yahoo.com,B,264,19,DHARMA BINA WARGA INDOSAWIT,KAB. ASAHAN,KEC. RAHUNING,PMKS-GMI DUSUN V
10260211,SD HIGHSCOPE INDONESIA,0618220888,highscope.medan@yahoo.co.id,A,143,11,YAYASAN MASA DEPAN INDONESIA KITA,KOTA MEDAN,KEC. MEDAN BARU,JL. BUNGA CEMPAKA PASAR 3 NO. 55
10215188,SD SWASTA PAB 19,081375856410,sdpab19@gmail.com,B,298,13,PERKUMPULAN AMAL BAKTI  SUMATERA UTARA,KAB. DELI SERDANG,KEC. PERCUT SEI TUAN,JL. PASAR II
70048369,SD ABISATYA SARAH SCHOOL,,,,8,5,ABISATYA SARAH SCHOOL,KAB. DELI SERDANG,KEC. TANJUNG MORAWA,JL. LIMAU MUNGKUR DUSUN II NO. 652
70059981,SD IT MARYAM,,,,,0,,KAB. LANGKAT,KEC. GEBANG,JL. KALA DESA PUTRI GANG DPR LINGK III AIR TAWAR
10213616,SD KARTIKA I-3,081386265283,sdkartika13@gmail.com,A,91,11,YAYASAN KARTIKA JAYA CABANG I BUKIT BARISAN,KAB. DELI SERDANG,KEC. SUNGGAL,JL. BINJAI KM. 10 KOMPLEK ABDUL HAMID
10220780,SDS AL-ULUM,0617369408,sds.al_ulum@ymail.com,A,833,54,YAYASAN PEMBANGUNAN DAN PENDIDIKAN JIHADUL ILMI,KOTA MEDAN,KEC. MEDAN AREA,JALAN PURI NO. 154 / 346 MEDAN
69987100,SD SWASTA KRISTEN MUTIARA MURNI KARYA,08529019710,rotuaimeldasinurat@gmail.com,A,119,11,MUTIARA MURNI KARYA,KAB. KARO,KEC. BERASTAGI,DESA LAU GUMBA
10260815,SD SWASTA BATARI,0614569233,batarischool@yahoo.co.id,A,508,44,YAYASAN SRI BATARI,KOTA MEDAN,KEC. MEDAN SUNGGAL,JL. SEI SERAYU NO. 69
69990959,SD ISLAM TERPADU REFAH,082184005889,refahsdit@gmail.com,A,273,16,YAYASAN PENDIDIKAN DAN DAKWAH ISLAM REFAH,KAB. LABUHANBATU SELATAN,KEC. KOTA PINANG,JL. BANGUN JADI DUSUN BASILAM BARU
70000180,SD SWASTA IT NURUL AMIN,083841893177,khatamialluthfi99@gmail.com,B,200,13,YAYASAN PENDIDIKAN ISLAM NURUL AMIN,KAB. DELI SERDANG,KEC. SUNGGAL,JL. ASAHAN DUSUN VIII MEDAN KRIO
10210674,SDS NASRANI I,081376959746,sdsnasrani@gmail.com,B,45,11,PERKUMPULAN PERGURUAN NASRANI MEDAN,KOTA MEDAN,KEC. MEDAN BARU,JL. KAPTEN PATTIMURA NO.14
70004627,SD SWASTA HILI`AMATOLA,082160456522,sdshhiliamatola@gmail.com,B,87,12,YAYASAN TAMAN INDAH SEJATI,KAB. NIAS SELATAN,KEC. SUSUA,DUSUN IV HILI`AMATOLA
10261902,SD IT IBNU YUNSI,06142373786,sdit.hj.mardiyahlubis@gmail.com,B,512,25,HAJJAH MARDIYAH LUBIS,KOTA BINJAI,KEC. BINJAI BARAT,JL. H.A.HALIM HASAN KEL. LIMAU SUNDAI KEC. BINJAI BARAT
70059945,SD YAYASAN PERGURUAN SWASTA MONTESSORI,,,,38,10,MONTESSORI PRE-SCHOOL,KAB. TAPANULI UTARA,KEC. SIBORONGBORONG,JL. SIBUNTUON SIARO
69985990,SD SWASTA PLUS JANNAT AL BAQI,,,C,7,3,YAYASAN  PENDIDIKAN. JANNAT AL BAQI,KOTA MEDAN,KEC. MEDAN SUNGGAL,JL. GAGAK HITAM/RINGROAD NO 5 A-C
10212147,SD NURUL FALAH,081375495509,sdswastanurulfalah04@gmail.com,B,143,11,YAYASAN MASYARAKAT PADANG PARIAMAN,KOTA SIBOLGA,KEC. SIBOLGA SAMBAS,JL. K.H. AHMAD DAHLAN NO. 3 A
69787013,SD SWASTA WELLINGTON INTELLIGENCE,0616625609,wellington.school@outlook.com,A,938,41,PENDIDIKAN PELITA INTELEKTUAL,KAB. DELI SERDANG,KEC. PERCUT SEI TUAN,JL. CEMARA BOULEVARD C7 NO. 174-182 PERUM. CEMARA ASRI
70013754,SD IT KHAIRUR RAHMAN,085260466046,sditkhairurrahman@gmail.com,A,385,23,YAYASAN KHAIRUR RAHMAN AL MUNAWWARAH,KOTA MEDAN,KEC. MEDAN AREA,JL. AR.HAKIM GG. SUKA HATI NO.1 MEDAN
70062483,SD VICTORIA SCHOOL,,,,,0,,KAB. DELI SERDANG,KEC. GALANG,JL. BALAI DESA DUSUN I
69988624,SD SWASTA ISLAM TERPADU AN-NUR,081263000329,sdit2019annur@gmail.com,A,158,14,PENDIDIKAN ISLAM AN-NUR,KAB. DELI SERDANG,KEC. TANJUNG MORAWA,JL. INDUSTRI GG. TAPAI DUSUN I
69862404,SD PLUS DARUL ILMI MURNI,0617033061,admin@darulilmi-murni.org,A,401,30,YAYASAN PENDIDIKAN ISLAM HAJI MASRI DARUL ILMI MURNI,KAB. DELI SERDANG,KEC. NAMO RAMBE,JALAN KARYA JAYA UJUNG TITI KUNING - NAMORAMBE
10213587,SD AMALIYAH,085275489105,sdamaliyah@gmail.com,A,460,24,YAYASAN PERGURUAN AMALIYAH,KAB. DELI SERDANG,KEC. SUNGGAL,JALAN TANI ASLI GANG ASAL
10212145,SD MUHAMMADIYAH I,082304384487,muhammadiyah01sibolgaselatan@gmail.com,B,154,9,PIMPINAN DAERAH MUHAMMADIYAH (PDM) KOTA SIBOLGA,KOTA SIBOLGA,KEC. SIBOLGA SELATAN,JL. DE SUTAN BUNGARAN PANGGABEAN
69877396,SD SWASTA ISLAM SETIA NURUL AZMI,081260591521,sdislamsetianurulazmi@yahoo.com,B,1170,43,YAYASAN PERGURUAN SETIA NURUL AZMI,KOTA MEDAN,KEC. MEDAN DELI,JALAN PANCING PASAR 4 LK V
10220822,SDS NUR FADHILAH,0616851422,sdnurfadhilah@yahoo.com,A,830,27,YAYASAN PENDIDIKAN ISLAM NUR FADHILAH,KOTA MEDAN,KEC. MEDAN MARELAN,JL.MARELAN 3 NO 51 A
70009263,SD IT AL ZHAQI,,sditalzhaqi@yahoo.com,,158,8,YAYASAN PENDIDIKAN PRATAMA,KAB. LANGKAT,KEC. KUTAMBARU,DUSUN VII KARANG PINANG
70042978,SD IT INSAN AZKIA,,,B,115,14,YAYASAN INSAN AZKIA MEDAN,KOTA MEDAN,KEC. MEDAN MARELAN,JL MARELAN 7 PASAR 1 TENGAH GG RUKUN V
69991998,SD SWASTA R.A KARTINI CERDAS BANGSA,082168210572,rkartini100@gmail.com,B,110,8,YAYASAN PERGURUAN RADEN AJENG KARTINI CERDAS BANGSA,KAB. DELI SERDANG,KEC. PERCUT SEI TUAN,JL. JATI REJO NO. 22 PASAR VII SAMPALI
70057172,SD IT IMTAQ GENERASI MANDIRI,,,,12,5,YAYASAN IMTAQ GENERASI MANDIRI,KAB. LANGKAT,KEC. WAMPU,LINTAS MEDAN-BANDA ACEH KM.45
10202842,SD SWASTA HKI SIMARIMBUN,081375776123,sdshkisimarimbun@gmail.com,B,21,7,YAYASAN PERGURUAN SD HKI BERSUBSIDI SIMARIMBUN,KAB. SIMALUNGUN,KEC. SIANTAR,SIMARIMBUN
10257903,SDS AMALYATUL HUDA,,sds.amalyatuhuda08@gmail.com,B,510,22,YAYASAN PENDIDIKAN AMALYATUL HUDA,KOTA MEDAN,KEC. MEDAN DELI,JL KILANG PADI NO 44
69990289,SD SWASTA MAWAR SHARON,081316385966,sdsmawarsharon@gmail.com,C,101,7,MAWAR SHARON,KAB. SIMALUNGUN,KEC. HATONDUHAN,HUTA IV PARBEOKAN
70030060,SD SWASTA AFIFAH BALQIS SERBELAWAN,,sdafifahbalqis9@gmail.com,,47,2,YAYASAN AFIFAH BALQIS SERBELAWAN,KAB. SIMALUNGUN,KEC. DOLOK BATU NANGGAR,JL. SISINGAMANGARAJA
10262408,SD ZAHIRA,4144796,zahira.school@gmail.com,B,100,13,YAYASAN ZAHIRA RAHMAN,KOTA MEDAN,KEC. MEDAN PERJUANGAN,JL. IBRAHIM UMAR NO. 19 MEDAN
70011846,SDIT HJ MULIANI SAKTI,082277872418,h.marasaktisir0406@gmail.com,,45,7,PAUD HJ.MULIANI SAKTI,KAB. LABUHANBATU SELATAN,KEC. KAMPUNG RAKYAT,JL. H. MARA SAKTI
10207912,SD SWASTA KRISTEN BNKP LAHEWA,082210056094,sdskbnkp@gmail.com,B,204,17,YAYASAN PENDIDIKAN BNKP LAHEWA,KAB. NIAS UTARA,KEC. LAHEWA,LAHEWA
69856883,SDS NO. 100219 EKA PENDAWA SAKTI,,sds100219eps@gmail.com,A,475,20,YAYASAN PERGURUAN AUSTINDO NUSANTARA JAYA AGRI,KAB. TAPANULI SELATAN,KEC. ANGKOLA SELATAN,PT. ANJ AGRI SIAIS
69954094,SD ISLAM KUSUMAWARDHANA,081355821339,sdkusumawardhana@gmail.com,C,68,5,KUSUMAWARDANA,KAB. DELI SERDANG,KEC. TANJUNG MORAWA,JL. TURI DUSUN V
70060827,SD SWASTA ISLAM TERPADU DARUL ILMI MUSLIMIN,,,,,0,,KAB. SIMALUNGUN,KEC. TAPIAN DOLOK,NEGERI BAYU MUSLIMIN
70004014,SD ISLAM TERPADU MAZAYA SCHOOL,082276967706,sdmazayschool@gmail.com,B,126,11,CENDIKIA ROBBANI1,KAB. SIMALUNGUN,KEC. BANDAR,HUTA III CEMARA. PERLANAAN
10213586,SD SWASTA AL WASLIYAH,081263835348,alwashliyah93@gmail.com,B,71,9,PERGURUAN SWASTA  AL-WASHLIYAH,KAB. DELI SERDANG,KEC. PANCUR BATU,JLN. LETJEND JAMIN GINTING
10215162,SD MASEHI DELENG BUNTU,081396564138,sdmasehidelengbuntu@gmail.com,C,97,11,YPK-GBKP,KAB. DELI SERDANG,KEC. SIBIRU-BIRU,DUSUN I DESA MBARUAI
70057232,SD SWASTA HAGAI HOT TIO SCHOOL,,,,,0,HAGAI HOT TIO SMART,KAB. LANGKAT,KEC. GEBANG,JLN. S.M RAJA NO. 27
10205581,SD ALWASHLYAH 82 SUKARAME,082304182732,sdsalwashliyah82sukarame@yahoo.com,B,174,13,AL JAM'IATUL WASHLIYAH,KAB. LABUHANBATU UTARA,KEC. KUALUH HULU,JL. ABDUL WAHID NO. 153 SUKARAME
10220153,SD SWASTA KHARISMA,0621326746,sekolahkharisma@yahoo.co.id,A,674,34,YAYASAN PENDIDIKAN KHARISMA TEBING TINGGI,KOTA TEBING TINGGI,KEC. TEBING TINGGI KOTA,JALAN K.F.TANDEAN KOMPLEKS BULIAN BISNIS CENTER BLOK B NO.13-16
10212814,SD SWASTA METHODIST BATU IV,085371314403,sdmethodist@yahoo.com,B,88,11,SD SWASTA METHODIST BATU IV,KAB. SIMALUNGUN,KEC. SIANTAR,JL. ASAHAN KM.IV
10211828,SD RK 7,,sdswastark7@yahoo.com,A,435,18,YAYASAN BINA MEDIA,KOTA PEMATANGSIANTAR,KEC. SIANTAR MARTOBA,JLN. MEDAN KM. 6
10261559,SD SWASTA TAMAN ILMU,,sdtamil2008@gmail.com,B,34,7,YAYASAN TAMAN ILMU,KAB. SIMALUNGUN,KEC. BANDAR,DESA PERLANAAN
69896416,SD SWASTA ADVENT 6 AIR BERSIH,081265499407,sdadvent6ab@gmail.com,B,117,10,YAYASAN PENDIDIKAN GEREJA MASEHI ADVENT HARI KETUJUH SUMATERA UTARA,KOTA MEDAN,KEC. MEDAN KOTA,JALAN AIR BERSIH NO. 98 A
70010988,SDIT AN-NAURA,,,A,194,18,YAYASAN PENDIDIKAN AN-NAURA CENGKEH TURI,KOTA BINJAI,KEC. BINJAI UTARA,JL. GUMBA LK X GG. GUMBA  30
10257641,SD SWASTA BAKTI II,0616622077,sdbakti2@gmail.com,A,637,24,YAYASAN PERGURUAN BAKTI,KOTA MEDAN,KEC. MEDAN DELI,JALAN KELADI NO.61
69968608,SD SWASTA ISLAM TERPADU QURAN,085757449703,sditqurankisaran@gmail.com,A,315,25,YAYAN PENDIDIKAN QUR'AN,KAB. ASAHAN,KEC. KISARAN TIMUR,JL. JAHE LK. IV
10261346,SD SWASTA YAYASAN PT. MAZUMA AGRO INDONESIA,085274572231,sdsmazumaagroindonesia01@gmail.com,A,359,22,SD SWASTA PT. MAZUMA AGRO INDONESIA,KAB. PADANG LAWAS,KEC. HUTA RAJA TINGGI,DESA SUNGAI KORANG
70056291,SD SWASTA PERSAHABATAN INTERNASIONAL ASIA/HUALIAN,,,,,1,,KOTA MEDAN,KEC. MEDAN BARAT,JL K L YOS SUDARSO LR XII LK XI NO 17
10210264,SDS AL IKHLAS,061786274,umi_ikhlas@yahoo.com,C,24,12,PERGURUAN AL IKHLAS,KOTA MEDAN,KEC. MEDAN AMPLAS,JL.SM.RAJA GG JADI NO 1
69801749,SD ISLAM TERPADU SWASTA FADILAH,082246297905,sditfadilah062@gmail.com,C,54,8,SD ISLAM TERPADU SWASTA FADILAH,KAB. LABUHANBATU UTARA,KEC. KUALUH SELATAN,JL. TANJUNG PASIR PEKAN
10257882,SD SWASTA BM SUKMA,081361578379,ypbmsukma@yahoo.co.id,B,96,11,BM SUKMA,KOTA MEDAN,KEC. MEDAN SUNGGAL,JL. SUNGGAL NO. 223.A
10259087,SD SWASTA SANTO IGNATIUS,7852907,santo.ignatius31@yahoo.com,A,703,39,YAYASAN SERI AMAL MEDAN,KOTA MEDAN,KEC. MEDAN JOHOR,JL.KARYA WISATA NO.6
70053633,SD ISLAM ATTAQY,081264325655,yp.attaqymedan@gmail.com,,38,10,YAYASAN PENDIDIKAN ATTAQY MEDAN,KOTA MEDAN,KEC. MEDAN DENAI,JL TANGGUK BONGKAR X NO 15
70009890,SD SWASTA ISLAM TERPADU RAUDHAH,,,C,133,7,YAYASAN INDRA SEI BAMBAN,KAB. SERDANG BEDAGAI,KEC. SEI BAMBAN,DUSUN VII BEROHOL
10257950,SDSIDODADI,081396647571,sdssidodadi@gmail.com,C,56,9,YAYASAN PENDIDIKAN SIDODADI,KAB. LANGKAT,KEC. SEI LEPAN,SIDODADI HARAPAN JAYA SEI LEPAN
70044734,SD ISLAM TERPADU AR-ROZZAQ,,,,,0,,KAB. DELI SERDANG,KEC. PANCUR BATU,JL. DELI TUA NO. 13 A
10209005,SD SW. ADVENT SABULAN,081260021135,sdswastaadventsabulan@yahoo.co.id,B,46,8,YAYASAN PENDIDIKAN GEREJA MASEHI ADVENT HARI KETUJUH SUMATERA UTARA,KAB. SAMOSIR,KEC. SITIOTIO,SABULAN
70043903,SD IT AS SALAM KARANG REJO,085261995277,sditassalamkarangrejo@gmail.com,,49,7,YAYASAN AS SALAMUL FUDHOLAA MUBIN,KAB. LANGKAT,KEC. STABAT,JL.AMARTA DUSUN MANDIRI I
69966090,SD SWASTA ISLAM FATHIA SYUHADA,081370046380,fathiarizki@ymail.com,B,169,15,FATHIA SYUHADA,KOTA TEBING TINGGI,KEC. PADANG HULU,JL.GATOT SUBROTO
10206615,SD SWASTA MUHAMMADIYAH SIBINTANG,081260248185,sdswmuhsibintang@yahoo.com,B,48,9,PIMPINAN DAERAH MUHAMMADIYAH (PDM) KAB. TAPANULI TENGAH,KAB. TAPANULI TENGAH,KEC. SOSOR GADONG,JL.BARUS NO 3
10211418,SD SWASTA PAB UTAMA,,sdpabutamabinjai@gmail.com,B,165,12,PERKUMPULAN AMAL BAKTI  SUMATERA UTARA,KOTA BINJAI,KEC. BINJAI UTARA,JALAN T. AMIR HAMZAH
69973332,SD KRISTEN GLORIA ANAK BANGSA,,sdgloriaanakbangsa@gmail.com,B,197,23,YAYASAN PERGURUAN KRISTEN GLORIA ANAK BANGSA,KOTA PEMATANGSIANTAR,KEC. SIANTAR TIMUR,JLN. SUTOMO KOMPLEK SBC BLOK B NO. 30-32
69986556,SD SWASTA ISLAM TERPADU AL FURQON,085276936194,alfurqon24071999@gmail.com,A,115,9,YAYASAN AL FURQON MULIOREJO,KAB. DELI SERDANG,KEC. SUNGGAL,JL. BINJAI KM 13 AMPERA II NO. 38
10210527,SDS TAMAN HARAPAN,0617871856,sdtamanharapan@yahoo.com,A,309,21,YAYASAN PENDIDIKAN SUDHARMAN,KOTA MEDAN,KEC. MEDAN DENAI,JL.SEKSAMA NO.183
69978322,SD SWASTA SMART SCHOOL,081377434978,sdswastasmartschool@gmail.com,B,226,7,PELITA KASIH MBINCAR,KAB. DELI SERDANG,KEC. PANCUR BATU,JL. GOLDEN LAND MEDAN ZOO
70064580,SD SWASTA ISLAM AL-AZHAR ASY-SYARIF MEDAN,,,,,0,,KOTA MEDAN,KEC. MEDAN BARU,JL SEI ASAHAN NO 37
69855411,SDS NO. 100911 SAMUKTI MANDIRI,085262349808,sds100911samuktimandiri@gmail.com,B,448,14,,KAB. TAPANULI SELATAN,KEC. MUARA BATANGTORU,KELURAHAN MUARA AMPOLU
70052271,SD IT MULIA ISLAMIC SCHOOL,,,,52,7,YAYASAN MULIA BUNGSU BAHAGIA,KAB. DELI SERDANG,KEC. PERCUT SEI TUAN,JL. SUKMO NO. 160
10220201,SD SWASTA SINAR SENTOSA,081370700278,yp.sinarsentosa@yahoo.co.id,B,180,5,YAYASAN PENDIDIKAN SINAR SENTOSA,KAB. DELI SERDANG,KEC. PERCUT SEI TUAN,JL. KERAMAT INDAH NO.8  SELAMBO
10204761,SD PANTI BUDAYA,081362008147,sdpantibudayakisaran@yahoo.com,A,406,19,YAYASAN PENDIDIKAN KATOLIK SANTO YOSEPH MEDAN,KAB. ASAHAN,KEC. KISARAN BARAT,JL. HAMKA NO.31 KISARAN
70011790,SD IT JAMIYATUL HIDAYAH,081397344772,,,103,6,YAYASAN HAJJAH RAMLAH ANWAR,KAB. ASAHAN,KEC. TANJUNG BALAI,JL. BANDAR JAWA DUSUN V DESA SEI APUNG KEC. TANJUNG BALAI
69966387,SD SWASTA ADVENT LAU RAKIT,085360828472,ervianna_betty@yahoo.com,B,100,9,YAYASAN PENDIDIKAN GEREJA MASEHI ADVENT HARI KETUJUH SUMATERA UTARA,KAB. KARO,KEC. TIGANDERKET,DESA KUTAGALUH
70049639,SDIT CINTA AL-QURAN,,,,22,7,YAYASAN WAKAF USMAN NASUTION,KOTA BINJAI,KEC. BINJAI BARAT,JL. HAH HASAN NO. 39A LK.III
10211877,SDGKPS-2,,sdswastagkps2@gmail.com,B,110,11,YAYASAN PENDIDIKAN GKPS,KOTA PEMATANGSIANTAR,KEC. SIANTAR TIMUR,JL.ASAHAN
10210329,SDS DHARMA SAKTI,7866187,dharmasakti6@gmail.com,C,16,11,,KOTA MEDAN,KEC. MEDAN DENAI,JL. M. NAWI HARAHAP/SEKSAMA NO. 130
70008402,SD ISLAM TERPADU AN NAJAH,081264446836,sditannajah2020@gmail.com,A,279,22,YAYASAN WAKAF AN NAJAH,KAB. DELI SERDANG,KEC. PERCUT SEI TUAN,JL. BEJO GG SEJAHTERA NO. 26
70055792,SD IT HANAN AL FAZZA,,,,44,3,YAYASAN PENDIDIKAN HANAN AL FAZZA,KAB. DELI SERDANG,KEC. PERCUT SEI TUAN,"JL. TAMBAK BAYAN, GG MESJID"
10212428,SD SWASTA METHODIST 1,08126315490,sdmethodistsatu.tanjungbalai@yahoo.com,B,213,17,YAYASAN PENDIDIKAN METHODIST EL NATHAN TANJUNGBALAI,KOTA TANJUNG BALAI,KEC. TANJUNG BALAI SELATAN,JL. GEREJA NO. 05
10210511,SD SWASTA SRIWIJAYA,7860085,sriwijaya.skul@yahoo.co.id,A,128,11,YAYASAN PERGURUAN SRIWIJAYA,KOTA MEDAN,KEC. MEDAN JOHOR,JLN. B. ZEIN HAMID GG PEMBANGUNAN NO. 25
10257931,SDS FREE METHODIST 2,081362065870,sd.free.methodist.2@gmail.com,A,544,29,YAYASAN PENDIDIKAN  FREE METHODIST INDONESIA,KOTA MEDAN,KEC. MEDAN HELVETIA,JL SEKOLAH NO 32
70057926,SD IT MUBARAK NURUL HIKMAH,,sditmubaraknurulhikmah23@gmail.com,,35,5,YAYASAN MUBARAK NURUL HIKMAH,KAB. DELI SERDANG,KEC. TANJUNG MORAWA,JL. KASMIR GG SENTOSA DUSUN V
70005896,SDS NO. 100120 IT BINA INSANI SIALOGO,,,B,322,27,YAYASAN BINA INSANI SIALOGO,KAB. TAPANULI SELATAN,KEC. ANGKOLA BARAT,JL. LOBULAYAN KM.1
70014833,SDIT ANAK SOLEH,,sditanaksoleh912@gmail.com,,200,12,YAYAYASAN WAKAF ANAK SHOLEH,KAB. LABUHANBATU SELATAN,KEC. TORGAMBA,DUSUN MULYA
10211455,SD SWASTA HARAPAN II,08126092556,sdharapan2.binjai@gmail.com,B,118,13,YAYASAN HARAPAN AMANAH BANGSA,KOTA BINJAI,KEC. BINJAI TIMUR,JL. WAHIDIN NO. 10
69910931,SD IT ARDIANSYAH,085359166074,sdit.ardiansyah@yahoo.co.id,B,206,12,YAYASAN PENDIDIKAN ARDIANSYAH ARAS KABU,KAB. DELI SERDANG,KEC. BERINGIN,DUSUN AMAL DESA ARAS KABU
70048794,SD IT INSAN MADANI,,,,100,10,YAYASAN MADANI SANDYA NUSANTARA,KAB. DELI SERDANG,KEC. PERCUT SEI TUAN,JL. TERUSAN DUSUN II NO. 120
10208210,SDS 054 MUHAMMADIYAH HUTABANGUN,,sdmuhammadiyahhutabangun@yahoo.co.id,C,84,11,PIMPINAN DAERAH MUHAMMADIYAH (PDM) KAB. MANDAILING NATAL,KAB. MANDAILING NATAL,KEC. BUKIT MALINTANG,JL. LINTAS SUMATERA
70048134,SD IT AL - FAZHIRA,,alfazhirasdit02@gmail.com,,59,8,YAYASAN PENDIDIKAN AL FAZHIRA,KAB. DELI SERDANG,KEC. LABUHAN DELI,JL. PERSATUAN GG AMAL DUSUN IV
69901796,SD SWASTA ISLAM TERPADU DAARUSSAKINAH,,sditdaarussakinah@yahoo.com,C,77,12,YAYASAN PENDIDIKAN DAARUSSAKINAH,KAB. ASAHAN,KEC. SEI DADAP,JLN. PROTOKOL DESA SEI KAMAH I
10211463,SD SWASTA ADVENT,085262192925,sdswasta.advent.binjai@gmail.com,C,34,4,YAYASAN PENDIDIKAN GEREJA MASEHI ADVENT HARI KETUJUH SUMATERA UTARA,KOTA BINJAI,KEC. BINJAI TIMUR,"JL. SOEKARNO HATTA KM 19,5 GG. SEMPURNA"
10210648,SD SWASTA PARULIAN B MEDAN,081311493429,msdparulianb@yahoo.com,B,95,14,YAYASAN PENDIDIKAN PARULIAN MEDAN,KOTA MEDAN,KEC. MEDAN KOTA,JL.SEKSAMA GANG JAYA NO.16
10210337,SDS AL FALAH,0614152100,sd.alfalah@yahoo.co.id,B,108,10,YAYASAN PERGURUAN AL FALAH AL ITTIHADIYAH,KOTA MEDAN,KEC. MEDAN MAIMUN,JL. IR.H.JUANDA BARU NO. 56
70063301,SD BRADFORD ACADEMY SCHOOL,,,,,0,,KOTA MEDAN,KEC. MEDAN TIMUR,JL. GUNUNG KRAKATAU NO. 42 EFG
69975057,SD SWASTA IT ANNISA,081265250241,sdit.annisa.ymhs@gmail.com,B,102,11,MUHAMMAD HUSNI SINULINGGA,KOTA TEBING TINGGI,KEC. PADANG HILIR,JL. BHAYANGKARA NO. 1
70039184,SD IT ASRARIAH,,,,46,5,YAYASAN PENDIDIKAN ASRARIAH LANGKAT,KAB. LANGKAT,KEC. WAMPU,DUSUN PASAR BATU DESA STABAT LAMA BARAT
10212413,SD TAMAN SISWA,,tamanmudasiantar@gmail.com,B,262,21,PERSATUAN PERGURUAN TAMANSISWA CABANG PEMATANGSIANTAR,KOTA PEMATANGSIANTAR,KEC. SIANTAR BARAT,JL. KARTINI NO. 18
10257582,SD BUDI MULIA BINJOHARA,081375769587,sdbmbinjohara@gmail.com,B,163,9,YAYASAN BUDI MULIA LOURDES,KAB. TAPANULI TENGAH,KEC. MANDUAMAS,DESA BINJOHARA NAPA
69991999,SD SWASTA IT DHINUKUM ZHOLTAN,082370448659,dhinukumzholtan@gmail.com,C,20,8,YAYASAN DHINUKUM ZHOLTAN,KAB. DELI SERDANG,KEC. PERCUT SEI TUAN,JL. PENDIDIKAN PASAR XII DESA BANDAR SETIA
10259658,SD SWASTA HANDAYANI,0616852225,sdshandayani@yahoo.com,B,187,13,SDS HANDAYANI,KOTA MEDAN,KEC. MEDAN DELI,JL. MANGAAN III GG. PELAJAR NO.25
10204768,SD MUHAMMADIYAH LUBUK PALAS,085261395079,sds_m@yahoo.com,B,126,8,PIMPINAN DAERAH MUHAMMADIYAH (PDM) KAB. ASAHAN,KAB. ASAHAN,KEC. SILAU LAUT,JL.MANUNGGAL NO XIV LUBUK PALAS
10210689,SDS MUHAMMADIYAH 17,081396578736,sdstmuhammadiyah17@gmail.com,B,86,8,PIMPINAN DAERAH MUHAMMADIYAH (PDM) KOTA MEDAN,KOTA MEDAN,KEC. MEDAN DENAI,JL. RAYA MEDAN TENGGARA GG. SOSIAL NO.90-A MEDAN
70058933,SD ISLAM TERPADU MULIA,085373752230,sditmulia25@gmail.com,,90,8,YAYASAN AD DIEN DELI SERDANG,KAB. DELI SERDANG,KEC. PANTAI LABU,DUSUN II
10257948,SD SWASTA NASIONAL,,sdswastanasional@gmail.com,B,151,7,YAYASAN PENDIDIKAN NASIONAL,KAB. LANGKAT,KEC. SEI LEPAN,SEI BILAH
69964874,SD ISLAM TERPADU PERMATA,085296731988,sditpermata.mlabuhan@gmail.com,B,426,21,YAYASAN PERMATA INSAN CENDIKIA,KOTA MEDAN,KEC. MEDAN LABUHAN,JL. MESJID PAJAK RAMBE LINGK. VI
70004481,SD GLOBAL INTENSIVE,085361973271,globalintensivey@gmail.com,B,202,7,YAYASAN GLOBAL INTENSIVE,KAB. DAIRI,KEC. PARBULUAN,LUMBAN GAMBIRI
10208209,SD S 118 MUHAMMADIYAH GUNUNGTUA,081376309101,sds118muhammadiyah@yahoo.co.id,A,428,24,PIMPINAN DAERAH MUHAMMADIYAH (PDM) KAB. MANDAILING NATAL,KAB. MANDAILING NATAL,KEC. PANYABUNGAN,JALAN MERDEKA GUNUNGTUA PANGGORENGAN
10257650,SD SWASTA  METHODIST 8,0616616356,sdm8medan@gmail.com,A,153,10,YAYASAN PERGURUAN KRISTEN METHODIST YOSAFAT MEDAN,KOTA MEDAN,KEC. MEDAN BARAT,JL. K.L. YOS SUDARSO N0. 166-A
10205579,SD ALWASHLIYAH 81 AEK KANOPAN,,salwashliyah@gmail.com,B,62,10,AL JAMI'YATUL WASHLIYAH,KAB. LABUHANBATU UTARA,KEC. KUALUH HULU,JL. JEND SUDIRMAN AEK KANOPAN
69983854,SD IT ANAK SHOLEH,085373065152,ansolsdit@gmail.com,A,374,23,YAYASAN LIL MUTTAQINA IMAMA LANGKAT,KAB. LANGKAT,KEC. HINAI,JL.SWADAYA DUSUN III
10212970,SD SWASTA MUHAMMADIYAH,,sdsmuhammadiyah126@yahoo.co.id,B,195,10,PIMPINAN DAERAH MUHAMMADIYAH (PDM) KAB. DELI SERDANG,KAB. DELI SERDANG,KEC. LUBUK PAKAM,JL. R.A KARTINI NO 62 LUBUK PAKAM
69896974,SD SWASTA MURNI VICTORY SCHOOL,081265236644,murninurhayati01@gmail.com,B,101,8,YAYASAN PENDIDIKAN KRISTEN MURNI VICTORY,KOTA MEDAN,KEC. MEDAN SELAYANG,JALAN BUNGA HERBA 3 NGUMBAN SURBAKTI
69896637,SD SWASTA IMANUEL TELUKDALAM,082276254246,sdimanueltelda@gmail.com,C,101,10,YAYASAN IMANUEL SETITEL TELUKDALAM,KAB. NIAS SELATAN,KEC. TELUK DALAM,JL.SUDIRMAN KELURAHAN PASAR TELUKDALAM
10211886,SD ADVENT,,sdadventbahbiak01@gmail.com,B,145,8,YAYASAN PENDIDIKAN GEREJA MASEHI ADVENT HARI KETUJUH SUMATERA UTARA,KOTA PEMATANGSIANTAR,KEC. SIANTAR UTARA,JLN. BAH BIAK NO. 1
70060997,SD PLUS FAHMI AHMAD,,,,38,2,YAYASAN HAJI FAHMI AHMAD,KOTA MEDAN,KEC. MEDAN DENAI,JL. HARAPAN PASTI TIMUR NO.53 A
10211823,SD SWASTA YP HKBP 4,,sdswhkbpsiantar@yahoo.co.id,B,35,12,YAYASAN PENDIDIKAN HURIA KRISTEN BATAK PROTESTAN PEMATANG SIANTAR,KOTA PEMATANGSIANTAR,KEC. SIANTAR MARIHAT,JL.FAREL PASARIBU NO.35
10260809,SD SWASTA AL-FAKHRI,085260893617,al.fakhrisukamaju@gmail.com,B,467,24,YAYASAN PENDIDIKAN ISLAM AL FAKHRI,KAB. DELI SERDANG,KEC. SUNGGAL,JL. SEI MENCIRIM DUSUN III
70002500,SD SWASTA IT CEMARA ISLAMI PLUS,082210026059,sditcemaraislami@gmail.com,B,59,12,OPICK AMANAH,KAB. DELI SERDANG,KEC. LUBUK PAKAM,JL. GALANG GG. M. AMIN KEL. CEMARA
10206598,SD SW MUHAMMADIYAH SORKAM KANAN,082165300962,sdsmuhammadiyah.sorkamkanan@gmail.com,B,79,10,PIMPINAN DAERAH MUHAMMADIYAH (PDM) KAB. TAPANULI TENGAH,KAB. TAPANULI TENGAH,KEC. SORKAM BARAT,SORKAM KANAN
69956696,SD SWASTA CERDAS MANDIRI,,,C,99,4,YAYASAN PERGURUAN CERDAS MANDIRI,KAB. DELI SERDANG,KEC. PERCUT SEI TUAN,JL. CEMARA ABADI
10210622,SDS GKPS,085262050900,kpdgkpssd@gmail.com,B,,0,YP-GKPS,KOTA MEDAN,KEC. MEDAN TIMUR,JL. MAPILINDO NO 21
10205926,SD TPI TORGAMBA,085362511198,sdstpitorgamba@gmail.com,A,170,12,YAYASAN PERGURUAN TORGAMBA,KAB. LABUHANBATU SELATAN,KEC. TORGAMBA,EMPLASMEN KEBUN TORGAMBA
70013534,SD IT MUTIARA MARCELA,,,,,6,YAYASAN PENDIDIKAN MUTIARA MARCELA,KAB. DELI SERDANG,KEC. LABUHAN DELI,JALAN VETERAN PASAR VI/ JALAN AMPERA KEL. MANUNGGAL
10213670,SD RIAMA BERSUBSIDI,081262888717,,B,46,12,YAYASAN PENDIDIKAN RIAMA,KAB. DELI SERDANG,KEC. TANJUNG MORAWA,"JL PASAR BARU KM 16,5"
70013642,SD IT ANDIKA,082272819029,sd.it.andika01@gmail.com,B,86,7,YP. ANDIKA,KAB. DELI SERDANG,KEC. TANJUNG MORAWA,JL. PENDIDIKAN DUSUN IV
10209454,SD SETIA BUDI ABADI,0617990279,sdsetiabudiabadi@gmail.com,A,254,23,YAYASAN PERGURUAN SETIA BUDI ABADI PERBAUNGAN,KAB. SERDANG BEDAGAI,KEC. PERBAUNGAN,PERBAUNGAN
10211436,SD SWASTA MUHAMMADIYAH 04,085261973182,sdmuhammadiyahminarsih@gmail.com,B,225,13,PIMPINAN DAERAH MUHAMMADIYAH (PDM) KOTA BINJAI,KOTA BINJAI,KEC. BINJAI UTARA,JL. M. T. HARYONO NO. 65
69775674,SD SWASTA IT TERPADU QUANTUM SCHOOL,,quantumschool2004@gmail.com,B,421,25,YAYASAN PENDIDIKAN QUANTUM SCH,KAB. DELI SERDANG,KEC. SUNGGAL,JL. SEI MENCIRIM NO. 1
10259872,SDS MUHAMMADIYAH TANJUNG PURA,082260360126,sdsmuhammadiyahtp@gmail.com,C,152,5,PIMPINAN DAERAH MUHAMMADIYAH (PDM) KAB. LANGKAT,KAB. LANGKAT,KEC. TANJUNG PURA,JALAN TAPAK KUDA DUSUN AMPERA
10264631,SD SWASTA BAITUL AZIZ,085296149354,sdbaitulaziz354@gmail.com,C,120,11,YP.BAITUL AZIZ,KAB. DELI SERDANG,KEC. PERCUT SEI TUAN,JL. PUSAKA/ MUARA KOLAM NO. 313
70005984,SD SWASTA MIFTAHUL HUSNA,082267708807,sdsmiftahulhusna@gmail.com,A,82,13,YAYASAN PENDIDIKAN DAN PEMBANGUNAN DZURRIYYATUN THOYYIBAH,KAB. DELI SERDANG,KEC. PERCUT SEI TUAN,JL. MAKMUR PASAR 7/ ANGGREK 25
69980063,SD SWASTA ISLAM TERPADU AR-RAHMAN,082367432473,sditrrahmantt@gmail.com,A,355,20,PUSAT PENDIDIKAN JIBO,KOTA TEBING TINGGI,KEC. BAJENIS,JL. PROF. DR. HAMKA
10259690,SD SWASTA IT AL-IKHLAS,085362775252,alikhlasyes@yahoo.com,A,180,14,YAYASAN AL - IKHLAS,KOTA MEDAN,KEC. MEDAN SELAYANG,JL. JAMIN GINTING PSR VII NO 54
10204381,SD SWASTA BINA DHARMA SENTRAL,085370424890,sdsbinadharma2@gmail.com,A,293,21,DHARMA BINA WARGA INDOSAWIT,KAB. ASAHAN,KEC. RAHUNING,DUSUN VII SENTRAL
10257652,SD SWASTA PEMBANGUNAN NASIONAL,0617321265,sdspembnas@gmail.com,C,38,10,YAYASAN PERGURUAN PEMBANGUNAN NASIONAL,KOTA MEDAN,KEC. MEDAN TEMBUNG,JL.MUSTIKA NO 2 KEL. BANTAN KEC. MEDAN TEMBUNG
10213698,SD TRI BAKTI,085362637120,sdstribakti2@gmail.com,A,157,11,TRI BAKTI PULAU AGAS,KAB. DELI SERDANG,KEC. HAMPARAN PERAK,JL BESAR HAMPARAN PERAK DUSUN VII PULAU AGAS GG. DARSONO
10210363,SDS AL WASHLIYAH 01,0617365442,sdalwashliyah01medan@gmail.com,C,55,10,PERKUMPULAN AL JAMI'ATUL WASHLIYAH,KOTA MEDAN,KEC. MEDAN AREA,JL ISMAILIYAH NO.82 MEDAN
70009222,SD IT RAUDHATUS SAKINAH GUNUNG BERKAT,,sditraudhatussakinah@gmail.com,C,128,11,YAYASAN PENDIDIKAN RAUDHATUS SAKINAH,KAB. ASAHAN,KEC. BANDAR PULAU,DUSUN I
70061088,SD IT HAKIM ALMUBAROK,,,,,2,PENDIDIKAN HAKIM ALMUBAROK,KAB. DELI SERDANG,KEC. PERCUT SEI TUAN,JL. PENDIDIKAN III GG. FAMILI
69979655,SD ISLAM TERPADU AN-NAFIS TELUK MENGKUDU,081396865063,sdit.annafis@gmail.com,B,268,14,YAYASAN ISLAM TERPADU AN-NAFIS,KAB. SERDANG BEDAGAI,KEC. TELUK MENGKUDU,JLN. DUSUN II
10204786,SD SWASTA YAPENTAK GOTTING SIDODADI,081264454275,huswatun252@gmail.com,B,167,10,YAPENTAK,KAB. ASAHAN,KEC. BANDAR PASIR MANDOGE,DUSUN VI GOTTING  SIDODADI
69972913,SD SWASTA GUANG MING,06188813887,sdguangmingmedan@gmail.com,B,115,17,PENDIDIKAN KARYA BUDI GEMILANG,KOTA MEDAN,KEC. MEDAN PETISAH,JL. SENDOK NO.16 ABCD
10220677,SD SWASTA BAPTIS,081361569189,yaspertksd.baptisbinjai@yahoo.com,B,2,5,YAYASAN BAPTIS BINJAI,KOTA BINJAI,KEC. BINJAI UTARA,JL. T. AMIR HAMZAH GG. MANGGIS
69987308,SD SWASTA ISLAM TERPADU AL FATIH,085362667989,sditalfatih07@gmail.com,B,273,21,YAYASAN PENDIDIKAN SITI SALEHA,KAB. DELI SERDANG,KEC. PERCUT SEI TUAN,JL. PELAKSANAAN I DUSUN IV NO. 185 DESA BANDAR SETIA
69981203,SD SWASTA ISLAM TERPADU AN-NISA,,ypiannisapercut@gmail.com,C,137,8,YAYASAN PENDIDIKAN ISLAM AN-NISA BANDAR KHALIPAH,KAB. DELI SERDANG,KEC. PERCUT SEI TUAN,JL. MESJID NO.25 DUSUN IX PASAR X
69987960,SD SWASTA KARYA JAYA,081375612194,pusparani996@gmail.com,B,112,11,YAYASAN MUTIARA UTAMI,KAB. DELI SERDANG,KEC. PANCUR BATU,"JL. JAMIN GINTING KM. 20,5 NO. 53"
10258371,SDS AL ISLAM,081262311110,sdswastaislam@gmail.com,C,41,7,JAFAR SIDDIK HASIBUAN,KOTA MEDAN,KEC. MEDAN PERJUANGAN,JL PELITA III NO 33
69982058,SD SWASTA MUHAMMADIYAH 38,081360246917,sdmuhammadiyah38@yahoo.com,A,261,23,PIMPINAN DAERAH MUHAMMADIYAH (PDM) KAB. DELI SERDANG,KAB. DELI SERDANG,KEC. SUNGGAL,JL. SEI MENCIRIM GG. SEMPURNA DUSUN I
10205512,SDS BHAYANGKARI RANTAUPRAPAT,,sdsbhayangkari@yahoo.co.id,A,84,9,YAYASAN KEMALA BHAYANGKARI,KAB. LABUHANBATU,KEC. RANTAU UTARA,JL. T. CIK DITIRO
10220819,SD SWASTA ISLAM HARAPAN BANGSA,082162764895,sdsharapanbangsa01@gmail.com,B,342,16,YAYASAN PERGURUAN ISLAM HARAPAN BANGSA MEDAN,KOTA MEDAN,KEC. MEDAN MARELAN,JL. MARELAN IX GG. MELATI NO. 325 MEDAN
10258291,SD SWASTA LENTERA HARAPAN,081370935587,sdlh.gusit@gmail.com,A,223,11,YAYASAN PENDIDIKAN PELITA HARAPAN TANGERANG,KOTA GUNUNGSITOLI,KEC. GUNUNGSITOLI UTARA,"JLN. ARAH AWAAI KM 12,5"
10212082,SD SUWARDI SALIM,081375071671,suwardisalim859@gmail.com,B,96,11,DR (HC) SUWARDI SALIM,KOTA TANJUNG BALAI,KEC. DATUK BANDAR,JL. SINGOSARI GG.LAMTORO  1
10257929,SD SWASTA ABDI SUKMA,081370724457,sdabdisukma@gmail.com,B,117,15,YAYASAN ABDI SUKMA,KOTA MEDAN,KEC. MEDAN JOHOR,JL.STM NO 42 MEDAN
10260803,SD SWASTA AL IKHLAS KONGGO,081269620787,sdalikhlaskonggo2020@gmail.com,A,592,23,YAYASAN PENDIDIKAN SDIT AL IKHLAS KONGGO,KAB. DELI SERDANG,KEC. SUNGGAL,JL. BINJAI KM. 13.1 GG. HORAS DUSUN XII KONGGO
10205568,SD SWASTA BUDDHIS JAYANTI,0624325828,sd.buddhisjayanti@gmail.com,A,296,21,YAYASAN BUDDHA JAYANTI LABUHANBATU,KAB. LABUHANBATU,KEC. RANTAU UTARA,JL. JEND. GATOT SUBROTO NO.12 - 14 RANTAUPRAPAT
10259148,SD SWASTA AN-NAJWA,081260460154,najwabersinar@yahoo.co.id,C,114,17,YAYASAN AN-NAJWA,KOTA MEDAN,KEC. MEDAN MARELAN,JL. DATUK RUBIAH LK. 29 GG. MUSHOLLA
10220202,SDTRIANA,085275410012,sdtrianaswasta@yahoo.co.id,B,375,16,YAYASAN PENDIDIKAN TRIANA,KAB. DELI SERDANG,KEC. PERCUT SEI TUAN,JL MAKMUR GG TAKWA DUSUN VI
10203532,SD SWASTA ST. YOSEF SIDIKALANG,062721327,sd_st.yosef_sdk@yahoo.co.id,A,999,43,YAYASAN SERI AMAL MEDAN,KAB. DAIRI,KEC. SIDIKALANG,JL. MERGA SILIMA NO. 18
10211874,SD SWASTA HKI NO I,085359397212,sekolahhki1@gmail.com,C,45,9,SD SWASTA HKI NO 1,KOTA PEMATANGSIANTAR,KEC. SIANTAR MARIHAT,JL.MANGGA GG.RAMBUTAN
69799886,SDIT ASHABUL KAHFI,081376790422,sditashabulkahfituntungan@gmail.com,C,299,14,ASHABUL KAHFI,KAB. DELI SERDANG,KEC. PANCUR BATU,JL. PERSATUAN NO. 68
70056676,SD SWASTA ASHABUL MUHAJIRIN,08116262926,,,65,10,YAYASAN ASHABUL MUHAJIRIN,KOTA MEDAN,KEC. MEDAN SUNGGAL,JL. PERJUANGAN NO. 45
10211620,SD SWASTA BERSUDSIDI METHODIST 1,081361843193,melisakristina15@gmail.com,B,66,11,YP-GMI.1,KOTA TEBING TINGGI,KEC. TEBING TINGGI KOTA,JALAN GEREJA NO. 11
69969265,SD SWASTA PARAJA MUDA SCHOOL,081265565606,sdprajamudaschool@gmail.com,C,43,9,YAYASAN PENDIDIKAN BAITURRAHMAN BASILAM BL,KAB. LANGKAT,KEC. WAMPU,JLN.BATU DELAPAN LINGKUNGAN II
10210361,SDS AL WASHLIYAH 2/35,082166581043,sdsalwashliyah2belawan@gmail.com,B,199,8,PERKUMPULAN AL JAMI'ATUL WASHLIYAH,KOTA MEDAN,KEC. MEDAN KOTA BELAWAN,JL. STASIUN LR. PERSAUDARAAN
70013647,SD IT AL-QOLAM,,,,69,7,YAYASAN PENDIDIKAN AL-HISYAM SECANGGANG,KAB. LANGKAT,KEC. SECANGGANG,DUSUN VI GUDANG ATAS
10220721,SD SWASTA SANTO THOMAS 2,0618442986,sdsthomas_2@yahoo.com,A,439,30,YAYASAN PERGURUAN KATOLIK DON BOSCO KEUSKUPAN AGUNG MEDAN,KOTA MEDAN,KEC. MEDAN HELVETIA,JLN JEND GATOT SUBROTO GANG HARAPAN NO 6
10220205,SD SWASTA WESLEY,081376787314,she.moet82@yahoo.com,B,96,12,YAYASAN MEMBANGUN INDONESIA,KAB. DELI SERDANG,KEC. PATUMBAK,JL SM RAJA KM 10 / JL. PERHUBUNGAN
10220809,SD SWASTA  AL WASHLIYAH 25,081361003061,sdswastaalwashliyah25@gmail.com,B,225,18,PERKUMPULAN AL JAMI'ATUL WASHLIYAH,KOTA MEDAN,KEC. MEDAN MARELAN,JL. MARELAN VI NO.2
10211834,SD SWASTA MUHAMMADIYAH 01,,msd.swasta@yahoo.com,A,393,31,PIMPINAN DAERAH MUHAMMADIYAH (PDM) KOTA PEMATANGSIANTAR,KOTA PEMATANGSIANTAR,KEC. SIANTAR BARAT,JL. MERDEKA NO. 271 PEMATANG SIANTAR
10211822,SD YAYASAN PERGURUAN KELUARGA,0622431843,ypksiantar@yahoo.co.id,A,663,33,SD YAYASAN PERGURUAN KELUARGA,KOTA PEMATANGSIANTAR,KEC. SIANTAR BARAT,JL.JAWA NO.31
69733883,SD SWASTA MELBOURNE,081370191980,re_mora@yahoo.com,C,104,11,YAYASAN PENDIDIKAN NASIONAL SD MELBOURNE,KAB. DELI SERDANG,KEC. SUNGGAL,"JL. BINJAI KM 10,5 NO. 25 DUSUN IV"
10206616,SD SWASTA SANTA MELANIA,081321966,sdsantamelaniasarudik@yahoo.com,A,406,23,YAYASAN SANTA MARIA BERBELASKASIH,KAB. TAPANULI TENGAH,KEC. SARUDIK,JL. PADANG SIDEMPUAN NO. 15 KM 4 SARUDIK
10211882,SD BUDDHIST MANJUSRI,,sd_manjusri@yahoo.co.id,B,102,10,PERGURUAN SWASTA BUDDHIST MANJUSRI,KOTA PEMATANGSIANTAR,KEC. SIANTAR SELATAN,JLN. GUNUNG SIPISO-PISO
69990255,SD PINEAPPLE PREMIER SCHOOL,08116548855,pineapplehrd@gmail.com,B,79,16,YAYASAN PENDIDIKAN GLOBAL  HARAPAN,KOTA MEDAN,KEC. MEDAN HELVETIA,JL T AMIR HAMZAH NO F86
10261995,SD SWASTA ALWASLIYAH MANCUK,085361488532,sdsalwasliyahmancuk@gmail.com,C,124,8,PERGURUAN AL-WASHLIYAH,KAB. SIMALUNGUN,KEC. HUTABAYU RAJA,HUTA MANCUK
10210619,SD SWASTA HANG KESTURI,0617369484,sdshangkesturi@yahoo.com,A,53,14,YAYASAN PERGURUAN HANG KESTURI,KOTA MEDAN,KEC. MEDAN KOTA,SUTOMO NO.144 A
69992640,SD SWASTA ISLAM TERPADU JABAL NUR,06212612383,yayasansditjabalnur@gmail.com,B,197,16,JABAL NUR,KOTA TEBING TINGGI,KEC. PADANG HILIR,JL. SYECH BERINGIN
70060312,SD SWASTA IT JASMINE ISLAMIC,,,,38,6,YAYASAN PENDIDIKAN JASMINE ISLAMIC,KOTA MEDAN,KEC. MEDAN DELI,JL PLATINA VII C NO 1
69949176,SDS KUSUMA ZAITUN,085276225599,kusuma.zaitun@gmail.com,B,115,9,YAYASAN GENERASI BINTANG TERANG,KOTA MEDAN,KEC. MEDAN KOTA BELAWAN,JALAN PULAU HALMAHERA LINGK X
70060092,SD IT AL AZIZ,,,,5,5,YAYASAN PENDIDIKAN AL AZIZ GEBANG,KAB. LANGKAT,KEC. GEBANG,DUSUN III TENGAH DESA DOGANG
70055199,SD SWASTA ISLAM AL MADINNAH,,,,70,7,YAYASAN PENDIDIKAN AL MADINNAH DELI SERDANG,KAB. DELI SERDANG,KEC. BATANG KUIS,JALAN BATANG KUIS GANG KARYA I
10204392,SD SWASTA ADVENT SIMODONG,,sdsadventsimodong@gmail.com,B,54,6,YAYASAN PENDIDIKAN GEREJA MASEHI ADVENT HARI KETUJUH SUMATERA UTARA,KAB. SIMALUNGUN,KEC. BANDAR HULUAN,SIMODONG
69991553,SD SWASTA IT RAUDHATUL ILMI,,sdislamraudhatulilmi@gmail.com,C,321,8,YAYASAN PENDIDIKAN RAUDHATUL ILMI NOGO REJO,KAB. DELI SERDANG,KEC. GALANG,JL. DUSUN II DESA NOGO REJO
10220638,SD PESANTREN AL WASLIYAH FIRDAUS SEI RAMPAH,085297229483,sd.pesantren_alwashliyah@yahoo.co.id,B,160,9,AL_WASHLIYAH,KAB. SERDANG BEDAGAI,KEC. SEI RAMPAH,JL.NEGARA KM 56 NO.77 FIRDAUS SEI RAMPAH
69944644,SD SWASTA IT PUTRI ALIIFAH,06142067005,sditputrialiifah@gmail.com,B,98,12,YAYASAN PUTRI ALIIFAH,KOTA MEDAN,KEC. MEDAN MARELAN,JL. MARELAN VI PASAR 2 TIMUR GG AMAL
10213599,SD SWASTA CITRA KASIH,08126339490,sdswastacitrakasih.co.id@gmail.com,B,143,8,CITRA KASIH,KAB. DELI SERDANG,KEC. TANJUNG MORAWA,JL KARET DUSUN I DESA MEDAN SENEMBAH TANJUNG MORAWA
10203029,SD SWASTA HKBP BATU IV,082281905135,sdhkbpbatuiv@yahoo.com,B,79,8,YP. HKBP BATU 4,KAB. SIMALUNGUN,KEC. SIANTAR,JLN ASAHAN BATU IV
10217784,SD SWASTA HARAPAN,,susi3699@gmail.com,C,120,8,YAYASAN PENDIDIKAN HARAPAN DENAI SARANG BURUNG,KAB. DELI SERDANG,KEC. PANTAI LABU,JL. HARAPAN
10220765,SDS NO. 100620 MUHAMMADIYAH SORIK,085276718828,sopyanyakupharahap@gmail.com,B,76,9,PIMPINAN DAERAH MUHAMMADIYAH (PDM) KAB. TAPANULI SELATAN,KAB. TAPANULI SELATAN,KEC. BATANG ANGKOLA,SORIK
69935762,SD ISLAM TERPADU DARUL HASAN,082259308851,darulhasansdit@gmail.com,B,487,44,DARUL HASAN KOTA PADANGSIDIMPUAN,KOTA PADANG SIDEMPUAN,KEC. HUTAIMBARU,JALAN OMPU HUTA TUNJUL
10208213,SD 017 MUHAMMADIYAH SIMANGAMBAT,085359203516,sd017muhammadiyah@gmail.com,C,184,13,PIMPINAN DAERAH MUHAMMADIYAH (PDM) KAB. MANDAILING NATAL,KAB. MANDAILING NATAL,KEC. SIABU,SIMANGAMBAT
10220613,SDS NO. 101119 MUHAMMADIYAH SIHABORGOAN,081251813623,sdmhdsihaborgoan@gmail.com,C,42,7,PIMPINAN DAERAH MUHAMMADIYAH (PDM) KAB. TAPANULI SELATAN,KAB. TAPANULI SELATAN,KEC. SAYUR MATINGGI,SIHABORGOAN
10260240,SDS TANI JAYA,,,TIDAK TERAKREDITASI,,0,YAYASAN PERGURUAN TANI JAYA,KAB. LABUHANBATU,KEC. PANAI HILIR,SEI TIMAH
69911243,SD IT TAHFIZHIL QURAN,06180088257,yayasanislamiccentresu@gmail.com,A,489,29,YAYASAN ISLAMIC CENTER,KAB. DELI SERDANG,KEC. PERCUT SEI TUAN,JL. WILLEAM ISKANDAR-PANCING / JL. RUMAH SAKIT HAJI MEDAN
10217785,SD SWASTA HARAPAN PAYA BAKUNG,,harapan15bakung@gmail.com,B,451,23,YAYASAN PERGURUAN HARAPAN ANUGRAH  PAYA BAKUNG,KAB. DELI SERDANG,KEC. HAMPARAN PERAK,JL PENDIDIKAN NO.2
10210650,SDS PAHLAWAN NASIONAL,06180084578,sdspahlawannasional@gmail.com,A,210,12,YAYASAN PERGURUAN PAHLAWAN NASIONAL,KOTA MEDAN,KEC. MEDAN TEMBUNG,JL.DURUNG NO 205 MEDAN
69939293,SD SWASTA IT KUALA LAMA,085361753799,herispdi@yahoo.com,C,149,10,ALHIDAYATUL IKHLASIAH KUALA LAMA,KAB. SERDANG BEDAGAI,KEC. PANTAI CERMIN,DUSUN II KUALA LAMA
69787465,SD SWASTA AL WASHLIYAH BAHAL BATU,081375161612,suhandra_a@yahoo.com,C,93,6,AL-WASHLIYAH,KAB. SIMALUNGUN,KEC. HUTABAYU RAJA,BAHAL BATU
10259443,SD SWASTA KATOLIK BUDI MURNI 1,0614156379,sdbudimurni.imedan@yahoo.com,A,158,16,YAYASAN PERGURUAN KATOLIK DON BOSCO KEUSKUPAN AGUNG MEDAN,KOTA MEDAN,KEC. MEDAN TIMUR,JL.TIMOR  NO.34 MEDAN
10257845,SD SWASTA BAHAGIA,06177150720,sdsbahagiamedan@gmail.com,B,691,28,YAYASAN PENDIDIKAN PERGURUAN BAHAGIA,KOTA MEDAN,KEC. MEDAN DELI,JL. MANGAAN I NO.92
70044804,SD IT MAUIDZOTUL HASANATUL QURO,,,,31,7,YAYASAN MAUIDZOTUL HASANATUL QURO,KAB. SERDANG BEDAGAI,KEC. SEI RAMPAH,DUSUN VI RAMPAH KIRI
10209472,SD SWASTA HKBP BERSUBSIDI SEI BELUTU,,hkbpseibelutusd@gmail.com,B,102,9,SD HKBP SEI BELUTU,KAB. SERDANG BEDAGAI,KEC. SEI BAMBAN,DESA SEI BELUTU
70061961,SD SWASTA GERAR SHINE INDONESIA,,,,,0,,KAB. KARO,KEC. KABANJAHE,"JL. JAMIN GINTING, KOMPLEK MERGA SILIMA, LORONG III"
10210344,SDS AL WASHLIYAH 2 P UNIVA,06142776211,sdaw2punivamedan@gmail.com,A,306,19,PERKUMPULAN AL JAMI'ATUL WASHLIYAH,KOTA MEDAN,KEC. MEDAN AMPLAS,"JL.SM RAJA KM 5,5"
10257606,SDS TOBY BETLEHEM,087867088202,sdtobybetlehem2020@gmail.com,B,187,20,YAYASAN KEMAJUAN BANGSA,KOTA MEDAN,KEC. MEDAN AMPLAS,JL. PERTAHANAN NO. 174
10210677,SDS MUHAMMADIYAH 05,082142216934,muhammadiyahsd81@gmail.com,B,14,5,PIMPINAN DAERAH MUHAMMADIYAH (PDM) KOTA MEDAN,KOTA MEDAN,KEC. MEDAN BARU,JL.DARUSSALAM NO 65 MEDAN
10257904,SDS ATTAUFIQ,6635949,sdsattaufiq@gmail.com,B,237,15,YAYASAN PENDIDIKAN ATTAUFIQ,KOTA MEDAN,KEC. MEDAN TEMBUNG,JL. WILLIEM ISKANDAR NO 126 MEDAN
10259058,SD SWASTA STMK GUNUNGSITOLI,,sdsstmkgunungsitoli@gmail.com,B,17,11,YAYASAN PERGURUAN  STMK GUNUNGSITOLI,KOTA GUNUNGSITOLI,KEC. GUNUNGSITOLI,JL. KELAPA NO. 105
70039688,SD ISLAM TERPADU SITI KHADIJAH,082165751776,sditsitikhadijah20@gmail.com,A,117,12,YAYASAN TAMAN HARAPAN BUNDA,KAB. DELI SERDANG,KEC. TANJUNG MORAWA,JL. TANJUNG MORAWA KM 12 GG. RASMI KOMPLEK KOSERNA BLOK B NO. 10
10203609,SD SW. ADVENT PARSAORAN,081374517945,sdadventparsaoran777@gmail.com,B,91,7,YAYASAN PENDIDIKAN GEREJA MASEHI ADVENT HARI KETUJUH SUMATERA UTARA,KAB. DAIRI,KEC. PARBULUAN,BATU GANDA
10210673,SDS NASRANI HKBP BELAWAN,081263807829,sdnasranihkbp.belawan@yahoo.com,B,70,8,YAYASAN PERGURUAN NASRANI HKBP BELAWAN II,KOTA MEDAN,KEC. MEDAN KOTA BELAWAN,LORONG PERSAUDARAAN
10262254,SDS HIDUP BARU,081262871528,genesis_primary@yahoo.com,A,70,7,YAYASAN HIDUP BARU,KOTA MEDAN,KEC. MEDAN DENAI,JL. MENTENG II NO. 8
10257677,SD S 117 ISLAM TERPADU ADNANI,081264434348,sd117adnani@gmail.com,A,618,41,YAYASAN PENDIDIKAN ISLAM ADNANI,KAB. MANDAILING NATAL,KEC. PANYABUNGAN,JL. BAKTI ABRI N0. 81 PANYABUNGAN
10210608,SD SWASTA LETJEN S. PARMAN,4555279,sdletjensparman88@gmail.com,A,59,13,YAYASAN PERGURUAN LETJEN S.PARMAN,KOTA MEDAN,KEC. MEDAN AREA,JL.WAHIDIN NO. 170
10213595,SD BUDI SETIA,085262628039,sdsbudisetia@gmail.com,B,174,12,YAYASAN PENDIDIKAN BUDI SETIA SUNGGAL,KAB. DELI SERDANG,KEC. SUNGGAL,JALAN PENDIDIKAN
69961031,SD SWASTA ISLAM TERPADU BINTANG,082238443906,sdit.bintang.beringin@gmail.com,C,144,9,YAYASAN BINTANG SRISUNARWAN,KAB. DELI SERDANG,KEC. BERINGIN,JL. LESTARI I GG. PENDIDIKAN
70037915,SD KASIH TULUS,,,B,134,15,YAYASAN KASIH TULUS,KAB. DELI SERDANG,KEC. PANCUR BATU,JL. H.M PUNA SEMBIRING DUSUN II KEL. TANJUNG ANOM
70054972,SD SWASTA BILINGUAL DARLINGTON,085270000256,bilingualdarlington1@gmail.com,B,20,1,YAYASAN PENDIDIKAN BILINGUAL DARLINGTON,KAB. DELI SERDANG,KEC. HAMPARAN PERAK,DUSUN V ABDUL KADIR
10220418,SD SWASTA BETESDA KABANJAHE,062820586,sdbetesda44@gmail.com,B,345,23,YAYASAN PERGURUAN PANTEKOSTA,KAB. KARO,KEC. KABANJAHE,JL KATEPUL NO. 44
69957023,SD ISLAM TERPADU AZZURIAH,081361218556,juriah71@yahoo.co.id,C,70,8,YAYASAN PERGURUAN PENDIDIKAN AZZURIAH,KAB. DELI SERDANG,KEC. LUBUK PAKAM,JL. MESJID II GG. INPRES
69758989,SD SWASTA ZEFANYA AIR PUTIH,0622646287,zefanya_school@yahoo.com,C,178,12,YAYASAN PENDIDIKAN ZEFANYA,KAB. BATU BARA,KEC. AIR PUTIH,LINGKUNGAN III
70010563,SD IT TUNAS BARU,,,C,120,6,YAYASAN PENDIDIKAN TUNAS BARU SEI LEPAN,KAB. LANGKAT,KEC. SEI LEPAN,DUSUN V AMAN DAMAI
10257602,SDISLAM ATH THOHIRIYAH,082276988358,tiomsimanurung2020@gmail.com,C,139,11,SHAFA MARWA,KOTA TANJUNG BALAI,KEC. DATUK BANDAR,"JL. JEND. SUDIRMAN KM 5,5"
10211879,SD.SW.GKPS-1 RAMBUNG MERAH PEMATANG SIANTAR,081260291512,sdswgkps1rambungmerah@yahoo.com,C,160,11,YAYASAN PENDIDIKAN GKPS,KOTA PEMATANGSIANTAR,KEC. SIANTAR TIMUR,JL. H. ULAKMA SINAGA
70039076,SD PLUS AZ ZAHRA,,,,71,7,YAYASAN CIPTA KELUARGA INSANI,KAB. BATU BARA,KEC. SEI SUKA,DUSUN X
10260114,SD GLORIA INDONESIA,0618828955,,A,216,5,YAYASAN GLORIA INDONESIA,KAB. DELI SERDANG,KEC. HAMPARAN PERAK,JALAN T. AMIR HAMZAH
10210694,SD SWASTA MULIA,0618217095,sds_mulia@gmail.com,A,167,10,YAYASAN PENDIDIKAN MULIA,KOTA MEDAN,KEC. MEDAN SELAYANG,JL.KENANGA SARI NO 33
10259114,SDS METHODIST 12,0617879781,sds.methodist12@yahoo.com,A,284,14,YAYASAN DAUN PALEM INDONESIA,KOTA MEDAN,KEC. MEDAN AMPLAS,JL. PANCA N0. 28 MARINDAL
10215210,SD SWASTA RIAMA SUKAMANDI HILIR,082368014259,sdriama.swasta@gmail.com,B,41,7,YAYASAN PENDIDIKAN RIAMA,KAB. DELI SERDANG,KEC. PAGAR MARBAU,SUKA MANDI HILIR
69929011,SD IT AL AZHAR RANTAUPRAPAT,06242600084,sdit.alazhar15@gmail.com,A,373,25,YAYASAN AL AZHAR RANTAUPRAPAT,KAB. LABUHANBATU,KEC. RANTAU UTARA,JL. PELITA I NOMOR 21 RANTAUPRAPAT
69962317,SD ISLAM ELIANTI,085707630764,sdislamelianti01@gmail.com,A,134,16,YAYASAN ELIANTI SEJAHTERA,KAB. BATU BARA,KEC. LIMA PULUH,JL. PENDIDIKAN NO 06
10257863,SDMUHAMMADIYAH SEI CABANG,085371120111,sdsmuhammadiyahseicabang@gmail.com,B,164,10,PIMPINAN DAERAH MUHAMMADIYAH (PDM) KAB. LANGKAT,KAB. LANGKAT,KEC. SECANGGANG,SEI CABANG
70014073,SD SWASTA RAHVA,,sdrahva@gmail.com,B,52,3,KB PAUD RAHVA,KAB. DELI SERDANG,KEC. PATUMBAK,JL. ROSO NO.2 PUTRA BELAKANG MESJID MUSLIM NIAS
69773549,SDS IT IMAM MUSLIM,085373659260,sditimammuslim2010@gmail.com,C,100,14,AL 'URWATUL WUTSQA SERDANG BEDAGAI,KAB. SERDANG BEDAGAI,KEC. SEI RAMPAH,DUSUN II CEMPEDAK LOBANG
10203030,SD SWASTA HIKMAH PEMATANG BANDAR,081370769980,sdshikmah@gmail.com,C,122,10,HIKMAH,KAB. SIMALUNGUN,KEC. PEMATANG BANDAR,PEMATANG BANDAR
10202079,SD SWASTA ADVENT SUMBUL,,tksdadv@gmail.com,B,78,13,YAYASAN PENDIDIKAN GEREJA MASEHI ADVENT HARI KETUJUH SUMBUL,KAB. KARO,KEC. KABANJAHE,JL. JAMIN GINTING NO. 7A
10204791,SD TAMAN SISWA RAWANG,,sd_tamansiswarawang@yahoo.co.id,C,70,10,PERSATUAN PERGURUAN TAMANSISWA CABANG KAMPUNG RAWANG,KAB. ASAHAN,KEC. RAWANG PANCA ARGA,RAWANG PASAR IV DSN I NO. 1
69774645,SDS CAHAYA BUNDA,082165176964,sdcahayabunda@yahoo.com,B,163,9,YAYASAN PENDIDIKAN CAHAYA BUNDA,KAB. SERDANG BEDAGAI,KEC. SEI RAMPAH,JALAN SUDIRMAN KOMPLEK RUKO RAMPAH INDAH NO.15-16 SEI RAMPAH
10220380,SD AL FITYAH,08887262828,sditalfityah17@gmail.com,A,420,33,SIT AL-FITYAH BINJAI,KOTA BINJAI,KEC. BINJAI BARAT,JL. LET. UMAR BAKI LK. IV
10210524,SDS TAMAN SISWA BELAWAN,,sdstamansiswamedanbelawan@gmail.com,C,122,9,YAYASAN PERSATUAN TAMAMANSISWA,KOTA MEDAN,KEC. MEDAN KOTA BELAWAN,JL. KAKAP NO. 1 BELAWAN BAHAGIA
69980055,SDIT SWASTA BAITUL IZZAH,082369163390,sditbaitulizzah62@gmail.com,C,213,14,YAYASAN BAITUL IZZAH BINJAI,KOTA BINJAI,KEC. BINJAI BARAT,JL. GATOT SUBROTO (KOMPLEK MASJID ATTANWIR)
10217663,SD AL WASHLIYAH PERCUT,,sdalwashliyahpercut21@gmail.com,B,130,10,AL-JAMIATUL WASHLIYAH,KAB. DELI SERDANG,KEC. PERCUT SEI TUAN,JL SIMPANG TIGA NO 330 PERCUT
69945591,SD SWASTA SILINDA,082173370787,sdswastasilinda015@gmail.com,C,134,9,YAYASAN PERGURUAN SILINDA,KAB. SERDANG BEDAGAI,KEC. SILINDA,JALAN BESAR GUNUNG MERIAH
10210651,SDS PADAMU NEGERI,0617862206,sdpadamunegeri@yahoo.com,B,44,8,GAJAH MADA,KOTA MEDAN,KEC. MEDAN DENAI,JL.MENTENG VII NO.125
10257649,SD SWASTA MARDLIATUL ISLAMIYAH 2,0617367272,sdsmardliatulislamiyah2@gmail.com,B,110,15,PERGURUAN ALI IMRON,KOTA MEDAN,KEC. MEDAN TEMBUNG,JL. BERSAMA NO 19/21 LK. IX BANDAR SELAMAT
10210508,SD SWASTA ST. ANTONIUS V MEDAN,082164914114,sdantoniusvmedan@yahoo.com,A,710,36,YAYASAN PERGURUAN KATOLIK DON BOSCO KEUSKUPAN AGUNG MEDAN,KOTA MEDAN,KEC. MEDAN KOTA,JL. MUHAMMAD JONI NO.52A MEDAN
70002223,SD TERPADU MUHAMMADIYAH STABAT,,sdtmuhstabat@gmail.com,B,181,15,PIMPINAN DAERAH MUHAMMADIYAH (PDM) KAB. LANGKAT,KAB. LANGKAT,KEC. STABAT,JL.SEI MATI LINGK.III
10210594,SDS KARTINI,,sekolahkartini@gmail.com,B,55,15,YAYASAN PERGURUAN KARTINI MEDAN,KOTA MEDAN,KEC. MEDAN AREA,JL.AMALIUN NO.157
70040394,SD IT AL FATH,085261338729,sditalfathselesai@gmail.com,,125,13,YAYASAN ISLAM HAJI TEGUH SELESAI,KAB. LANGKAT,KEC. SELESAI,JL.KARTINI NO.7 LINK V PASAR RODI
10210255,SDS ADVENT TIMBANG DELI,085261585830,sdsadvent5@gmail.com,B,151,8,YAYASAN PENDIDIKAN GEREJA MASEHI ADVENT HARI KETUJUH SUMATERA UTARA,KOTA MEDAN,KEC. MEDAN AMPLAS,JL.S.M RAJA KM. 10 JL. DAME NO. 11 A MEDAN
10210598,SDS KAISAREA,081370481174,kaisarea2017@gmail.com,C,,4,SD KAISAREA,KOTA MEDAN,KEC. MEDAN TUNTUNGAN,JL. TALI AIR NO.2A
10257939,SDS BUDI MULIA,,budmulia@yahoo.com,A,397,16,,KOTA MEDAN,KEC. MEDAN DELI,JL. KAWAT 7 TANJUNG MULIA HILIR
10257512,SD PT. GRAHA DURA,082274853274,sdsgrahadura@gmail.com,C,125,6,YAYASAN SEKOLAH DASAR SWASTA GRAHADURA LEIDONG PRIMA,KAB. LABUHANBATU UTARA,KEC. KUALUH HULU,PT GRAHADURA
10211605,SD SWASTA OSTROM METHODIST,062121402,sd.ostrommethodist@gmail.com,A,226,15,YAYASAN PERGURUAN KRISTEN OSTROM METHODIST,KOTA TEBING TINGGI,KEC. TEBING TINGGI KOTA,JALAN GEREJA NO.7
69972906,SDS NO. 101246 ISLAM TERPADU NURUL FIKRI,06344345211,nurulfikri.sdit@gmail.com,B,237,13,LEMBAGA PENDIDIKAN NURUL FIKRI,KAB. TAPANULI SELATAN,KEC. SIPIROK,DESA PARANPADANG
69990129,SD SWASTA ISLAM TERPADU GHAFA,085298656915,yaspendghafa111@gmail.com,B,221,10,YAYASAN PENDIDIKAN GHAFA MEDAN,KOTA MEDAN,KEC. MEDAN DELI,JL SUASA TENGAH PSR IV GG. ABDI GUNA  NO.104 A
69954198,SDIT QURROTA AYUN AL-MASRI,,sditqurrotaayunalmasri219@gmail.com,A,322,21,QURROTA 'AYUN AL MASRI,KOTA BINJAI,KEC. BINJAI SELATAN,JL. SAMANHUDI NO. 219
10202095,SD SWASTA MASEHI BERASTAGI,,sdswastamasehiberastagi@yahoo.co.id,A,496,22,YPK GBKP MASEHI CABANG BERASTAGI,KAB. KARO,KEC. BERASTAGI,JL MERDEKA NO 119 BERASTAGI
10209474,SD GKPS SIUDAN-UDAN,,sdsgkps@yahoo.co.id,B,81,7,YAYASAN PENDIDIKAN GKPS,KAB. SERDANG BEDAGAI,KEC. KOTARIH,SIUDAN UDAN
70012057,SD SWASTA ROKITA SARI I,,,,26,9,YAYASAN PERGURUAN ROKITA SARI,KAB. DELI SERDANG,KEC. BANGUN PURBA,JL. PERLUASAN NO. 8
10257949,SD SWASTA RAHAYU JASA MAKMUR,085275437500,sdsrahayu@gmail.com,B,126,11,YAYASAN RAHAYU JASA MAKMUR,KAB. LANGKAT,KEC. SEI LEPAN,TAKARI MAKMUR
10210626,SDS GAJAH MADA,085261121540,sdswastagajahmada@yahoo.co.id,A,108,13,,KOTA MEDAN,KEC. MEDAN SELAYANG,JL. BUNGA KENANGA NO. 2 PD. BULAN
10259339,SDS AL FALAH,081361285251,alfalah_sd@yahoo.com,B,59,6,YAYASAN PERGURUAN AL FALAH,KOTA MEDAN,KEC. MEDAN BARAT,JL. KARYA DAMAI NO. 46
10210669,SDS ISLAM TELADAN,,sdsislamteladan@yahoo.com,B,91,10,PERGURUAN ISLAN TELADAN,KOTA MEDAN,KEC. MEDAN DENAI,JL. RAYA MENTENG
10202706,SD GKPS BAH SULUNG,,sdgkps@gmail.com,B,14,10,YAYASAN PENDIDIKAN GKPS,KAB. SIMALUNGUN,KEC. TAPIAN DOLOK,BAH SULUNG
69961829,SD SWASTA AZ-ZAHRA ISLAMIC PLUS INDONESIA,085373389940,zebuatani@gmail.com,C,171,10,AZZAHRA ISLAMIC PLUS INDONESIA,KAB. SIMALUNGUN,KEC. GUNUNG MALIGAS,JL. HANDAYANI HUTA I
10259780,SD SWASTA ALJAMIATUL WASHLIYAH MARIHAT BANDAR,085372618432,sdalwashliyahmarihatbandar@gmail.com,A,153,8,PERGURUAN AL JAMIATUL WASHLIYAH MARIHAT BANDAR,KAB. SIMALUNGUN,KEC. BANDAR,DEPAN PAJAK SIMPANG DOLOK SINUMBAH
10262129,SDIT ULUL ALBAB,085361277205,sditululalbab88@gmail.com,C,54,8,ULUL ALBAB JUARA,KAB. SERDANG BEDAGAI,KEC. PERBAUNGAN,JLN. MEDAN - TEBING TINGGI DUSUN I DESA BENGKEL
10213658,SD PAB 8 SAENTIS,081260503623,pab8saentis@gmail.com,B,56,8,PERKUMPULAN AMAL BAKTI  SUMATERA UTARA,KAB. DELI SERDANG,KEC. PERCUT SEI TUAN,JL KALI SERAYU DSN XVI SAENTIS
69980299,SD SWASTA ST.YOSEF,081333701516,sdstyosef@yahoo.com,A,172,12,YAYASAN SERI AMAL MEDAN,KAB. LANGKAT,KEC. BESITANG,JL.LINTAS BESITANG-B.ACEH
10261323,SD BALERINA,082366075465,sdplusbalerina@yahoo.com,B,30,6,LEMBAGA PENDIDIKAN & PELATIHAN HERMAN,KAB. DELI SERDANG,KEC. HAMPARAN PERAK,HAMPARAN PERAK
10205523,SD SWASTA SRIPINANG,085275951270,sdssripinang@gmail.com,B,87,11,SD SWASTA SRIPINANG,KAB. LABUHANBATU SELATAN,KEC. KAMPUNG RAKYAT,AFD. SRIPINANG
10213624,SD SWASTA MASEHI RAMPAH,082166174237,,B,55,9,YPK MASEHI RAMPAH,KAB. DELI SERDANG,KEC. NAMO RAMBE,RAMPAH
10210670,SDS BUDDHIS BODHICITTA,0617367120,sds.buddhis.bodhicitta@gmail.com,A,624,36,YAYASAN PENDIDIKAN BUDDHIS BODHICITTA,KOTA MEDAN,KEC. MEDAN DENAI,JL.SELAM NO.39-41 MEDAN
69888336,SD SWASTA SHINTA JAYA,081265843871,ypshintajaya@gmail.com,C,48,10,YAYASAN SHINTA JAYA,KAB. LABUHANBATU UTARA,KEC. KUALUH HILIR,SEI PINANG
10259618,SD SWASTA IT MUTIARA IBU,081396221860,sd.mutiaraibu@gmail.com,B,456,25,YPIT MUTIARA IBU,KOTA TEBING TINGGI,KEC. BAJENIS,JL. LETDA SUJONO
10257936,SD SWASTA METHODIST 5,6616635,sd.methodist5@gmail.com,A,543,27,PENDIDIKAN GMI JEMAAT GLORIA,KOTA MEDAN,KEC. MEDAN BARAT,JL. KARYA RAKYAT NO. 67
10210360,SDS AL WASHLIYAH 3/32,085296929417,sdalwashliyahtiga@yahoo.co.id,B,162,8,PERKUMPULAN AL JAMI'ATUL WASHLIYAH,KOTA MEDAN,KEC. MEDAN KOTA BELAWAN,JL. TM.PAHLAWAN GD.ARANG
10259987,SD MUHAMMADIYAH 03,,sdmuhammadiyah330@rocketmail.com,C,132,12,PIMPINAN DAERAH MUHAMMADIYAH (PDM) KOTA PEMATANGSIANTAR,KOTA PEMATANGSIANTAR,KEC. SIANTAR UTARA,JLN. PERAK NO. 2
10259411,SD SWASTA AL- WASHLIYAH KM. 6,,sdalwashliyahkm6@gmail.com,B,116,6,PERKUMPULAN AL JAMI'ATUL WASHLIYAH,KOTA MEDAN,KEC. MEDAN DELI,JLN. K. L. YOS SUDARSO KM.6 TG. MULIA
10258029,SD SWASTA ASUHAN JAYA,0616626084,sdasuhanjaya@yahoo.com,B,152,10,YAYASAN PERGURUAN ASUHAN,KOTA MEDAN,KEC. MEDAN DELI,JL. KAYU PUTIH
10259526,SDS GAJAH MATI,085311672733,sahrial65@yahoo.co.id,C,79,6,YAYASAN PENDIDIKAN AL'ILMU BAGAN BILAH,KAB. LABUHANBATU,KEC. PANAI TENGAH,JL. GAJAH MATI
10259882,SDS HOLISTIC CHILDREN CENTER,081370000630,rosinasitohang@yahoo.co.id,C,10,5,YAYASAN CAHAYA BANGSA,KOTA MEDAN,KEC. MEDAN TUNTUNGAN,JL SETIA BUDI UJUNG GG P & K NO 6
10210315,SD SWASTA PERGURUAN ISLAM AN-NIZAM,,sdi_anninizam@plasa.com,A,456,41,YAYASAN SECH OEMAR BIN SALMIN BAHADJADJ,KOTA MEDAN,KEC. MEDAN DENAI,JL. TUBA II / PERJUANGAN NO. 62 MEDAN
70001424,SD SWASTA ISLAM TERPADU AL FALAH,,sdsitalfalahperbaungan@gmail.com,B,97,9,YAYASAN MUHAMMAD TAUFIQ AMAR,KAB. SERDANG BEDAGAI,KEC. PERBAUNGAN,JLN. KEBUN KELAPA LINGKUNGAN VII
10213664,SD SWASTA PENRAUJAN,085262139635,penraujansd@gmail.com,B,532,25,YAYASAN PENDIDIKAN RAUDHATUL JANNAH,KAB. DELI SERDANG,KEC. SUNGGAL,JL. SETIA AGUNG
70027982,SD IT MUTIARA HATI,085360348415,sditmutiarahati21@gmail.com,,144,13,YAYASAN MUTIARA HATI ILMI,KAB. SERDANG BEDAGAI,KEC. TEBING TINGGI,DUSUN II
10260034,SD SWASTA MENTARI BANGSA,0614577289,sdsmentaribgs@gmail.com,A,396,36,YAYASAN PENDIDIKAN MENTARI BANGSA,KOTA MEDAN,KEC. MEDAN PERJUANGAN,JL. SULANG-SALING NO. 7
69804641,SDIT ZU TSAQIF,085262381340,tsaqifz@yahoo.co.id,C,90,10,PENDIDIKAN ZU TSAQIF,KAB. DELI SERDANG,KEC. PERCUT SEI TUAN,KOMPLEK TAMAN PERMATA BLOK E NO. 80 DUSUN KOLAM
10210682,SDS MUHAMMADIYAH 1,0617321024,sdmuhimedan@yahoo.com,A,478,34,PIMPINAN DAERAH MUHAMMADIYAH (PDM) KOTA MEDAN,KOTA MEDAN,KEC. MEDAN AREA,JL. DEMAK NO. 3
69979149,SD SWASTA ISLAM TERPADU AL-MANAR,08126430744,sditalmanar.mdn@gmail.com,B,447,39,YAYASAN PENDIDIKAN ISLAM AL-MUNAWWARAH,KOTA MEDAN,KEC. MEDAN JOHOR,JL. KARYA BAKTI NO. 34
70046311,SD IT AZKA ALFALAH,082163884346,sditazkaalfalahalfalah@gmail.com,,101,9,YAYASAN KHALIFAH AZKA ALFALAH,KAB. ASAHAN,KEC. AIR JOMAN,DUSUN V
10257988,SDS MUHAMMADIYAH 21,081264195972,srialfitri208@gmail.com,B,142,15,PIMPINAN DAERAH MUHAMMADIYAH (PDM) KOTA MEDAN,KOTA MEDAN,KEC. MEDAN PERJUANGAN,JL MESJID TAUFIK GG MADRASAH NO 5
69727254,SD SWASTA KENANGA,082276255275,kenanga.school@gmail.com,A,101,11,YAYASAN SAHABAT KOTA,KOTA MEDAN,KEC. MEDAN SELAYANG,JL. BUNGA KENANGA NO. 23
10210274,SD SWASTA MASEHI,8364365,sd_swstamasehi@ymail.com,B,17,8,YAYASAN PENDIDIKAN KRISTEN GEREJA BATAK KARO PROTESTAN,KOTA MEDAN,KEC. MEDAN SELAYANG,JL. KAPTEN NGUMBAN SURBAKTI NO. 1
10259809,SD SWASTA ABDI SEJATI,081269632544,sdabdisejati@gmail.com,B,526,21,YAYASAN PENDIDIKAN KATOLIK SANTO YOSEPH MEDAN,KAB. SIMALUNGUN,KEC. BANDAR,JL. JENDERAL SUDIRMAN PERDAGANGAN
10220757,SDS KATOLIK ST IGNATIUS,0618456129,sd.santoignatius@gmail.com,B,74,9,YAYASAN KATOLIK SANTO IGNATIUS CINTA DAMAI - MEDAN,KOTA MEDAN,KEC. MEDAN HELVETIA,"JL. BINJAI KM 8,5 PASAR V. GG. MAKMUR"
70009487,SD SWASTA SURYA DIDIK BANGSA,,,A,72,7,YAYASAN SURYA DIDIK BANGSA,KOTA MEDAN,KEC. MEDAN MAIMUN,"JL SEI SELAPIAN NO. 3-7B, KELURAHAN BABURA"
10212403,SD SWASTA MUHAMMADIYAH 3 PADANGSIDIMPUAN,,sdmuh3psp@gmail.com,B,413,19,PIMPINAN DAERAH MUHAMMADIYAH (PDM) KOTA PADANG SIDIMPUAN,KOTA PADANG SIDEMPUAN,KEC. PADANG SIDIMPUAN UTARA,JL. S. PARMAN GG. SEKOLAH NO. 18 KAMPUNG MARANCAR
10211462,SD SWASTA AHMAD YANI,0618821857,sd_ahmad_yani@yahoo.co.id,A,704,39,YAYASAN PENDIDIKAN AHMAD YANI,KOTA BINJAI,KEC. BINJAI KOTA,JL. ADE IRMA SURYANI NO. 38 A
10257612,SDS MARKUS,0618459950,sd_markus_medan@yahoo.com,B,242,18,YAYASAN PERGURUAN MARKUS,KOTA MEDAN,KEC. MEDAN HELVETIA,JL.KAPTEN MUSLIM NO.226
10213592,SD SWASTA BAYU PERTIWI,082166096471,sdbayupertiwi@gmail.com,B,77,5,YAYASAN PENDIDIKAN BAYU PERTIWI,KAB. DELI SERDANG,KEC. SUNGGAL,JALAN INPRES KM16 MEDAN-BINJAI
70047766,SD IT FIYAUMI,081260244574,sditfiyaumi@gmail.com,,70,7,YAYASAN PENDIDIKAN FIYAUMI AT THOHIR,KAB. DELI SERDANG,KEC. PERCUT SEI TUAN,JALAN SUDIRMAN GANG CINTA
10257943,SDBUKIT MAS,085222764602,sdswastabukitmas@gmail.com,C,18,6,YAYASAN PENDIDIKAN SUMBER REJO,KAB. LANGKAT,KEC. BESITANG,JALAN PANTAI BUAYA BUKIT MAS
10205539,SD ADVENT SEI PINANG,,sungai_barombang@yahoo.com,C,83,6,SD SWASTA ADVENT SEI PINANG,KAB. LABUHANBATU UTARA,KEC. KUALUH HILIR,SEI PINANG
10205530,SD SWASTA MUHAMMADIYAH 7 RANTAUPRAPAT,085373990056,sdswastamuhammadiyah.07@gmail.com,B,68,12,PIMPINAN DAERAH MUHAMMADIYAH (PDM) KAB. LABUHAN BATU,KAB. LABUHANBATU,KEC. RANTAU UTARA,JL. KH. AHMAD DAHLAN NO. 94 RANTAUPRAPAT
10259579,SDS SINGAPURA INDONESIA AKADEMI MEDAN,4564069,singaporeinternationalacademy@yahoo.com,A,47,13,YAY.SINGAPURA INDONESIA AKADEMI,KOTA MEDAN,KEC. MEDAN MAIMUN,JL. SURYO NO.12
10215156,SD SWASTA KASIH IBU,08126518439,sdskasihibu@gmail.com,B,309,16,YAYASAN PENDIDIKAN KASIH IBU,KAB. DELI SERDANG,KEC. PATUMBAK,JL PERTAHANAN NO 1 B
10257294,SD ISLAM AL- HIDAYAH,,sdislamalhidayahsunggal15@gmail.com,B,184,10,YAYASAN PENDIDIKAN AL HIDAYAH,KAB. DELI SERDANG,KEC. SUNGGAL,JALAN KIRAB REMAJA DUSUN XV
10259050,SD SWASTA LETNAN JENDRAL JAMIN GINTING,062892178,sds.letjen@yahoo.com,A,700,31,SDS LETJEN JAMIN GINTING'S BERASTAGI,KAB. KARO,KEC. BERASTAGI,JALAN VETERAN GANG SERASI NO. 88 BERASTAGI
10211622,SD SWASTA BUDI DHARMA,062124989,sds.budidharma@gmail.com,A,616,26,YAYASAN SOSIAL SUMBER BINA KASIH,KOTA TEBING TINGGI,KEC. TEBING TINGGI KOTA,JALAN VETERAN NO. 02
70036804,SD ISLAM TERPADU AL-AZHAR GALANG,081396975387,sditalazhargalang@gmail.com,B,330,22,PENDIDIKAN AL-AZHAR SCHOOL,KAB. DELI SERDANG,KEC. GALANG,JL. TAMAN SISWA GALANG
10213699,SD SWASTA TRI DHARMA,,sdtridharma@yahoo.com,C,210,9,YAYASAN PENDIDIKAN TRI DHARMA,KAB. DELI SERDANG,KEC. SUNGGAL,JALAN PASAR BESAR KM 13.8
70038646,SD LENTERA ANAK BANGSA,,,C,83,12,YAYASAN SINAR ANANDA INDONESIA,KAB. DELI SERDANG,KEC. SUNGGAL,JL. MACAN PASAR 1
70041491,SD SWASTA PERSIAPAN NEGERI ORAHILI FONDRAKO,,sdswastapersiapannegeriorahili@gmail.com,,23,5,YAYASAN PENDIDIKAN ULUSUSUA BERSATU,KAB. NIAS SELATAN,KEC. ULUSUSUA,ORAHILI
69872307,SD CINTA BUDAYA/CHONG WEN,0617359222,sd.cintabudaya@gmail.com,A,1714,63,YAYASAN PENDIDIKAN CINTA BUDAYA,KAB. DELI SERDANG,KEC. PERCUT SEI TUAN,"JL. WILLIEM ISKANDAR, KOMPLEKS MMTC BLOK CINTA BUDAYA NO. 1"
70038502,SDIT ALQURAN ASSAKINAH MEDAN,,sditalquranassakinah@gmail.com,,130,16,YAYASAN RUMAH TAHFIDZ AS SAKINAH CITRA GARDEN,KOTA MEDAN,KEC. MEDAN BARU,JL. JAMIN GINTING KOMPLEK CITRA GARDEN BLOCK B2.
10210618,SDS HKBP TELADAN BELAWAN,081375123946,sdshkbpteladan@gmail.com,B,100,8,HURIA KRISTEN BATAK PROTESTAN,KOTA MEDAN,KEC. MEDAN KOTA BELAWAN,JL. GEREJA LK. 12 BAGAN DELI
10260597,SDS TALITAKUM,085262125226,sdtalitakummedan@gmail.com,A,95,14,YAYASAN PEDULI KARAKTER BANGSA,KOTA MEDAN,KEC. MEDAN PETISAH,JL. SURAU GG. BERSAMA NO. 16
70049174,SD IT UMMI YANI,,,,158,16,YAYASAN UMMI YANI AMRI DELI SERDANG,KAB. DELI SERDANG,KEC. SUNGGAL,JL. BINJAI KM 10 GG. DAMAI DUSUN VII
10215142,SD HARAPAN 3,0617876152,sd3harapan@gmail.com,A,648,37,YAYASAN PENDIDIKAN HARAPAN,KAB. DELI SERDANG,KEC. DELI TUA,JALAN KARYA WISATA UJUNG NO 31
10259884,SD SWASTA 101940 BINA ARTHA,082276087479,arthab542@gmail.com,A,902,47,BINA ARTHA WACANA,KAB. PADANG LAWAS UTARA,KEC. UJUNG BATU,"DESA JAMBU TONANG KECAMATAN UJUNG BATU, PT.BAS ( BARUMUN AGRO SENTOSA )"
10259278,SD SWASTA CINTA KASIH,0617358974,yck97@yahoo.com,B,76,9,YAYASAN PERGURUAN KRISTEN CINTA KASIH MEDAN TEMBUNG,KOTA MEDAN,KEC. MEDAN TEMBUNG,JL. SAMA NO. 20 MEDAN
10215169,SD METHODIST- AN PANCUR BATU,0618369303,sjumakir@gmail.com,A,557,34,YAYASAN PENDIDIKAN GEREJA METHODIST INDONESIA  ANTIOKHIA PANCURBATU,KAB. DELI SERDANG,KEC. PANCUR BATU,JL.LETJEN JAMIN GINTING NO.36 DUSUN 4
10220704,SD SWASTA PARULIAN A,082287387081,parulian.anugerah@yahoo.com,A,80,14,YAYASAN PENDIDIKAN PARULIAN MEDAN,KOTA MEDAN,KEC. MEDAN KOTA,JL. TURI NO. 144 MEDAN
10219914,SD RK NAMOPULI,081221017649,sdrknamopuli1@gmail.com,B,131,12,YAYASAN PERGURUAN KATOLIK DON BOSCO KEUSKUPAN AGUNG MEDAN,KAB. DELI SERDANG,KEC. STM HILIR,DUSUN I NAMOPULI
70047206,SD SWASTA HAPPY GILLS DUTA BANGSA,,,,16,1,YAYASAN HAPPY GILLS KINDERGARTEN,KAB. SIMALUNGUN,KEC. PANEI,JL. PEMBANGUNAN NO. 10 PANEI TONGAH
10215115,SD SWASTA BABARSARI,8361011,babarsaripancurbatu@yahoo.com,A,181,14,YAYASAN PERGURUAN NASIONAL BABARSARI,KAB. DELI SERDANG,KEC. PANCUR BATU,JL. JAMIN GINTING NO 52 PANCUR BATU
10212462,SD ISLAM PERWIS SKM,085261715623,sdiperwisskm@gmail.com,C,51,11,SERIKAT KELUARGA MINANG KABAU (SKM),KOTA PADANG SIDEMPUAN,KEC. PADANG SIDIMPUAN UTARA,JL. LETKOL SLAMET RIYADI NO 12 P.SIDIMPUAN
10205540,SDS ADVENT SEI PELANCANG,081263558444,advenseiplancang@yahoo.co.id,C,138,7,YAYASAN PENDIDIKAN GEREJA MASEHI ADVENT HARI KETUJUH SUMATERA UTARA,KAB. LABUHANBATU,KEC. PANAI TENGAH,JLN. PERIAWAN
69975576,SD SYARIF AR-RASYID ISLAMIC SCHOOL,085275705522,sdarrasyid@gmail.com,B,61,14,YAYASAN PENDIDIKAN ISLAM SYARIF AR-RASYID,KOTA MEDAN,KEC. MEDAN DENAI,JL. MENTENG VII NO. 186
70009716,SD IT PERGURUAN BAITI JANNATI,08116512018,perg.baijan2020@gmail.com,B,115,14,YAYASAN PENDIDIKAN AISYAH RANGKUTI,KAB. DELI SERDANG,KEC. TANJUNG MORAWA,JL. TENGKU BERGALIF DUSUN I
10220152,SD SWASTA F. TANDEAN,062121583,sds.f.tandean@gmail.com,A,357,23,PERGURUAN F. TANDEAN TEBING TINGGI,KOTA TEBING TINGGI,KEC. TEBING TINGGI KOTA,JALAN DR. SUTOMO NO. 28-A
10257632,SD SWASTA SAMANHUDI TANJUNG PURA,0618960056,sdsamanhudi@gmail.com,B,166,14,YAYASAN PERGURUAN SAMANHUDI,KAB. LANGKAT,KEC. TANJUNG PURA,JLN. PEMUDA NO. 55 TANJUNG PURA
70000806,SD SWASTA DIAN HARAPAN MEDAN,06141060560,dianharapanmedan@gmail.com,B,93,11,YAYASAN PENDIDIKAN PELITA HARAPAN TANGERANG,KOTA MEDAN,KEC. MEDAN PETISAH,JL IMAM BONJOL NO 6 LIPPO PLAZA LT 10
10208559,SD SANTO PIUS PARSOBURAN,,sdstpiusparsoburan@yahoo.com,A,214,12,YAYASAN SERI AMAL MEDAN,KAB. TOBA,KEC. HABINSARAN,JL. LUMBAN RAU TENGAH
69947324,SDS ISLAM PERMATA AMANDA,081263218221,sdi.permataamanda@gmail.com,B,177,13,YAYASAN PENDIDIKAN PERMATA AMANDA,KOTA MEDAN,KEC. MEDAN MARELAN,JALAN JALA IX LOR KELUARGA LK 8
70063508,SD PLUS AL HIRA,,,,,0,,KAB. DELI SERDANG,KEC. BATANG KUIS,JL. AMPERA DUSUN 4
10260895,SD SWASTA TAMAN SISWA SUKARAMAI,,sd.tamansiswasukorejo01@gmail.com,B,145,11,TAMAN SISWA SUKARAMAI,KAB. BATU BARA,KEC. SEI BALAI,DUSUN IV
10220820,SDS MANDIRI,06142064155,loveries27@yahoo.com,B,263,18,,KOTA MEDAN,KEC. MEDAN MARELAN,JL.DANAU SIOMBAK LK I
69996229,SD SWASTA GIOVANI CEMERLANG,,,B,69,8,YAYASAN GIOVANI CEMERLANG INDONESIA,KOTA MEDAN,KEC. MEDAN LABUHAN,JL KAKAP RAYA BLOK F NO A-11 GRIYA MARTUBUNG
10204776,SD SWASTA TAMAN SISWA SIDOMULYO,081265022861,hendrasahro666@gmail.com,B,118,10,PERSATUAN PERGURUAN TAMANSISWA CABANG SIDOMULYO,KAB. BATU BARA,KEC. SEI BALAI,JLN.PITOWIYONO DUSUN V DESA MEKAR MULIO
10210676,SD SWASTA MUHAMMADIYAH 10,,esdeem10@gmail.com,B,174,13,PIMPINAN DAERAH MUHAMMADIYAH (PDM) KOTA MEDAN,KOTA MEDAN,KEC. MEDAN KOTA,JL. H ADNAN BENAWI SH NO.66 MEDAN
10210592,SD SWASTA KATOLIK BUDI MURNI 2,06188360089,ferawati806@yahoo.co.id,A,823,42,YAYASAN PERGURUAN KATOLIK DON BOSCO KEUSKUPAN AGUNG MEDAN,KOTA MEDAN,KEC. MEDAN TUNTUNGAN,JL. KAPITEN PURBA I NO. 18 P.SIMALINGKAR
10257295,SD DHARMA BAKTI,0617956782,dharmabakti.sd@gmail.com,A,450,27,YAYASAN SOSIAL DHARMA BAKTI LUBUK PAKAM,KAB. DELI SERDANG,KEC. LUBUK PAKAM,JALAN BIDAN NO 8 BAKARAN BATU
70039991,SD IT HAFIZAH AL THAFUNNISA,082166635816,,,65,9,YAYASAN PENDIDIKAN DAN SOSIAL HAFIZAH ALTHAFUNNISA,KAB. DELI SERDANG,KEC. TANJUNG MORAWA,DUSUN V PASAR IV DESA DALU X KEC. TANJUNG MORAWA
69931552,SD SWASTA ISLAM ASMIRA,081275317592,ypiasmira@gmail.com,B,132,14,YAYASAN PENDIDIKAN ISLAM ASMIRA,KAB. LANGKAT,KEC. STABAT,JL.IMAM B.TEMBELENG NO.40 DUSUN III SUKA MAKMUR
10210489,SD SWASTA YWKA,085362283353,sdywkamedan@gmail.com,B,56,11,WANITA KERETA API,KOTA MEDAN,KEC. MEDAN TIMUR,JL. LAMPU NO. 2
69981746,SD SWASTA TAHFIDZ QURAN HIKMATUL FADHILLAH,085277933893,hikmatulfadillah46@gmail.com,C,147,14,HIKMATUL FADHILLAH SIMALUNGUN,KAB. SIMALUNGUN,KEC. GUNUNG MALELA,HUTA III SIGOGAR
70030052,SD ISLAM PERMATA,081370381311,sdislampermata0@gmail.com,,92,17,YAYASAN PERMATA MALINTANG JAE,KAB. MANDAILING NATAL,KEC. BUKIT MALINTANG,DESA MALINTANG JAE
10200713,SD METHODIST BATANG KUIS,081397525773,sd.methodist32batangkuis@gmail.com,B,154,13,YAYASAN PENDIDIKAN GMI JEMAAT GLORIA,KAB. DELI SERDANG,KEC. BATANG KUIS,JALAN PELITA NO 35
10209466,SD DEWI SARTIKA,085276073399,sddewisartikatanjungberingin@yahoo.co.id,B,402,19,PENDIDIKAN DEWI SARTIKA TANJUNG BERINGIN,KAB. SERDANG BEDAGAI,KEC. TANJUNG BERINGIN,JL PAHLAWAN TANJUNG BERINGIN
10208562,SDNO. 1 HKBP BALIGE,063221892,sdhkbpbaligehkbp@yahoo.com,A,494,26,YAYASAN PENDIDIKAN HKBP TOBASA,KAB. TOBA,KEC. BALIGE,JL. DS. GHM SIAHAAN
10205576,SD ALWASHLIYAH 85 SUKA JADI,081396614499,sdalwashliyah85@mail.com,B,209,16,AL JAMIYATUL WASHLIYAH,KAB. LABUHANBATU UTARA,KEC. KUALUH SELATAN,JL. PROTOKOL LINTAS SUMATERA
70025904,SD SWASTA MUHAMMADIYAH SERBELAWAN,085362245959,,A,244,13,PIMPINAN DAERAH MUHAMMADIYAH (PDM) KAB. SIMALUNGUN,KAB. SIMALUNGUN,KEC. DOLOK BATU NANGGAR,JL. BOMBONGAN URAT
70006696,SD SWASTA TADIKA RAYA,082166164700,yayasantadikaraya2019@gmail.com,B,239,10,YAYASAN TADIKA RAYA,KAB. PADANG LAWAS UTARA,KEC. PORTIBI,DESA AEK HARUAYA
10208214,SD SWASTA 074 MUHAMMADIYAH TORBANUA RAJA,,sds074muhammadiyah@gmail.com,B,60,13,PIMPINAN DAERAH MUHAMMADIYAH (PDM) KAB. MANDAILING NATAL,KAB. MANDAILING NATAL,KEC. PANYABUNGAN UTARA,TORBANUARAJA
10260293,SDIT UMMI DARUSSALAM,081265287051,sditummidarussalam433@gmail.com,B,285,18,YPIT UMMI DARUSSALAM,KAB. DELI SERDANG,KEC. PERCUT SEI TUAN,JL TERUSAN BANDAR SETIA DUSUN VIII
69982015,SD ISLAM TERPADU HAJJAH AL-KHAIRIAH,,sditalkhairiah@3gmail.com,B,186,19,YAYASAN PENDIDIKAN HAJJAH AL-KHAIRIAH,KAB. SERDANG BEDAGAI,KEC. DOLOK MASIHUL,JL. PERINTIS KEMERDEKAAN
10220791,SD SWASTA AWIRRASYIDIN,085262386072,mawirrasyidin@gmail.com,B,107,7,,KOTA MEDAN,KEC. MEDAN SUNGGAL,"JL. BINJAI KM. 8,5"
10260205,SD SWASTA QURRATA A YUN,082361711751,qurrataayun50@gmail.com,A,488,27,LAPI NAIM,KOTA TEBING TINGGI,KEC. RAMBUTAN,JALAN  GUNUNG MARTIMBANG 1
69919138,SDS VATER SCHOOL,085260709188,vater.school@yahoo.com,C,,0,,KOTA MEDAN,KEC. MEDAN DELI,JL. MANGAAN I NO. 321
10259958,SD SWASTA KARYA BAKTI HELVETIA,081370585114,sdkaryabaktihelvetia@gmail.com,B,279,18,YAYASAN PENDIDIKAN KARYA BAKTI,KAB. DELI SERDANG,KEC. SUNGGAL,JL. PRINGGAN PASAR II HELVETIA
10205520,SD MUHAMMADIYAH 1 AEKKANOPAN,06246940700,sdmuhammadiyahaekkanopan@gmail.com,B,321,27,PIMPINAN DAERAH MUHAMMADIYAH (PDM) KAB. LABUHAN BATU UTARA,KAB. LABUHANBATU UTARA,KEC. KUALUH HULU,JALAN JENDRAL SUDIRMAN NO. 201C AEKKANOPAN
69938185,SDIT SAHABAT AL QURAN,085270461294,sdit.saqu15@gmail.com,C,240,25,SAHABAT ANAK BANGSA,KOTA BINJAI,KEC. BINJAI UTARA,JL KEMUNING GANG MADRASAH
70015139,SD SWASTA ISLAM TERPADU AN NUR,,,,24,8,YAYASAN ANNUR DOLOK MERAWAN,KAB. SERDANG BEDAGAI,KEC. DOLOK MERAWAN,DUSUN I
70053194,SD SWASTA IT PLUS AN NUR MEDAN,,,,105,10,YAYASAN LENTERA KALAM ILAHI,KOTA MEDAN,KEC. MEDAN TIMUR,JL. DAMAR RAYA NO. 9
10210272,SDS ADHYAKSA,,sdadhyaksamedan@gmail.com,A,111,11,YAYASAN ADHYAKSA DHARMAKARINI KEJAKSAAN TINGGI SUMATERA UTARA,KOTA MEDAN,KEC. MEDAN TIMUR,JLN.HM.SAID NO.23 MEDAN
10213653,SD PAB 23 PATUMBAK II,085370608925,sdspab23patumbak2@gmail.com,B,759,36,PERKUMPULAN AMAL BAKTI  SUMATERA UTARA,KAB. DELI SERDANG,KEC. PATUMBAK,JALAN PERTAHANAN DUSUN II PATUMBAK II
10257623,SD SWASTA CAHAYA KASIH,,sdscahayakasih@gmail.com,B,181,20,CAHAYA KASIH,KAB. LANGKAT,KEC. STABAT,JLN.MUSYAWARAH NO.2 STABAT
70051577,SD IT AR-RASYID USMANI BINJAI,085360170674,sditarrasyidislamicschool@gmail.com,,36,8,PENDIDIKAN ARRASYID USMANI,KOTA BINJAI,KEC. BINJAI UTARA,"JL. DR. WAHIDIN NO.212 A LK.II KOMPLEK GRAHA AR-RASYID, BINJAI"
69969174,SD SWASTA NURUL ILMI,085262821620,nurulilmisds@gmail.com,C,,0,NURUL ILMI,KAB. DELI SERDANG,KEC. SUNGGAL,JL. GAGAK GG. MADRASAH DUSUN XIII
69990042,SD SWASTA JOHN WESLEY METHODIST SCHOOL,,sdjhonwesleymardingding@gmail.com,B,128,10,YAYASAN JOHN WESLEY INDONESIA,KAB. KARO,KEC. MARDINGDING,JLN. RAKOETTA S. BRAHMANA
10259694,SDS MUHAMMADIYAH 27,,sdmuhammadiyah27medan@gmail.com,B,88,11,PIMPINAN DAERAH MUHAMMADIYAH (PDM) KOTA MEDAN,KOTA MEDAN,KEC. MEDAN PERJUANGAN,JL. PIMPINAN GG. WISMA NO.12 MEDAN
10220584,SD SW. MULIA,085358579770,sd.mulia@yahoo.com,A,52,10,YAYASAN MANDIRI HIDUP MULIA,KAB. DAIRI,KEC. SITINJO,JL RIMOBUNGA PANJI BAKO
10259524,SD CINTA MAJU,082276543606,sdscintamaju@gmail.com,C,32,3,SD SWASTA CINTA MAJU,KAB. LABUHANBATU,KEC. PANAI TENGAH,DUSUN 07 SUKARAMAI
69824454,SD METHODIST SIDIKALANG,062723338,sdswastamethodist.sidikalang@gmail.com,B,371,26,YAYASAN PENDIDIKAN GEREJA METHODIST INDONESIA WILAYAH-I,KAB. DAIRI,KEC. SIDIKALANG,JL. SENTOSA
70060818,SD SWASTA IT ULUL AZMI SCHOOL,,,,8,5,YAYASAN ULUL AZMI SCHOOL,KOTA TEBING TINGGI,KEC. RAMBUTAN,JL. KEBUN LK. II
10220419,SD SWASTA GUNUNG PAMAH,082274334757,sdswasta.gunungpamah@gmail.com,TIDAK TERAKREDITASI,,1,DON BOSCO,KAB. KARO,KEC. LAUBALENG,DESA GUNUNG PAMAH
10210364,SD SWASTA AL-MA ARIF,08126402045,sdsalamaarif2021@gmail.com,B,23,10,SD SWT AL-MA'ARIF,KOTA MEDAN,KEC. MEDAN SELAYANG,JL.SETIA BUDI NO 100 MEDAN
10210332,SDS BUDI UTOMO,0614528473,sd.budiutomomedanarea@gmail.com,A,74,22,YAYASAN PENDIDIKAN BUDI UTOMO,KOTA MEDAN,KEC. MEDAN AREA,JL. JURUNG NO. 33 MEDAN
10213648,SD PAB 16KLAMBIR V,081397571373,sdspab16@yahoo.com,B,136,8,PERKUMPULAN AMAL BAKTI  SUMATERA UTARA,KAB. DELI SERDANG,KEC. HAMPARAN PERAK,JL KELAMBIR V PASAR 2
10212433,SD ISLAM SEI MERBAU,085261570734,sdisei.merbau@yahoo.com,C,49,10,YAYASAN PENDIDIKAN ISLAM SEI MERBAU,KOTA TANJUNG BALAI,KEC. TELUK NIBUNG,JL. YOS SUDARSO
10259643,SD SWASTA BUDI MULIA  3,,budimulia3sds@gmail.com,A,443,20,YAYASAN BUDI MULIA LOURDES,KAB. SIMALUNGUN,KEC. SIANTAR,JALAN ASAHAN BATU V
69759166,SDS IT AR-ROJA,,sdit_arroja@yahoo.com,B,404,22,YAYASAN AR-ROJA BINA INSANI,KAB. ASAHAN,KEC. KISARAN TIMUR,JL. WILLIEM ISKANDAR GG. SOLIHIN
70038258,SD SWASTA AL HADI ISLAMIC SCHOOL,085261549156,sdswastaalhadiislamicschool@gmail.com,,161,13,YAYASAN PENDIDIKAN ISLAM ALHADI ASAHAN,KAB. ASAHAN,KEC. AIR JOMAN,LINGKUNGAN V
70005895,SD SWASTA HARENORO ZOMASIDO,082175976420,sdsharenorozomasido@gmail.com,A,76,16,YAYASAN TAMAN INDAH SEJATI,KAB. NIAS SELATAN,KEC. LAHUSA,DESA HARENORO
10215104,SD SWASTA AL MUKMIN,082366550800,sd.almukmin04@gmail.com,B,358,15,YAYASAN PENDIDIKAN SAMIAJI JAYA,KAB. DELI SERDANG,KEC. PERCUT SEI TUAN,JL BENTENG HILIR NO 01
69969335,SD IT BINTANG LANGKAT,,sd.itbintanglangkat@gmail.com,B,145,13,VIVINA HUDA,KAB. LANGKAT,KEC. STABAT,JL.STABAT-SECANGGANG
10211832,SD PERGURUAN MASYARAKAT RAKYAT,,sdpmr01@yahoo.com,B,32,9,YAYASAN PERGURUAN MASYARAKAT RAKYAT,KOTA PEMATANGSIANTAR,KEC. SIANTAR MARIHAT,MELANTHON SIREGAR NO.90
10204773,SD HARAPAN BUNUT,081265043643,harapan.bunut@yahoo.com,B,150,16,YAYASAN PENDIDIKAN HARAPAN,KAB. ASAHAN,KEC. KISARAN BARAT,JL. LETJEN S. PARMAN
10210602,SDS ISLAM KASIH BUNDA,085276066665,sdit.kasihbunda@gmail.com,C,18,12,YAYASAN PENDIDIKAN ISLAM KASIH BUNDA,KOTA MEDAN,KEC. MEDAN DENAI,JL. JERMAL XIII NO. 25 MEDAN
70053074,SD SANTO FRANSISKUS ASSISI CINTA DAMAI,082276631516,sdfransiskusassisicintadamai@gmail.com,,74,12,WIDYA FRALISKA,KAB. BATU BARA,KEC. AIR PUTIH,DUSUN MAKMUR II
10213661,SD SWASTA PATRIA AL ITTIHADIYAH,,patria_alittihadiyah@yahoo.co.id,B,324,15,PERGURUAN AL ITTIHADIYAH PERCUT,KAB. DELI SERDANG,KEC. PERCUT SEI TUAN,JL. M YUSUF JINTAN DUSUN X
10211415,SD SWASTA TUNAS PELITA,,,B,87,9,YAYASAN PENDIDIKAN TUNAS PELITA,KOTA BINJAI,KEC. BINJAI UTARA,JALAN PERINTIS KEMERDEKAAN NO 166 BINJAI
10210336,SD SWASTA BETHANY MEDAN,0618361044,sdsbethanymedan@gmail.com,B,170,13,YAYASAN PENDIDIKAN GENERASI HARAPAN,KOTA MEDAN,KEC. MEDAN TUNTUNGAN,JL KAPITEN PURBA NO. 1 MEDAN
10202107,SD SWASTA SINT. YOSEPH KABANJAHE,0628323334,sdsint.yosephkabanjahe@gmail.com,A,895,34,YAYASAN SETIA MEDAN,KAB. KARO,KEC. KABANJAHE,JL. LET. RATA PERANGIN-ANGIN NO.11 KABANJAHE
10259107,SD SWASTA IRA,0617365244,medansdira@gmail.com,B,237,14,YAYASAN PERGURUAN IRA MEDAN,KOTA MEDAN,KEC. MEDAN TEMBUNG,JL.PERTIWI NO 111/53B BANTAN MEDAN
69991229,SD IT IMAM SYAFII,082362472272,sditimamsyafii1439h@gmail.com,B,74,10,YAYASAN HISNUL MUSLIM,KAB. LABUHANBATU UTARA,KEC. MARBAU,JL.MILANO DUSUN 1 DESA PULO BARGOT
10218054,SDS RIAMA PATUMBAK,082273964484,ranimaria@ymail.com,C,13,4,YAYASAN PENDIDIKAN RIAMA,KAB. DELI SERDANG,KEC. PATUMBAK,JALAN BARU PASAR XII
10213689,SD SUBSIDI SWAKARYA,0617388422,sdsubsidiswakarya@gmail.com,B,580,23,YAYASAN PERGURUAN SWAKARYA,KAB. DELI SERDANG,KEC. PERCUT SEI TUAN,JALAN PERTAHANAN
10210260,SDS AL WASHLIYAH 31,,sdalwashliyah.31@gmail.com,B,587,26,PERKUMPULAN AL JAMI'ATUL WASHLIYAH,KOTA MEDAN,KEC. MEDAN LABUHAN,"JL.KL YOS SUDARSO KM 19,5"
10259249,SD SWASTA NURUL HUDA,0614147039,sds.nurulhudamedan@gmail.com,B,84,12,YAYASAN NURUL HUDA SEI SERAYU,KOTA MEDAN,KEC. MEDAN SUNGGAL,JL. SEI SERAYU NO. 38
10211878,SD SWASTA GKPS NO. 1,081263426486,sekolahdasargkps1@gmail.com,B,109,9,YAYASAN PENDIDIKAN GKPS,KOTA PEMATANGSIANTAR,KEC. SIANTAR UTARA,JLN. SISINGAMANGARAJA
10220821,SD SWASTA MELATI,085361650832,sdsmelati@gmail.com,B,91,10,YAYASAN PENDIDIKAN MELATI,KOTA MEDAN,KEC. MEDAN MARELAN,JL. SUMBAWA II NO.223 KOMPLEK MARELAN INDAH
10210506,SD SWASTA WAGE RUDOLF SUPRATMAN 1,0617345093,wrsupratman1@yahoo.com,A,202,21,YAYASAN PERGURUAN WAGE RUDOLF SUPRATMAN,KOTA MEDAN,KEC. MEDAN KOTA,JL. ASIA NO.143 MEDAN
69894501,SD SWASTA AL IHSAN,082176026465,sdalihsan@yahoo.com,C,222,11,YAYASAN ISLAM AL IHSAN SAENTIS,KAB. DELI SERDANG,KEC. PERCUT SEI TUAN,DUSUN XV LORONG SEMAR
10259505,SD S BUDI UTOMO CIKAMPAK,,dewidarmawati1122@gmail.com,C,157,10,YAYASAN PERGURUAN BUDI UTOMO,KAB. LABUHANBATU SELATAN,KEC. TORGAMBA,TORGAMBA
10210630,SDS HANG TUAH-2 TITIPAPAN,,sdhangtuah2@ymail.com,A,140,17,YAYASAN HANG TUAH CABANG BELAWAN,KOTA MEDAN,KEC. MEDAN DELI,"JL. KL. YOS SUDARSO KM.11,5 KOMP. TNI-AL BAWAL"
69959170,SD SWASTA SEMANGAT BANGSA,081262016920,sasemangatbangsa@gmail.com,B,93,13,YAYASAN PENDIDIKAN SEMANGAT BANGSA,KOTA MEDAN,KEC. MEDAN JOHOR,JL. KARYA JAYA NO. 75
10207350,SDS NO. 100117 MUHAMMADIYAH SIMATORKIS,082160904676,sds100117muhsim2025@gmail.com,B,111,9,PIMPINAN DAERAH MUHAMMADIYAH (PDM) KAB. TAPANULI SELATAN,KAB. TAPANULI SELATAN,KEC. ANGKOLA BARAT,SIMATORKIS
10205543,SD ADVENT CINTA MURNI,085296498316,sdscintamurni@yahoo.co.id,C,55,4,ADVENT,KAB. LABUHANBATU,KEC. PANAI TENGAH,SELAT BETING
10202081,SD SWASTA KATOLIK 3 LAUBALENG,081263333920,ginting.muji@gmail.com,B,191,9,YAYASAN PERGURUAN KATOLIK DON BOSCO KEUSKUPAN AGUNG MEDAN,KAB. KARO,KEC. LAUBALENG,JL RENUN LAU BALENG
69820138,SD SWASTA PELANGI BUDI MANDIRI,0614517558,sekolahbudimandiri@yahoo.com,A,96,9,PERKUMPULAN LEMBAGA PELANGI BUDI MANDIRI,KOTA MEDAN,KEC. MEDAN PETISAH,JL SAMPUL NO 29
69996264,SD ISLAM TERPADU MUHAMMADIYAH CABANG BATAHAN,081397612992,sditmhdbatahan@gmail.com,A,161,14,PIMPINAN DAERAH MUHAMMADIYAH (PDM) KAB. MANDAILING NATAL,KAB. MANDAILING NATAL,KEC. BATAHAN,DESA SARI KENANGA KECAMATAN BATAHAN
69823297,SDIT SWASTA AN-NAAS,082167436769,sditbinjaiannaas@gmail.com,B,661,44,YAYASAN PENDIDIKAN AN NAAS,KOTA BINJAI,KEC. BINJAI TIMUR,JL. SISINGAMARAJA NO. 99
10210672,SDS PEMBANGUN DIDIKAN ISLAM,081260752911,sdspdi.medanbaru@gmail.com,B,155,14,YAYASAN PEMBANGUN DIDIKAN ISLAM INDONESIA,KOTA MEDAN,KEC. MEDAN BARU,JL. LETJEN JAMIN GINTING NO. 271
10257640,SDS AL WASHLIYAH 37,,sdswasta.alwashliyah37@gmail.com,C,54,6,PERKUMPULAN AL JAMI'ATUL WASHLIYAH,KOTA MEDAN,KEC. MEDAN BARAT,JL YOS SUDARSO MEDAN
70039681,SD PUTRI THERESIA MEDAN,081262561987,sdputritheresia@gmail.com,,116,8,YAYASAN PENDIDIKAN PUTRI THERESIA,KAB. DELI SERDANG,KEC. SUNGGAL,JL. LEMBAGA PERMASYARAKATAN NO. 104
10258449,SD SWASTA HKBP 2 SIDORAME,0614158047,sdshkbp2sidorame@gmail.com,A,77,10,YAYASAN PENDIDIKAN HKBP SIDORAME,KOTA MEDAN,KEC. MEDAN PERJUANGAN,JLN DOROWATI NO. 40 MEDAN
69830188,SD TRIWIRA MOHAGA,081397416499,sdtriwiramohaganew@gmail.com,A,188,13,YAYASAN PENDIDIKAN NASIONAL TRIWIRA MOHAGA,KAB. DELI SERDANG,KEC. SUNGGAL,DUSUN II SUKA MAJU
70051212,SD IT SALAM AL RIFAL,,,,58,4,YAYASAN SALAM AL RIFAL,KAB. DELI SERDANG,KEC. PANCUR BATU,DUSUN III
10212144,SD ISLAMIYAH SIBOLGA,,sdswislamiyahsibolga@gmail.com,C,54,7,YAYASAN PERGURUAN PENDIDIKAN ISLAMIYAH SIBOLGA,KOTA SIBOLGA,KEC. SIBOLGA KOTA,JL. JENDRAL AHMAD YANI NO. 97A
69889017,SD SWASTA GUSTI WIJAYA,0618751479,sdgustiwijaya@gmail.com,B,78,7,YAYASAN PERGURUAN GUSTI WIJAYA,KAB. DELI SERDANG,KEC. SUNGGAL,JL. SETIA MAKMUR NO. 63
10263525,SD IT HAMAS,085260708107,sdsalmaksum@gmail.com,B,183,22,YAYASAN HAJI MAKSUM ABIDIN  SHALEH,KAB. LANGKAT,KEC. STABAT,JLN. KWALA BINGAI
10258040,SDS PRIMBANA,0617883944,primbanaschool@yahoo.co.id,B,128,21,YAYASAN PENDIDIKAN GEDONG JOHOR MEDAN,KOTA MEDAN,KEC. MEDAN JOHOR,JL JEND BESAR AH NASUTION
10261463,SD SWASTA TUNAS SEBERNAMAN,,meidih47@gmail.com,B,193,16,YAYASAN PERGURUAN SEBERNAMAN,KAB. DELI SERDANG,KEC. KUTAIIMBARU,DESA PASAR X DSN 1
70033564,SD IT SULTAN ANDIRJA,,ypi.sultanandirja@gmail.com,A,60,13,YAYASAN PENDIDIKAN ISLAM SULTAN ANDIRJA,KOTA MEDAN,KEC. MEDAN HELVETIA,JL CEMPAKA KOMPLEK CEMPAKA MADANI BLOK G NO 28-30
70032617,SD IT AL-ANWAR,,,,110,5,YAYASAN ISLAM TERPADU AL-ANWAR,KAB. PADANG LAWAS,KEC. HUTA RAJA TINGGI,JL. LINTAS RIAU DESA SIBODAK SOSA JAE
69975309,SD SWASTA HARAPAN BANGSA,,sdsharapanbangsabulucina@gmail.com,B,95,3,TK HARAPAN BANGSA,KAB. DELI SERDANG,KEC. HAMPARAN PERAK,DUSUN KLONI IV
10205506,SD SWASTA METHODIST 2 AEK NABARA,081361262203,sdswastamethodist2@yahoo.com,B,108,7,YAYASAN METHODIST DUA AEK NABARA,KAB. LABUHANBATU,KEC. BILAH HULU,JL. NUSANTARA NO. 27
69775682,SDS SIGALUNGON,082360034340,yayasanparulian24@gmail.com,C,61,4,YP PARULIAN,KAB. ASAHAN,KEC. BANDAR PASIR MANDOGE,DUSUN X
69972986,SDIT ALAM ARROZAQ RANTAUPRAPAT,,,B,333,22,ARROZAQ,KAB. LABUHANBATU,KEC. RANTAU SELATAN,JLN.SEMPURNA GG.ALI NAPIAH NO.01 RANTAUPRAPAT
70045192,SD AL BAHRI SCHOOL,082167968313,,B,97,10,YAYASAN ABDUL RAHMAN AL QALAMY,KAB. DELI SERDANG,KEC. PERCUT SEI TUAN,JLN. PEMBANGUNAN (LORONG SELAM)
10259237,SD SWASTA PAB 27,88810593,sdspab27deli@gmail.com,B,455,13,PERKUMPULAN AMAL BAKTI  SUMATERA UTARA,KOTA MEDAN,KEC. MEDAN DELI,JL.SIDOMULYO
69787168,SD SWASTA PUTRI DELI,082276959927,mxkrioanjuapriantogultom@gmail.com,B,311,21,YAYASAN PENDIDIKAN PUTRI DELI,KAB. DELI SERDANG,KEC. NAMO RAMBE,JL. PERJUANGAN GG. SEKOLAH SIMP. PERUMNAS PUTRI DELI
10260396,SDS ASRI SCHOOL,,asrischool@yahoo.com,B,44,10,ASRI KINDERGARTEN,KOTA MEDAN,KEC. MEDAN JOHOR,JL. NGUMBAN SURBAKTI NO 38
69989775,SD SWASTA DRA ISLAMIC SCHOOL,081263300478,sd.draislamicschool@gmail.com,A,73,8,DRA ISLAMIC SCHOOL,KAB. DELI SERDANG,KEC. PERCUT SEI TUAN,"SIMPANG JODOH, KAMPUNG INGGRIS,  TEMBUNG MEDAN."
10220447,SD S HKBP SIBORONGBORONG,081370429334,sdhkbp_siborongborong@yahoo.co.id,B,221,10,SD SWASTA HKBP SIBORONGBORONG,KAB. TAPANULI UTARA,KEC. SIBORONGBORONG,JLN.TUGU NO.2 SIBORONGBORONG
10261708,SDS AMANDA,081361585016,sdsamanda20@gmail.com,B,82,10,YAYASAN AMANDA NAWA CENDIKIA,KOTA MEDAN,KEC. MEDAN LABUHAN,JL. BATANG KILAT
10258051,SDS YAPERI,0618364126,sdswtyaperi@yahoo.co.id,B,92,12,YAYASAN PERGURUAN ERA IBANG (YAPERI),KOTA MEDAN,KEC. MEDAN JOHOR,JL. PINTU AIR IV MEDAN
10210525,SDS TAMAN SISWA,0618218342,sdstamansiswatanjungsari@gmail.com,A,201,11,PERSATUAN PERGURUAN TAMANSISWA CABANG TANJUNG SARI,KOTA MEDAN,KEC. MEDAN SELAYANG,JL. SETIA BUDI TANJUNG SARI PSR I NO. 1
69966954,SD ISLAM TERPADU MUTIARA HATI,082167190225,mutiara_hati@gmal.com,B,18,9,YAYASAN MUTIARA HATI PADANG LAWAS,KAB. PADANG LAWAS,KEC. SOSA,DESA GUNUNG BARINGIN
10210526,SDS TAMAN SISWA,0617346209,sd.tamansiswamedan@gmail.com,B,144,16,PERSATUAN PERGURUAN TAMANSISWA CABANG MEDAN,KOTA MEDAN,KEC. MEDAN AREA,JLN. AMPLAS NO 17 MEDAN
69956445,SD BUDI UTOMO,081370922600,budiutomonsc@gmail.com,A,169,11,PERGURUAN BUDI UTOMO,KAB. DELI SERDANG,KEC. KUTAIIMBARU,DUSUN II
10203611,SD SW. ADVENT SUMBUL,,,B,19,5,YAYASAN PENDIDIKAN GEREJA MASEHI ADVENT HARI KETUJUH SUMATERA UTARA,KAB. DAIRI,KEC. SUMBUL,SUMBUL
10259390,SDS VICTORY,,sdvictory_ypk@yahoo.com,B,49,8,YAYASAN PERGURUAN KRSTEN VICTORY,KOTA MEDAN,KEC. MEDAN SELAYANG,"JL SEMBADA, BUNGA MAWAR XVI NO. 95"
10259320,SD SWASTA SANTO MICHAEL,081264830395,santomichael@santomichael.org,B,234,18,YAYASAN PENDIDIKAN SANTO MICHAEL,KOTA MEDAN,KEC. MEDAN LABUHAN,JL. KL YOS SUDARSO KM.16 NO.A-8
10264632,SD SWASTA SENGGANI,081265419974,sengganimandiri@gmail.cm,B,111,6,YAYASAN PENDIDIKAN SENGGANI MANDIRI,KAB. DELI SERDANG,KEC. PERCUT SEI TUAN,JL. PASAR I DUSUN SENGGANI BANDAR KLIPPA
69772553,SD SWASTA ELIM KAIROS SMART BERASTAGI,,sdelimkairossmart2022@gmail.com,B,93,9,YAYASAN PENDIDIKAN EZRA BERASTAGI,KAB. KARO,KEC. BERASTAGI,JL.KENANGAN NO.37 SURYA INDAH BERASTAGI
10257529,SD MANDIRI,082162281888,sdsmandiri313@gmail.com,C,,0,SD SWASTA MANDIRI,KAB. LABUHANBATU UTARA,KEC. AEK NATAS,TANJUNG MAKMUR
10213655,SD PAB 33 SIDODADI,081361339371,pabsidodadi33@gmail.com,B,217,14,PERKUMPULAN AMAL BAKTI  SUMATERA UTARA,KAB. DELI SERDANG,KEC. SIBIRU-BIRU,DESA SIDODADI
69899535,SD ISLAM AR-RASYID,081269393422,sdi_arrasyid@yahoo.com,B,285,12,YAYASAN PERGURUAN ISLAM AR-RASYID BAMBANG SUMITRO,KAB. DELI SERDANG,KEC. SUNGGAL,DUSUN IV DESA SUKA MAJU
10257627,SDMETHODIST KUALA,0618930106,sdmethodistkuala@gmail.com,B,205,13,YPGMI W. I PKMI KUALA,KAB. LANGKAT,KEC. KUALA,JALAN GEREJA NO. 41 KUALA
10210574,SD SWASTA ISLAM AL-ULUM TERPADU,0616642331,sdislamalulumterpadu@gmail.com,A,528,30,YAYASAN AMANAH KARAMAH,KOTA MEDAN,KEC. MEDAN TEMBUNG,JL. TUASAN NO. 35 MEDAN
70012121,SD SWASTA IT USAMAH BIN ZAID,082368320145,yayasandarulmuqomahsergsi@gmail.com,A,93,9,YAYASAN DARUL MUQOMAH SERGEI,KAB. SERDANG BEDAGAI,KEC. PERBAUNGAN,JL. PROTOKOL PASAR V
69951965,SDS ISLAM TUNAS MEKAR,08126054095,tunas.mekar.medan@gmail.com,A,150,14,YAYASAN PERGURUAN ISLAM HAJI AMIRUDDIN RITONGA,KOTA MEDAN,KEC. MEDAN DENAI,JALAN PELAJAR TIMUR NO. 236-A
10215239,SD TRI SAKTI LUBUK PAKAM,,sdswastatrisakti06@gmail.com,B,126,8,PERGURUAN TRI SAKTI,KAB. DELI SERDANG,KEC. LUBUK PAKAM,JLN.PEMATANG SIANTAR NO.80 A
10260775,SDS RUSYDA,0617330659,sdsrusyda@gmail.com,B,172,12,RUSYDA MEDI ANDRI,KOTA MEDAN,KEC. MEDAN DENAI,JL BROMO GG SATIA NO 5
10200725,SD HKBP PAGAR JATI,082388927713,sdhkbppagarjati@yahoo.co.id,B,81,9,YAYASAN PERGURUAN SD SWASTA HKBP PAGAR JATI,KAB. DELI SERDANG,KEC. LUBUK PAKAM,JALAN PEMATANG SIANTAR NO 159
10213583,SD SWASTA AL - WASHLIYAH,081375528033,alwashliyahsunggal@gmail.com,B,360,12,PERGURUAN AL WASHLIYAH,KAB. DELI SERDANG,KEC. SUNGGAL,JALAN PEMBANGUNAN KM. 12 GG. PELAJAR
10211461,SD SWASTA AISYIYAH,,sdaisyiyahbinjai@gmail.com,A,117,11,PIMPINAN DAERAH MUHAMMADIYAH (PDM) KOTA BINJAI,KOTA BINJAI,KEC. BINJAI UTARA,JL. PERINTIS KEMERDEKAAN
10210335,SD SWASTA BINA SEJAHTERA,085261026842,ruri_murnika@yahoo.com,B,24,7,YAYASAN BINA SEJAHTERA,KOTA MEDAN,KEC. MEDAN SUNGGAL,"JL. SUNGGAL NO, 320 MEDAN SUNGGAL"
69965830,SD SWASTA ISLAM TERPADU BAITUL QURAN,081376006493,sditbaitulquran15@gmail.com,B,136,11,YAYASAN BAITUL QUR'AN SUMATERA UTARA,KAB. SIMALUNGUN,KEC. TAPIAN DOLOK,JL. VETERAN LINGK.III KELURAHAN SINAKSAK
10210509,SD SWASTA ST. ANTONIUS II,0614520724,sekolahdasarstantonius2@gmail.com,A,356,24,YAYASAN SERI AMAL MEDAN,KOTA MEDAN,KEC. MEDAN BARU,JL. SRIWIJAYA NO. 7
10210661,SD SWASTA PERSA,0614528025,sds.persa@gmail.com,A,156,15,YAYASAN PENGELOLAAN PEMBANGUNAN MESJID MUSLIMIN,KOTA MEDAN,KEC. MEDAN BARU,JL. SEI BEKALA NO. 2
10212148,SD. RK. NO. 1,081281188593,sd_rk1@yahoo.co.id,A,266,20,YAYASAN SANTA MARIA BERBELASKASIH,KOTA SIBOLGA,KEC. SIBOLGA KOTA,JL. RAJA JUNJUNGAN LUBIS
10203608,SD SW. ADVENT LUMBAN GAMBIRI,081360009957,sdadventlumbangambiri@gmail.com,B,253,11,YAYASAN PENDIDIKAN GEREJA MASEHI ADVENT HARI KETUJUH SUMATERA UTARA,KAB. DAIRI,KEC. PARBULUAN,LUMBAN GAMBIRI
10213579,SD SWASTA AGIA SOPHIA,081375253700,sdswastaagiasophia@gmail.com,B,246,12,YAYASAN PERGURUAN ORTHODOX AGIA SOPHIA,KAB. DELI SERDANG,KEC. PANCUR BATU,JL SEMBAHE BARU
10220803,SD MUHAMMADIYAH 36,0617334030,sdtmuhammadiyah36@yahoo.com,A,671,41,PIMPINAN DAERAH MUHAMMADIYAH (PDM) KOTA MEDAN,KOTA MEDAN,KEC. MEDAN DENAI,JL.JERMAL III NO.10
10261838,SD TUNAS KASIH,081377154585,sdswasta.tunaskasih@yahoo.com,B,85,11,YAYASAN TUNAS KASIH ANUGERAH PEMENANG,KAB. DELI SERDANG,KEC. PANCUR BATU,JL. DELI TUA DUSUN II B NO. 26
10257869,SD SWASTA MUHAMMADIYAH 25,081361431913,sdmuhammadiyah25medantembung@gmail.com,B,150,12,PIMPINAN DAERAH MUHAMMADIYAH (PDM) KOTA MEDAN,KOTA MEDAN,KEC. MEDAN TEMBUNG,JL.PUKAT I NO.19
70049667,SD MUHAMMADIYAH DOLOK MARAJA,083170719675,sdmuhdolokmaraja@gmail.com,,62,5,PIMPINAN DAERAH MUHAMMADIYAH (PDM) KAB. SIMALUNGUN,KAB. SIMALUNGUN,KEC. TAPIAN DOLOK,JL. BATU NANGGAR
69815406,SD SWASTA IT AR-RAKYU,085358969613,,C,217,12,YAYASAN PENDIDIKAN AR-RA'YU,KAB. DELI SERDANG,KEC. SUNGGAL,JL. SEI MENCIRIM DUSUN II
10258048,SDS CENDERAMATA,0614145748,cenderamatakaur@yahoo.co.id,B,295,20,YAYASAN PENDIDIKAN NASIONAL CENDERAMATA,KOTA MEDAN,KEC. MEDAN PETISAH,JL.PABRIK PADI NO 12 C
70054331,SEKOLAH DASAR ISLAM TERPADU (SDIT) DARUL HASANAH,,,,,0,YAYASAN DARUL HASANAH LANGKAT,KAB. LANGKAT,KEC. BOHOROK,DUSUN BULUH
69787462,SD SWASTA ST. ANTONIUS PADUA,081370672685,sdantoniuspaduatigadolok@gmail.com,B,275,16,YAYASAN PUTERI HATI KUDUS,KAB. SIMALUNGUN,KEC. DOLOK PANRIBUAN,JLN. BESAR PARAPAT KM. 17
10220730,SDS HASANUDDIN MEDAN,0618458776,sd.hasanuddin@yahoo.co.id,A,265,20,YAYASAN PENDIDIKAN HASANUDDIN MEDAN,KOTA MEDAN,KEC. MEDAN HELVETIA,JL. AMAL LUHUR NO. 54 MEDAN
69892470,SD SWASTA WESLEY SUMBUL,085261416377,seven_manalu@yahoo.com,B,68,9,YPK WESLEY,KAB. KARO,KEC. KABANJAHE,JLN. JAMIN GINTING DESA SUMBUL KABANJAHE
10210655,SDS NURUL HUDA,081361552004,hudasdsnurul@gmail.com,A,652,37,YAYASAN MASJID NURUL HUDA KWALA BEKALA MEDAN,KOTA MEDAN,KEC. MEDAN JOHOR,JL.LETJEN JAMIN GINTING KM 8
10257902,SD SWASTA ISLAM NUR IHSAN,0617341704,pesantren.nur.ihsan@gmail.com,A,452,34,YAYASAN PINTA HARAPAN,KOTA MEDAN,KEC. MEDAN TEMBUNG,JL. BERSAMA NO. 83 A MEDAN
69944640,SD SWASTA CARNEGIE,085372479963,sdcarnegieschool@gmail.com,A,205,12,YAYASAN BINA INSAN NEGARA,KOTA MEDAN,KEC. MEDAN AREA,JL. EMAS NO. 10
69949255,SD IT ROUDHOTUL ILMI ANSHOR SIBUHUAN,082168265039,,C,707,36,YAYASAN ROUDHOTUL ILMI ANSHOR,KAB. PADANG LAWAS,KEC. BARUMUN,JL. BAKTI LINGKUNGAN I
10212429,SD SWASTA METHODIST II,062392495,sdmethodistii@yahoo.gmail.com,B,368,23,YAYASAN PERGURUAN KRISTEN METHODIST BUKIT SION,KOTA TANJUNG BALAI,KEC. TANJUNG BALAI SELATAN,JL. IMAM BONJOL NO. 64
10209459,SD ADVENT KAMPUNG PON,082163386642,,B,83,9,YAYASAN PENDIDIKAN GEREJA MASEHI ADVENT HARI KETUJUH SUMATERA UTARA,KAB. SERDANG BEDAGAI,KEC. SEI BAMBAN,JL GEMPOLAN PASAR II KIRI KAMPUNG PON
10220829,SD SWASTA YASPENHAN-1 MEDAN,081264672906,sdyaspenhansatu@gmail.com,B,240,15,YAYASAN PENDIDIKAN MEDAN LABUHAN,KOTA MEDAN,KEC. MEDAN MARELAN,JL. KAPTEN  RAHMAD BUDDIN PASAR V
10258280,SDS YOS SUDARSO,0616624751,ypyos.sudarso@gmail.com,A,250,18,PENDIDIKAN BUDIMAN KUNIMAH,KOTA MEDAN,KEC. MEDAN BARAT,K.L YOS SUDARSO NO.50
10259675,SDS KARYA BAKTI HELVETIA,081262941252,sdsw.karyabhakti@ymail.com,B,,0,,KOTA MEDAN,KEC. MEDAN HELVETIA,JL. MESJID NO. 57
69989802,SD SWASTA BUNDA NELLY,,,B,379,17,YAYASAN HAJI JASA WARDANI GINTING,KAB. DELI SERDANG,KEC. SUNGGAL,JL. CENDRAWASIH DUSUN XVI
10215097,SD SWASTA ADETIA,083121965859,sdsadetia@gmail.com,B,74,7,YAYASAN PENDIDIKAN ADETIA,KAB. DELI SERDANG,KEC. PERCUT SEI TUAN,JL. MAKMUR GG. KENANGA VI
69967813,SD SWASTA YABES SCHOOL,081370790059,sdyabes@gmail.com,B,215,14,YAYASAN PENDIDIKAN YABES MEDAN DELI,KOTA MEDAN,KEC. MEDAN DELI,JL. KRAKATAU UJUNG GG. TURI TANJUNG MULIA
70048338,SD IT RUMAH ILMU HJ SYARIFAH FATMAH,082370580300,sditrumahilmu17@gmail.com,,83,7,YAYASAN RUMAH ILMU HAJAH SYARIFAH FATMA,KAB. LANGKAT,KEC. TANJUNG PURA,JL UDANG NO 17 KEL PEKAN TJ PURA
10211831,SD SWASTA RK 2,081265348755,mail@sdswastark2.sch.id,A,881,37,YAYASAN PENDIDIKAN KATOLIK SANTO YOSEPH MEDAN,KOTA PEMATANGSIANTAR,KEC. SIANTAR SELATAN,JLN. SIBOLGA NO. 21
70000537,SD IT AL- IKRAM,085275597527,sdadi95113@gmail.com,A,228,24,YAYASAN PENDIDIKAN HASBALLAH SYAM MEDAN,KOTA MEDAN,KEC. MEDAN HELVETIA,JL KLAMBIR V GG KESATRIA NO 10
69727264,SD SWASTA  METHODIST PELITA KASIH,0616628296,sdsmethodistmuen@gmail.com,A,158,16,YAYASAN PENDIDIKAN PELITA KASIH METHODIST MU EN,KOTA MEDAN,KEC. MEDAN TIMUR,JL. JATI NO.96
10203027,SD SWASTA KATOLIK SARIBU DOLOK,082180204940,sdswasta.katoliksaribudolok@yahoo.co.id,A,831,33,YAYASAN PERGURUAN KATOLIK DON BOSCO KEUSKUPAN AGUNG MEDAN,KAB. SIMALUNGUN,KEC. SILIMAKUTA,JLN SUTOMO NO 18 SARIBU DOLOK
10262323,SD IT AZ-ZAHRA,,sdsazzahra@gmail.com,B,225,18,AZ-ZAHRA DENDANG,KAB. LANGKAT,KEC. STABAT,JL. JEND. SUDIRMAN KM. 38
10215135,SD GKPS BANGUN TOBING,,gkps.b@yahoo.com,B,129,14,YAYASAN PENDIDIKAN GKPS,KAB. DELI SERDANG,KEC. STM HILIR,BANGUN TOBING
10258028,SD SWASTA ASUHAN RAYA,0616626084,sdasuhanraya@yahoo.com,B,161,8,YAYASAN PERGURUAN ASUHAN,KOTA MEDAN,KEC. MEDAN DELI,JL. ALFAKA VIII
10202094,SD SWASTA KATOLIK 2 SUMBEIKAN,081360919096,sd.sumbeikan@yahoo.com,B,156,10,YAYASAN PERGURUAN KATOLIK DON BOSCO KEUSKUPAN AGUNG MEDAN,KAB. KARO,KEC. MARDINGDING,JL MEDAN - KOTACANE
10209470,SD SWASTA METHODIST EL-SHADDAY PANTAI CERMIN,,elshaddaymethodist@gmail.com,B,125,9,YAYASAN PERGURUAN KRISTEN METHODIST EL-SHADDAY,KAB. SERDANG BEDAGAI,KEC. PANTAI CERMIN,JL.BESAR PANTAI CERMIN
10261868,SDS BITI SCHOOL,085362459839,sdbitischool@gmail.com,C,,0,,KOTA MEDAN,KEC. MEDAN PETISAH,JL. AYAHANDA NO.38
10213671,SD SWASTA KATOLIK DISKI,082185546545,diskikatolik@yahoo.co.id,A,377,19,YAYASAN PERGURUAN KATOLIK DON BOSCO KEUSKUPAN AGUNG MEDAN,KAB. DELI SERDANG,KEC. SUNGGAL,"JL.BINJAI KM.14,5 DISKI"
10261994,SD SWASTA ISLAM NURUL JIHAD,081376654765,sdislam_nuruljihad@yahoo.com,B,133,12,YAYASAN PENDIDIKAN NURUL JIHAD,KAB. SIMALUNGUN,KEC. GUNUNG MALELA,NAGORI SERAPUH
10210700,SDS MUHAMMADIYAH 20,081260353509,sdmuhammadiyah20swasta@gmail.com,B,89,11,PIMPINAN DAERAH MUHAMMADIYAH (PDM) KOTA MEDAN,KOTA MEDAN,KEC. MEDAN AREA,JL GEDUNG ARCA GG PERSATUAN NO 4
10259527,SDS BHAKTI MULIA,082164982110,sdsbhaktimulia@yahoo.co.id,C,133,5,BHAKTI MULIA,KAB. LABUHANBATU,KEC. PANAI TENGAH,SEI SIARTI
10260955,SD SWASTA ADVENT KAMPUNG SUBUR,082166155311,sekolahadventtks@gmail.com,C,25,7,YAYASAN PENDIDIKAN GEREJA MASEHI ADVENT HARI KETUJUH SUMATERA UTARA,KAB. BATU BARA,KEC. LAUT TADOR,JL.SEI LANGGEI
10211880,SD BUDI MULIA 2,06227436183,sdbudimulia2@gmail.com,A,483,20,YAYASAN BUDI MULIA LOURDES,KOTA PEMATANGSIANTAR,KEC. SIANTAR MARIHAT,JL.FAREL PASARIBU NO.34
10261660,SD EKA HUDA,082273555310,ekhudda03@gmail.com,A,115,9,YAYASAN PENDIDIKAN EKA HUDDA,KAB. DELI SERDANG,KEC. HAMPARAN PERAK,JL. TANDAM HILIR PASAR I DUSUN VIII
10260363,SD SWASTA MODEL AL-AZHAR,0618368796,dedek_eriza@yahoo.co.id,A,472,40,YAYASAN HAJJAH RACHMAH NASUTION,KOTA MEDAN,KEC. MEDAN JOHOR,JL. PINTU AIR IV NO. 189
10220797,SDS SENTOSA,0614154491,yayasan.pendidikan.sentosa.medan@gmail.com,C,60,8,YAYASAN PENDIDIKAN SWASTA SENTOSA RAYA,KOTA MEDAN,KEC. MEDAN PERJUANGAN,JALAN PROF. H.M. YAMIN SH NO. 450 MEDAN
10258876,SD SWASTA ISLAM TERPADU AL-MUSABBIHIN,0618224722,sekolahalmusabbihin@gmail.com,A,504,37,YAYASAN WAKAF KELUARGA MUSLIM TASBIH,KOTA MEDAN,KEC. MEDAN SUNGGAL,JL. SETIA BUDI KOMP. TASBIH BLOK C NO. 100 KEL. TANJUNG REJO KEC. MEDAN SUNGGAL
10261725,SD SWASTA ISLAM AN-NAHLU KISARAN,082236520558,annahlukisaran@gmail.com,A,512,31,YAYASAN AN NAHLU KISARAN,KAB. ASAHAN,KEC. KISARAN TIMUR,JL.SYECH ISMAIL NO.45
10220561,SD SWASTA FILADELFIA TARUTUNG,06337325618,sdfiladelfiatarutung16@gmail.com,A,238,14,YAYASAN PENDIDIKAN FILADELFIA,KAB. TAPANULI UTARA,KEC. TARUTUNG,TARUTUNG
10210638,SDS HKBP MARANATHA,081260318256,sdhkbpmaranatha@gmail.com,A,109,8,HKBP WAHIDIN BARU,KOTA MEDAN,KEC. MEDAN TEMBUNG,JL. PUKAT VII GG. GEREJA NO.23 KOTA MEDAN
10215107,SD SWASTA AL WASHLIYAH 52 PEMATANG JOHAR,081262269898,sdalwashliyah52pematangjohar@gmail.com,C,288,18,AL-JAMI'YATULWASHLIYAH,KAB. DELI SERDANG,KEC. LABUHAN DELI,JL KEPERCUT KM.13 PSR.6 DSN.10 PEMATANG JOHAR
70013264,SD IT KHAIRUL FATAYA,081378205204,,B,102,8,YAYASAN PENDIDIKAN KHAIRUL FATAYA,KAB. DELI SERDANG,KEC. PERCUT SEI TUAN,JL. MAKMUR GG. KENANGA 26
10259094,SD SWASTA  AL WASHLIYAH 4 RT. 1,081376904030,alwashliyahpmasyhur@yahoo.co.id,B,110,8,PERKUMPULAN AL JAMI'ATUL WASHLIYAH,KOTA MEDAN,KEC. MEDAN JOHOR,JL.M. BASYIR NO. 9
10254838,SD SWASTA  PUTRA NEGERI,,sdsputranegerimedan@gmail.com,C,84,8,PUTRA NEGERI,KOTA MEDAN,KEC. MEDAN DELI,"JL. KL. YOS SUDARSO KM. 9,5 MEDAN"
10212432,SDSISINGAMANGARAJA 1,081363008619,sd_sisingamangaraja@yahoo.co.id,A,662,35,YAYASAN PERGURUAN SISINGAMANGARAJA,KOTA TANJUNG BALAI,KEC. TANJUNG BALAI SELATAN,JL. SAYUTI NO. 11
10202109,SD SWASTA MASEHI 3 KABANJAHE,081376691797,masehikabanjahe@gmail.com,B,106,11,YPK GBKP CABANG ASRAMA KODIM,KAB. KARO,KEC. KABANJAHE,KABANJAHE
10211416,SD SWASTA TELADAN,0618822979,sdteladanbinjai@gmail.com,B,11,6,YAYASAN TELADAN BINJAI,KOTA BINJAI,KEC. BINJAI KOTA,JL. TELADAN NO.2
10213628,SD SWASTA METHODIST TANJUNG MORAWA,0617940386,sd@methodist-tamora.sch.id,A,614,34,YAYASAN METHODIST KASIH IMANUEL INDONESIA,KAB. DELI SERDANG,KEC. TANJUNG MORAWA,JL IRIAN NO 239 TANJUNG MORAWA
10220632,SD ALWASHLIYAH 43 FIRDAUS,081371114655,alwashliyah43@gmail.com,B,396,22,AL JAM'IYATUL WASHLIYAH,KAB. SERDANG BEDAGAI,KEC. SEI RAMPAH,DESA FIRDAUS
70055685,SD IT AL MADANI,,,,60,11,YAYASAN EDUKASI MADANI CEMERLANG,KOTA MEDAN,KEC. MEDAN MARELAN,JL DURUNG II LINGKUNGAN 19
10259511,SDS BINTANG TIMUR,,sdsbintangtimoer@gmail.com,TIDAK TERAKREDITASI,,0,YAYASAN BINTANG TIMUR,KAB. LABUHANBATU,KEC. PANAI HILIR,BINTANG TIMUR
10213691,SD TAMAN SISWA,0618826064,sdtamansiswadiski@gmail.com,B,181,14,PERSATUAN PERGURUAN TAMANSISWA CABANG DISKI,KAB. DELI SERDANG,KEC. SUNGGAL,JL. BINJAI KM.15 DISKI
10206280,SD SWASTA SANTA MARIA TARUTUNG,063321979,1976sdssantamariatarutung@gmail.com,A,777,32,YAYASAN PENDIDIKAN KATOLIK SANTO YOSEPH MEDAN,KAB. TAPANULI UTARA,KEC. TARUTUNG,JL. D.I. PANJAITAN NO. 39
10213625,SD II YP MEDAN PUTRI,081370771909,sdmedanputri2@gmail.com,C,63,11,YAYASAN PENDIDIKAN MEDAN PUTRI,KAB. DELI SERDANG,KEC. SUNGGAL,JALAN PAYA BAKUNG KOMPLEK PGSS
10261623,SDS AS-SYAFIIYAH,0617869555,sd.assyafiiyah@gmail.com,A,68,16,ASY-SYAFI'IYAH INTERNASIONAL,KOTA MEDAN,KEC. MEDAN JOHOR,JL. KARYA WISATA II NO. 1
70060049,SD SWASTA ASY DARUSSALAM,,,,22,4,YAYASAN PENDIDIKAN ASY DARUSSALAM,KOTA MEDAN,KEC. MEDAN MARELAN,JL M BASIR GG PERHATIAN LINGKUNGAN 31
10210510,SD SWASTA ST. ANTONIUS I,0614520724,sdsantoantonius1@yahoo.com,A,337,22,YAYASAN SERI AMAL MEDAN,KOTA MEDAN,KEC. MEDAN BARU,JL. SRIWIJAYA NO. 7
10215172,SD MUHAMMADIYAH 29,081376761075,muhammadiyah29@gmail.com,B,372,29,PIMPINAN DAERAH MUHAMMADIYAH (PDM) KAB. DELI SERDANG,KAB. DELI SERDANG,KEC. SUNGGAL,JL. JATI NO. 178
10259521,SDS LETJEN HARYONO MT,0618460390,sdletjen.haryonomt@yahoo.co.id,B,219,20,YAYASAN PERGURUAN LETJEN HARYONO M.T,KOTA MEDAN,KEC. MEDAN SUNGGAL,JL.PINANG BARIS II GG. SEKATA
10259196,SD SWASTA TRI MURNI,6617530,trimurni@trimurnischool.org,B,47,8,LPK TRI MURNI,KOTA MEDAN,KEC. MEDAN DELI,"JL. KL YOS SUDARSO KM.6,5 GG. FAMILI"
69980324,SD ISLAM TERPADU MISBAHUL UMMAH,081534465419,,A,250,18,YAYASAN PENDIDIKAN ISLAM ALMISBAH,KAB. SERDANG BEDAGAI,KEC. TELUK MENGKUDU,JL. DUSUN I
69934306,SD ISLAM AL-HIKMAH,081361772537,alhikmah16@yahoo.co.id,C,33,4,YAYASAN PENDIDIKAN AL HIKMAH,KAB. DELI SERDANG,KEC. SUNGGAL,JL. KEDURI DUSUN VIII
10261206,SD SWASTA ISLAM ASH-SHOLIHAH,08116046466,sdiashsholihah2009@gmail.com,C,546,21,MUHAMMAD ZEIN SIREGAR,KOTA MEDAN,KEC. MEDAN JOHOR,JL. EKA BAKTI GG. BONSAI NO. 47-A
70045459,SD LIBERTY INTELLIGENCE SCHOOL,,,,17,6,YAYASAN LIBERTY INTELLIGENCE SCHOOL,KOTA MEDAN,KEC. MEDAN MARELAN,JL.PLATINA RAYA NO.32A
69991921,SD SWASTA IT MAHAD MUHAMMAD SAMAN,,,A,306,17,YAYASAN PENDIDIKAN HAJJAH NYAK KAOY (YAPINKA),KAB. DELI SERDANG,KEC. SUNGGAL,"GLUGUR RIMBUN DISKI KM 15,5 DESA TELAGA SARI"
10205534,SD MUHAMMADIYAH 3 AEK KANOPAN,081265513236,,C,20,10,PIMPINAN DAERAH MUHAMMADIYAH (PDM) KAB. LABUHAN BATU UTARA,KAB. LABUHANBATU UTARA,KEC. KUALUH HULU,JL. TENGKU RADEN DUSUN I
70060301,SD IT ARANDA,,,,,2,PENDIDIKAN NAWI ARGARA,KAB. DELI SERDANG,KEC. PERCUT SEI TUAN,JL. P. DIPONEGORO
70060645,SD SWASTA TIO,,,,14,5,CAHAYA PENDIDIKAN TIO,KAB. DELI SERDANG,KEC. TANJUNG MORAWA,JL. RAYA MEDAN - TANJUNG MORAWA GG. RASMI UJUNG DUSUN XIV KAMPUNG MARJANJI
10204760,SD S SARI PERSADA RAYA,082369594902,,B,156,10,YAYASAN SARI PERSADA RAYA,KAB. ASAHAN,KEC. BANDAR PASIR MANDOGE,PT. SARI PERSADA RAYA HUTA BAGASAN
69956509,SD ISLAM TERPADU NURUL IHSAN AN NAWAWI,085296223304,nurulihsan.annawawi@gmail.com,C,102,8,NURUL IHSAN AN NAWAWI,KAB. DELI SERDANG,KEC. TANJUNG MORAWA,"JL. MEDAN-LUBUK PAKAM KM. 21,5 PASAR VII DUSUN VIII"
10210355,SDS AL WASHLIYAH 10,,hazlialfajri@gmail.com,B,44,10,AL-WASHLIYAH 10,KOTA MEDAN,KEC. MEDAN TIMUR,JL.BAMBU NO.37
69995777,SD KASIH ANUGRAH,,sdanugerah@gmail.com,A,89,10,YAYASAN HORAS KASIH ANUGRAH,KAB. TOBA,KEC. BALIGE,JL. SOMBA DEBATA NO.2 ONAN RAJA
10201465,SD SWASTA PANCA KARYA,082365021281,sdswastapancakarya@gmail.com,B,71,10,YAYASAN PENDIDIKAN PANCA KARYA,KAB. LANGKAT,KEC. STABAT,JL. WONOSARI NO. 1
10215185,SD SWASTA PAB 13,081264249035,sds.pab13@gmail.com,C,105,10,PERKUMPULAN AMAL BAKTI  SUMATERA UTARA,KAB. DELI SERDANG,KEC. LABUHAN DELI,JL. KARYA IV PASAR 2
10209901,SD SWASTA NURUL ISLAM INDONESIA,0617360440,nurulislamindonesia.unitsd@yahoo.co.id,A,195,14,NURULISLAMINDONESIABARU,KOTA MEDAN,KEC. MEDAN AREA,JL. MEGAWATI NO 20 B
69961751,SD SWASTA JOSEPH MANDIRI,085361703575,sdjosephmandiri@yahoo.com,B,52,7,YAYASAN ANUGERAH KASIH MEMBANGUN INDONESIA,KAB. DELI SERDANG,KEC. HAMPARAN PERAK,JL. GEREJA GERMENIA DUSUN XIX PASAR IV
10210571,SDS MUHAMMADIYAH 08,085262325441,sdmuhammadiyah08@yahoo.co.id,B,620,38,PIMPINAN DAERAH MUHAMMADIYAH (PDM) KOTA MEDAN,KOTA MEDAN,KEC. MEDAN AREA,JL BROMO GG SANTUN NO 19
10204763,SD MUHAMMADIYAH BANGUN SARI,,sdmbangunsari@yahoo.com,C,81,11,PIMPINAN DAERAH MUHAMMADIYAH (PDM) KAB. ASAHAN,KAB. ASAHAN,KEC. SILAU LAUT,JL. PROTOKOL
70043270,SD SWASTA ISLAM TEGAR TANGGUH,089535161010,sdislamtegartangguh@gmail.com,B,110,8,YAYASAN TEGAR TANGGUH MADANI,KAB. SIMALUNGUN,KEC. BANDAR,HUTA II BANDAR JAWA
70024475,SDIT UMMU MARDIYAH,,,,56,9,PENDIDIKAN BUDI UTOMO BINJAI,KOTA BINJAI,KEC. BINJAI BARAT,JL. T AMALUDDIN
70057872,SDIT PLUS AL HADI,082275386193,alhadischool.batubara@gmail.com,,23,12,YAYASAN BENGKEL KARAKTER ROBBANI,KAB. BATU BARA,KEC. AIR PUTIH,"JL. T. RAHMADSYAH, KEL./DESA TITI PAYUNG, KECAMATAN AIR PUTIH KABUPATEN BATU BAR"
10220726,SDS AMAL LUHUR,8470954,sd.amal.luhur82@gmail.com,B,130,9,,KOTA MEDAN,KEC. MEDAN HELVETIA,JL. AMAL LUHUR NO. 116 MEDAN
69867966,SD S MULYA UTAMA BAGAN TOREH,082368287797,sdmulyautama@yahoo.co.id,B,76,5,YAYASAN PENDIDIKAN KRIDA UTAMA,KAB. LABUHANBATU SELATAN,KEC. TORGAMBA,JL. PELAJAR DUSUN JADI MULYA
10220818,SDS HARAPAN MULIA,082166566444,fitri_cu@yahoo.co.id,B,142,11,YAYASAN MALIKUL ASYRAF,KOTA MEDAN,KEC. MEDAN MARELAN,"JL.MARELAN VII, PASAR I TENGAH"
69787469,SD SWASTA GKPS SARIBUDOLOK,,sdswtgkpssaribudolok@gmail.com,A,683,27,YAYASAN PENDIDIKAN GKPS,KAB. SIMALUNGUN,KEC. SILIMAKUTA,JLN MERDEKA NO. 55 SARIBUDOLOK
70032464,SD IT KHAIRUN NAJAH,,,,88,3,YAYASAN PENDIDIKAN KHAIRUN NAJAH PANTAI CERMIN,KAB. SERDANG BEDAGAI,KEC. PANTAI CERMIN,JLN. MENANG DUSUN I
10220422,SD SWASTA TRINITY BERASTAGI,062891883,ypktrinityberastagi@yahoo.co.id,B,144,11,YAYASAN PERGURUAN KRISTEN SWASTA TRINITY,KAB. KARO,KEC. BERASTAGI,JL. UDARA GG. TAMBAH NO.109 BERASTAGI
70049419,SD MUHAMMADIYAH PLUS SIBULUAN,082171990878,esdemusibuluan@gmail.com,,103,7,PIMPINAN DAERAH MUHAMMADIYAH (PDM) KAB. TAPANULI TENGAH,KAB. TAPANULI TENGAH,KEC. PANDAN,"JL. PADANGSIDIMPUAN KM. 7,5"
70036164,SD PRANISA SCHOOL,081375777018,,,87,10,YAYASAN PENDIDIKAN PRANISA SCHOOL,KAB. DELI SERDANG,KEC. PANCUR BATU,JL. LETJEN JAMIN GINTING DUSUN II
10220794,SD SWASTA MUHAMMADIYAH 9,082165734957,sdsmuhammadiyah9@gmail.com,B,199,11,PIMPINAN DAERAH MUHAMMADIYAH (PDM) KOTA MEDAN,KOTA MEDAN,KEC. MEDAN PERJUANGAN,JL  RAKYAT / NURI NO 4A
69734121,SD SW LAVANIA SCHOOL TOBASA,082367877507,sdswastalavaniaschool12@gmail.com,B,410,21,SD LAVANIA SCHOOL TOBASA,KAB. TOBA,KEC. SILAEN,JL. PARSOBURAN
10220310,SD KEJAYAAN INDONESIA,0618825705,siawangster@gmail.com,A,286,13,YAYASAN AGAPE KEJAYAAN INDONESIA,KOTA BINJAI,KEC. BINJAI BARAT,JLN MAYJEND SUTOYO  NO.2 BINJAI BARAT
70039995,SD IT KHUSNUL HAFZHAN,,,,63,6,YAYASAN PENDIDIKAN KHUSNUL HAFZHAN,KAB. DELI SERDANG,KEC. HAMPARAN PERAK,JL. BINJAI KM 15 DISKI-DUSUN XVI DESA PAYA BAKUNG KEC. HAMPARAN PERAK
69733887,SD FITRIA RAHMAH,081360197747,fitriarahma756@gmail.com,C,99,11,YPI FITRIA RAHMAH,KAB. DELI SERDANG,KEC. PERCUT SEI TUAN,PERCUT SEI TUAN
10261403,SDS DUTA HARAPAN BUKIT SION,082190286730,sdsdhbs80@gmail.com,B,68,10,YAYASAN DUTA HARAPAN BUKIT SION,KOTA MEDAN,KEC. MEDAN DENAI,JL. TANGKUK BONGKAR X NO.74
10212146,SD MUHAMMADIYAH 3,081370037561,sdmuhammadiyahtiga.tiga@yahoo.co.id,C,108,9,PIMPINAN DAERAH MUHAMMADIYAH (PDM) KOTA SIBOLGA,KOTA SIBOLGA,KEC. SIBOLGA SAMBAS,JL. SISINGAMANGARAJA NO. 97A
69962532,SD SWASTA TARUNA BANGSA UTAMA,085270522984,sdstbu@gmail.com,C,10,5,YAYASAN  TARUNA BANGSA UTAMA,KAB. SERDANG BEDAGAI,KEC. SEI BAMBAN,JALAN NEGARA DUSUN I DESA PON
69831495,SD SWASTA HARAPAN SAKTI,081362039135,pendidikanharapansakti@gmail.com,A,196,12,YAYASAN PENDIDIKAN HARAPAN SAKTI,KAB. DELI SERDANG,KEC. HAMPARAN PERAK,JL.DARSONO DUSUN VII NO.211
69992882,SD SWASTA ISLAM TERPADU RAM SCHOOL,081362927560,sditramschool@gmail.com,C,121,8,PAUD RAM SCHOOL,KAB. DELI SERDANG,KEC. PATUMBAK,JL. TANGKAHAN BATU DUSUN I DESA SIGARA-GARA
69984125,SD ISLAM TERPADU AL-ITTIHADIYAH TELADAN,,sditalittihadiyah55@gmail.com,B,63,6,YAYASAN PERGURUAN AL-ITTIHADIYAH TELADAN,KOTA MEDAN,KEC. MEDAN KOTA,JL. GEDUNG ARCA NO. 55 MEDAN
69986207,SD SWASTA PUTRI INDAH EL SHADAI,082399550610,sdputriindahelshadai@gmail.com,B,63,8,YAYASAN PUTRI INDAH EL SHADAI,KOTA MEDAN,KEC. MEDAN JOHOR,JL. PINTU AIR IV GG. GURU PATIMPUS NO. 2
69934541,SD ISLAM ZAM ZAM SIMA,082213856037,zamzamsimasdi@gmail.com,B,54,3,YAYASAN PENDIDIKAN ZAM ZAM SIMA SUNGGAL,KAB. DELI SERDANG,KEC. SUNGGAL,"JL BINJAI KM 16,5 AMAN DAMAI"
70032587,SD SWASTA AL-FATIH,,,,236,14,YAYASAN PENDIDIKAN ISLAM AL BAY HAQI,KAB. BATU BARA,KEC. AIR PUTIH,JL. RAMBATE RATA RAYA
10220707,SDS BERSUBSIDI WIDURI,08126525719,widuri_sd@yahoo.co.id,C,3,2,YAYASAN PERGURUAN WIDURI,KOTA MEDAN,KEC. MEDAN KOTA,JL.PELAJAR NO 116 A
60725070,SD SWASTA MANDIRI SIDODADI,085363555198,sdswastamandiri@yahoo.com,B,25,3,,KAB. LABUHANBATU,KEC. BILAH BARAT,JL. KARYA MAJU DESA JANJI DUSUN SIDODADI KELURAHAN BANDAR KUMBUL
70007781,SD SWASTA MANNA,081262608348,,A,168,10,YAYASAN PENDIDIKAN KRISTEN MANNA,KAB. DELI SERDANG,KEC. PERCUT SEI TUAN,JL. BATAS DUSUN IV PASAR 1
69991599,SD HOLY KIDS BERSINAR MEDAN,,,A,150,9,YAYASAN SEMPAKATA BERSINAR,KOTA MEDAN,KEC. MEDAN SELAYANG,JL SEDAP MALAM XII
70061593,SD IT PLUS JELITA,,,,,0,,KOTA MEDAN,KEC. MEDAN MARELAN,"JALAN JALA IX GANG KAMBING, LINGKUNGAN IV"
10202078,SD SWASTA ALWASLIYAH BERASTAGI,062893133,,B,282,15,AL JAM'IATUL WASHLIYAH,KAB. KARO,KEC. BERASTAGI,JL. MESJID RAYA BERASTAGI
10261221,SDS CERDAS,082361084468,sds.cerdas@gmail.com,C,,0,SD SWASTA CERDAS,KOTA MEDAN,KEC. MEDAN TUNTUNGAN,JL. FLAMBOYAN RAYA GG. SUKA SAMA NO. 7
70061772,SD SWASTA SEKOLAH ALAM GEMARI,,,,31,15,YAYASAN GENERASI ALAM HIJAU BERSERI,KOTA MEDAN,KEC. MEDAN TUNTUNGAN,JL BUNGA GAYONG LK III
60728988,SD SWASTA BRIGJEND KATAMSO II,0616854666,katamsodua@yahoo.co.id,B,403,26,YAYASAN PERGURUAN NASIONAL BRIGJEND KATAMSO,KOTA MEDAN,KEC. MEDAN MARELAN,"JL. MARELAN RAYA, PASAR III LINGK. XII"
10210478,SD SWASTA DR.WAHIDIN SUDIROHUSODO,0616851270,sd_wahidin@yahoo.co.id,A,1139,66,YAYASAN PERGURUAN DR. WAHIDIN SUDIROHUSODO,KOTA MEDAN,KEC. MEDAN LABUHAN,JL.KL. YOS SUDARSO
10260875,SD SWASTA AN-NUR,082360000722,sdswasta_annur@yahoo.co.id,B,150,10,YAYASAN PERGURUAN AN-NUR,KAB. DELI SERDANG,KEC. TANJUNG MORAWA,JL BANDAR LABUHAN DUSUN III
10220550,SD S LUTHER,082160629807,sdswastalutherlumbansiagian@gmail.com,B,97,8,YAYASAN PERGURUAN LUTHERAN INDONESIA,KAB. TAPANULI UTARA,KEC. SIATAS BARITA,JLN. MARHUSA PANGGABEAN
69753917,SDS GENERASI BANGSA,0616856080,sdgerbang@yahoo.com,A,427,31,YPP GENERASI BANGSA,KOTA MEDAN,KEC. MEDAN LABUHAN,JL. RAWE IV PSR 6 MARTUBUNG
10211454,SD SWASTA MELATI,085297168406,sdswastamelati@gmail.com,B,180,15,YAYASAN PERGURUAN MELATI,KOTA BINJAI,KEC. BINJAI UTARA,"JL. MT. HARYONO, NO. 314"
70044510,SD IT FARIDHATUL FATHANAH,085362005235,sditfaridhatulfathanah@gmail.com,B,96,11,YAYASAN FARIDHATUL FATHANAH ISLAMIC SCHOOL,KOTA TANJUNG BALAI,KEC. DATUK BANDAR,JLN. R.A KARTINI LK. IV
10201362,SD SWASTA GKPS BANDAR KUALA,085270591554,sdswastagkpsbandarkuala@yahoo.com,B,22,4,YAYASAN PENDIDIKAN GKPS,KAB. DELI SERDANG,KEC. BANGUN PURBA,DESA BANDAR BANDAR
70057341,SDIT ASADIYAH MUHAMMAD LIM,,,,31,6,YAYASAN ASADIYAH MUHAMMAD LIM,KAB. LABUHANBATU,KEC. BILAH HILIR,JLN.SIMPANG KAMPUNG JAWA TANGKAHAN PASIR
69900871,SD SWASTA PENGHARAPAN,081269015386,pengharapansd@gmail.com,B,157,7,LEMBAGA PENDIDIKAN INDONESIA-JERMAN,KAB. DELI SERDANG,KEC. PATUMBAK,JL. PASAR IV
10257951,SDISLAM AL MAARIF,,sds.almaarif@gmail.com,B,69,9,AL-MA'ARIF,KAB. LANGKAT,KEC. BABALAN,JL. KALIMANTAN NO.3
10210680,"SD SWASTA MUHAMMADIYAH 03, -",,sdmuh3medan@yahoo.com,A,653,40,PIMPINAN DAERAH MUHAMMADIYAH (PDM) KOTA MEDAN,KOTA MEDAN,KEC. MEDAN SELAYANG,JL.ABD HAKIM NO 2
10202110,SD SWASTA METHODIST BERASTAGI,062891114,sdmethodistberastagi@yahoo.co.id,A,449,21,YAYASAN METHODIST RAHMANI INDONESIA,KAB. KARO,KEC. BERASTAGI,JL. VETERAN NO. 44 BERASTAGI
10213672,SD RK FR XAVERIUS,08566698614,sd.fr_xaverius@yahoo.co.id,B,163,11,YAYASAN PERGURUAN KATOLIK DON BOSCO KEUSKUPAN AGUNG MEDAN,KAB. DELI SERDANG,KEC. NAMO RAMBE,PASAR III NAMORAMBE
69970660,SD ISLAM TERPADU AL - FURQON MADINA,,,B,422,28,ALFURQON MADINA,KAB. MANDAILING NATAL,KEC. PANYABUNGAN,JL. H. MAHMUD LUBIS GG. SINAR BAKTI NO. 1
10220735,SDS KARTIKA I-1,0618465593,sd_kartika1medan@ymail.com,A,216,14,YAYASAN KARTIKA JAYA CABANG I BUKIT BARISAN,KOTA MEDAN,KEC. MEDAN HELVETIA,JL. H. A MANAF LUBIS
70032222,SD SWASTA IT AL-IKHWAN,,sditalikhwanperdagangan@gmail.com,,200,12,PERGURUAN AL IKHWAN,KAB. SIMALUNGUN,KEC. BANDAR,HUTA II JL. SEDERHANA PERDAGANGAN
10257835,SDS IKHLASHIYAH,0616636923,sdikhlashiyah@yahoo.com,B,27,5,ASHARI FAHMI S.PD,KOTA MEDAN,KEC. MEDAN PERJUANGAN,JLN RAKYAT NO.148/166 MEDAN
10200723,SD SWASTA NASIONAL,081370722242,perguruan_nasional@yahoo.com,B,54,8,YAYASAN PENDIDIKAN BUDIMAN KUNIMAH,KAB. DELI SERDANG,KEC. LUBUK PAKAM,JL. TENGKU FACHRUDDIN NO. 15 LUBUK PAKAM
10213591,SD SWASTA BAKTI,06180046041,amanahsurbakti@yahoo.com,B,56,11,BAKTI,KAB. DELI SERDANG,KEC. PANCUR BATU,JL. TUKANG BESI NO 80
10259530,SD ADVENT BULU TOLANG,081260945172,sdadvent_buluhtolang@yahoo.com,B,53,6,YAYASAN PENDIDIKAN GEREJA MASEHI ADVENT HARI KETUJUH SUMATERA UTARA,KAB. LABUHANBATU,KEC. PANAI TENGAH,JL. BESAR BULU TOLANG
10210686,SD SWASTA METHODIST 4 MEDAN,0614512475,sdmethodistpolonia@yahoo.com,B,128,10,YAYASAN PENDIDIKAN GEREJA METHODIST INDONESIA 4,KOTA MEDAN,KEC. MEDAN POLONIA,JL. PEKONG NO. 31 POLONIA MEDAN
70001875,SD ISLAM IMAM SYAFII KISARAN,081263010130,sdislamimamsyafii1507@gmail.com,A,316,33,YAYASAN NURUSSUNNAH KISARAN,KAB. ASAHAN,KEC. KISARAN TIMUR,JL. KHALIFAH GG. BERSAMA II
10220783,SDS SHAFIYYATUL AMALIYYAH,0618211347,sdypsa@yahoo.com,A,458,46,YAYASAN PENDIDIKAN SHAFIYYATUL AMALIYYAH,KOTA MEDAN,KEC. MEDAN SUNGGAL,JL. SETIA BUDI NO 191 MEDAN
10260798,SD NUSANTARA,,sdnusantara10@gmail.com,B,220,11,YAYASAN PENDIDIKAN NUSANTARA,KAB. SERDANG BEDAGAI,KEC. TEBING TINGGI,PSR III PAYA LOMBANG
10205522,SD SETIA KAWAN AEK KUO II,081265242071,sdssetiakawan@yahoo.com,C,58,4,DARMA SEJATI,KAB. LABUHANBATU UTARA,KEC. KUALUH HILIR,KUALA BANGKA
70051096,SD IT HARIS AL - UMMAH,,,,119,9,YAYASAN PEMBINAAN HARIS AL UMMAH,KAB. DELI SERDANG,KEC. PERCUT SEI TUAN,JL. MEDAN BATANG KUIS GANG KELUARGA BERSAMA DUSUN VIII
69968410,SD SWASTA NANDA AL MANAF,081265103111,nandaalmanaf07@gmail.com,B,275,19,YAYASAN ANNAS MANAFI AMIN,KAB. DELI SERDANG,KEC. SUNGGAL,JL. PAYA BAKUNG MULIO REJO DUSUN 19 PERUMAHAN SUMBER MELATI PERMAI BLOK F NO. 16
10211417,SD SWASTA TAMANSISWA,0618821958,iwijaya844@gmail.com,A,50,8,PERSATUAN PERGURUAN TAMANSISWA CABANG BINJAI,KOTA BINJAI,KEC. BINJAI KOTA,JL. JENDRAL SUDIRMAN NO.11 BINJAI
10258723,SDS AL WASHLIYAH,,sdalwashliyahmedantembung@yahoo.co.id,C,89,9,YAYASAN PENDIDIKAN DAN PESANTREN AL JAMIATUL WASHLIYAH,KOTA MEDAN,KEC. MEDAN TEMBUNG,JL.NEGARA NO 97 MEDAN
10203008,SD SWASTA AL ITTIHADIYAH,081362349183,rasmad.sag74@gmail.com,B,116,6,,KAB. SIMALUNGUN,KEC. PEMATANG BANDAR,"JLN. PEMATANG BANDAR KM 3,5"
10258067,SDS MUHAMMADIYAH 32,,ori.selly@gmail.com,B,77,9,PIMPINAN DAERAH MUHAMMADIYAH (PDM) KOTA MEDAN,KOTA MEDAN,KEC. MEDAN PETISAH,JL MISTAR GG. MUHAMMADIYAH NO.3 MEDAN
69939296,SD SWASTA ISLAM TERPADU NURUL IKHWAN,,nurulikhwansd@gmail.com,B,94,10,YAYASAN PEMBANGUNAN PANTAI CERMIN,KAB. SERDANG BEDAGAI,KEC. PANTAI CERMIN,JALAN H.T RIZAL NURDIN PANTAI CERMIN KANAN
10212142,SD HKBP 1,085370351736,sdswastahkbpno1sibolga@gmail.com,C,94,12,YAYASAN PENDIDIKAN HKBP SIBOLGA,KOTA SIBOLGA,KEC. SIBOLGA UTARA,JL. GEREJA NO.3
69981539,SD SWASTA ISLAM TERPADU GENERASI MADANI,08126312296,sditgenerasimadani@gmail.com,B,106,10,YAYASAN GENERASIAMANAH MADANI,KAB. DELI SERDANG,KEC. PERCUT SEI TUAN,JL. IRIAN BARAT GG. TAWON DUSUN 17 NO. 1A
10220420,SD SWASTA HARAPAN MBURIDI,,mburidisdswastaharapan@gmail.com,A,47,5,,KAB. KARO,KEC. KUTABULUH,DESA MBURIDI
10257952,SD BABALAN II,085362640993,sdswastababalan@gmail.com,C,147,8,ABDUL SANI SITORUS,KAB. LANGKAT,KEC. BABALAN,"JALAN BABALAN UJUNG,GANG MASAKAN GARAM PANGKALAN BERANDAN"
70049162,SD IT UMMI MIDAR ASSYIFA,082362265764,sditummimidarassyifa@gmail.com,,24,5,YAYASAN UMMI MIDAR ASSYIFA,KAB. LABUHANBATU,KEC. PANAI HULU,DUSUN LABUHAN
10213656,SD PAB 34,081397554321,sdspab34@gmail.com,A,331,16,PERKUMPULAN AMAL BAKTI  SUMATERA UTARA,KAB. DELI SERDANG,KEC. PATUMBAK,JL PERTAHANAN  PATUMBAK II
69926981,SD SWASTA KASIH BAPA,,sdkasihbapa549@gmai.com,C,102,8,YAYASAN KASIH BAPA MINISTRY TERATAI,KAB. DELI SERDANG,KEC. PERCUT SEI TUAN,DUSUN II LORONG PEMBANGUNAN
10258854,SD SWASTA RK MUTIARA BERSUBSIDI,,sdmutiara_kotagunungsitoli@yahoo.co.id,A,655,31,YAYASAN BUDI BAKTI KEUSKUPAN SIBOLGA,KOTA GUNUNGSITOLI,KEC. GUNUNGSITOLI,JL. NILAM NO. 6B
10220198,SD SWASTA BERSINAR,081397234672,sdbersinar2023@gmail.com,C,104,9,YAYASAN BERSINAR,KAB. DELI SERDANG,KEC. PERCUT SEI TUAN,JL PERKUSI NO 25 DUSUN III-A SELAMBO
10210656,SDS NURCAHAYA,0618213460,sdnurcahaya@yahoo.com,A,109,6,YAYASAN PENDIDIKAN NURCAHAYA,KOTA MEDAN,KEC. MEDAN SELAYANG,JL.BUNGA CEMPAKA NO 41
10210309,SD SWASTA ADVENT 2,0618223806,siregarnurbetty@gmail.com,A,169,9,YAYASAN PENDIDIKAN GEREJA MASEHI ADVENT HARI KETUJUH SUMATERA UTARA,KOTA MEDAN,KEC. MEDAN SELAYANG,JL DR MANSUR GG.BERKAT NO 9 MEDAN
70015435,SD SWASTA ISLAM YAUMI,,,,65,8,YAYASAN AMANAH UMMAT MUTIARA ILMU,KAB. ASAHAN,KEC. SEI DADAP,JL. DURIAN DUSUN I
60725260,SD IT DAARUL ISTIQLAL,081265720288,daistiqlal294@gmail.com,A,628,25,YAYASAN PENDIDIKAN DAARUL ISTIQLAL,KAB. DELI SERDANG,KEC. PATUMBAK,JL. PANTAI RAMBUNG GG. CAKRA 2 PASAR III DESA MARINDAL I
70060066,SD SWASTA IT DARUL HAYYA,,,,5,1,YAYASAN GEMA HAYYA PEDULI INDONESIA,KOTA TEBING TINGGI,KEC. PADANG HILIR,JL. SOEKARNO HATTA LK. III
69952832,SD SWASTA TRI KARYA,0618468569,sd_swasta_tri_karya@yahoo.com,B,125,8,YAYASAN PERGURUAN TRI KARYA,KAB. DELI SERDANG,KEC. SUNGGAL,JL. PERTANIAN NO.1
10263539,SD IT RAUDHATUL HASANAH,085361581340,sditraudhatulhasanah07@gmail.com,B,192,12,YAYASAN PENDIDIKAN PESANTREN NURUL HASANAH,KAB. LANGKAT,KEC. HINAI,DUSUN 2 SUKAJADI HINAI
69908123,SD MUHAMMADIYAH 1,082271145633,sdmuhammadiyahsidikalang2@gmail.com,C,84,10,PIMPINAN DAERAH MUHAMMADIYAH (PDM) KAB. DAIRI,KAB. DAIRI,KEC. SIDIKALANG,JL. MANUNGGAL
10257573,SDS NO. 100119 MUHAMMADIYAH H. LAMBUNG,085275790298,sds100119hutalambung@gmail.com,C,39,8,PIMPINAN DAERAH MUHAMMADIYAH (PDM) KAB. TAPANULI SELATAN,KAB. TAPANULI SELATAN,KEC. ANGKOLA BARAT,HUTALAMBUNG
10213647,SD SWASTA PAB 15,085768565814,sds_pab15@yahoo.co.id,B,405,16,PERKUMPULAN AMAL BAKTI  SUMATERA UTARA,KAB. DELI SERDANG,KEC. HAMPARAN PERAK,JL KLAMBIR LIMA PASAR IV UMUM
10220084,SD SWASTA BINTANG LAUT,081362994214,sdsbintanglaut@gmail.com,A,548,28,YAYASAN SANTU FIDELIS,KAB. NIAS SELATAN,KEC. TELUK DALAM,JL. DIPONEGORO NO. 26 A
10205541,SD ADVENT PULO HARAPAN,,sdadventpuloharapan01@gmail.com,C,89,6,YAYASAN PENDIDIKAN GEREJA MASEHI ADVENT HARI KETUJUH SUMATERA UTARA,KAB. LABUHANBATU UTARA,KEC. KUALUH HILIR,PULO HARAPAN
10259815,SD SWASTA MUHAMMADIYAH 02 PERDAGANGAN,0622697039,sd.muhammadiyah02perdagangan@gmail.com,A,519,21,PIMPINAN DAERAH MUHAMMADIYAH (PDM) KAB. SIMALUNGUN,KAB. SIMALUNGUN,KEC. BANDAR,JL STADION NO. 3 PERDAGANGAN
10210341,SDS AL WASHLIYAH 13,081214143736,basrulspd@gmail.com,B,58,10,SD AL WASHLIYAH 13,KOTA MEDAN,KEC. MEDAN MAIMUN,JL. PASAR SENEN NO. 7
69984682,SD SWASTA DARUSSALAM ISLAMIC SCHOOL KISARAN,085371440081,sddiskisarantimur1@gmail.com,A,539,23,YAYASAN PENDIDIKAN DARUSSALAM ISLAMIC SCHOOL,KAB. ASAHAN,KEC. KISARAN TIMUR,JL. K.H. WAHID HASYIM GG. DOYOK
10204765,SD MUHAMMADIYAH 1 KISARAN,082299254134,sdmuhammadiyah1kisaran@gmail.com,B,295,17,PIMPINAN DAERAH MUHAMMADIYAH (PDM) KAB. ASAHAN,KAB. ASAHAN,KEC. KISARAN BARAT,JL. KHA. DAHLAN NO. 1 KISARAN
10209001,SD SW. SANTO PAULUS ONANRUNGGU,,sdswstpaulusonanrunggu@gmail.com,A,165,13,YAYASAN PUTERI HATI KUDUS,KAB. SAMOSIR,KEC. ONANRUNGGU,ONANRUNGGU
10210321,SDS ALWASHLIYAH 26,081376204830,alwashliyah.bahari@gmail.com,B,208,13,AL JAM'IATUL WASHLIYAH,KOTA MEDAN,KEC. MEDAN LABUHAN,"JL. KOLONEL YOS SUDARSO 14,5 KAMP. BAHARI"
10206613,SD MUHAMMADIYAH BARUS PASAR,,sdmuhbaruspasar@yahoo.com,C,101,10,PIMPINAN DAERAH MUHAMMADIYAH (PDM) KAB. TAPANULI TENGAH,KAB. TAPANULI TENGAH,KEC. BARUS,JALAN RA KARTINI NO 51
10213639,SD SWASTA NURUL HASANAH,,sd_nurulhasanah@yahoo.com,A,614,31,YP NURUL HASANIAH,KAB. DELI SERDANG,KEC. PERCUT SEI TUAN,JL. AMAL BAKTI NO. 69 B
69969842,SD SWASTA ISLAM TERPADU AR-RIDHO,081396403269,arridhomencirim@gmail.com,A,324,7,YAYASAN AR-RIDHO HASANUL ARIFIN SRIYANTA,KAB. DELI SERDANG,KEC. SUNGGAL,JL. SEI MENCIRIM PSR. V DUSUN VII-A
69987077,SD ISLAM TERPADU PALAHY,081397201005,,A,277,16,YAYASAN PENDIDIKAN ISLAM PALAHY,KAB. PADANG LAWAS,KEC. SOSA JULU,JL. LINTAS RIAU DESA ROBURAN
10220709,SD SWASTA GRACIA SUSTAIN,7334105,graciasustain@gmail.com,A,608,38,YAYASAN GRACIA SUSTAIN,KOTA MEDAN,KEC. MEDAN KOTA,JL. TURI NO. 139
69959539,SD SWASTA ISLAM TERPADU RUHUL JADID,085274209712,sditruhuljadid@gmail.com,B,366,16,YAYASAN PENDIDIKAN RUHUL JADID,KAB. LABUHANBATU SELATAN,KEC. TORGAMBA,DUSUN TEMPEL
70047213,SDIT ALAYYA ISLAMIC SCHOOL,,,,38,6,YAYASAN ALAYYA ISLAMIC SCHOOL,KAB. LABUHANBATU,KEC. PANAI TENGAH,DUSUN XII DESA SEI RAKYAT
69981938,SD SWASTA MEDAN MULIA / MIAN ZHONG,,,A,954,29,YAYASAN PENDIDIKAN MEDAN MULIA/MIAN ZHONG,KOTA MEDAN,KEC. MEDAN SUNGGAL,JL. BANGAU / JL. GAGAK HITAM RING ROAD
70007970,SD IT PLUS AULIA KIDS SCHOOL,,auliakidsschoolsd@gmail.com,A,127,14,YAYASAN KIDOCI RYANTONO,KAB. DELI SERDANG,KEC. PERCUT SEI TUAN,JL. BENTENG HILIR/ BEJO GG. SAUDARA NO. 05
70043796,SD SWASTA WINFIELD BANDAR BARU,,,,56,11,YP KARYA ANUGERAH,KOTA MEDAN,KEC. MEDAN TIMUR,JL. BANDAR BARU NO. 4 KEL. SIDODADI
10260473,SD SIRATA-RATA,,sdsiratarata1@gmail.com,C,45,11,YAYASAN PERGURUAN SWASTA SIRATA RATA,KAB. LABUHANBATU UTARA,KEC. KUALUH SELATAN,DUSUN VII DESA SIAMPORIK
10213637,SD SWASTA NUR ADIA,0618221700,sdsnuradia@gmail.com,A,287,17,YAYASAN PENDIDIKAN NUR ADIA,KAB. DELI SERDANG,KEC. SUNGGAL,JL. BESAR TANJUNG SELAMAT NO. 100
70011306,SD KRISTEN KALAM KUDUS SIBOLGA,06313275897,sd@kalamkudussibolga.sch.id,,144,12,KALAM KUDUS,KOTA SIBOLGA,KEC. SIBOLGA KOTA,"JL. JANGGI, PASAR BELAKANG, SIBOLGA KOTA, KOTA SIBOLGA"
69893347,SD IT AL-MANAH MAMIREGI,0823670772074,sditalmanahmamiregi123@gmail.com,C,156,12,AL-MANAH MAMIREGI,KAB. DELI SERDANG,KEC. KUTAIIMBARU,JL. GLUGUR DISKI
70055804,SD ISLAM TERPADU AZ ZAHRA,,,,45,7,CAHAYA KEMULIAAN ABADI,KAB. DELI SERDANG,KEC. PANCUR BATU,DUSUN VI
69979568,SD SWASTA ISLAM TERPADU MIFTAHUL ILMI,081264866864,ts.sdit.milmi18@gmail.com,B,89,13,YAYASAN PENDIDIKAN ISLAM AL-MADANI,KAB. DELI SERDANG,KEC. GALANG,JL. PENDIDIKAN DSN I
69980378,SD SWASTA RAHAYU CHANDRA BETHANIA SCHOOL,062820976,ycpkebenaran@gmail.com,C,67,11,YAYASAN CAHAYA PELITA KEBENARAN,KAB. KARO,KEC. KABANJAHE,"JL. JAMIN GINTING, GANG GELOMBANG KETAREN-KABANJAHE"
70056564,SD SWASTA AL FURQON,,,,,0,,KAB. DELI SERDANG,KEC. HAMPARAN PERAK,JALAN TANDEM HILIR II DUSUN PASAR V TIMUR
10203610,SD SW. ADVENT BALNA,082163116935,sdadventbalna@yahoo.com,C,45,7,YAYASAN PENDIDIKAN GEREJA MASEHI ADVENT HARI KETUJUH SUMATERA UTARA,KAB. DAIRI,KEC. SUMBUL,SOSOR BALNA
69893103,SD SWASTA ISLAM TERPADU BUNAYYA,,bunayyapandan2014@gmail.com,A,453,28,YAYASAN ISHLAHUL UMMAH,KAB. TAPANULI TENGAH,KEC. PANDAN,JL. PADANG SIDEMPUAN KM 8
10260326,SDS BIG TOP,0618446604,sdswastabigtop@gmail.com,B,,0,"HENNY SUSAN, S.KOM",KOTA MEDAN,KEC. MEDAN SUNGGAL,JL KLAMBIR V KOMP.CITRA AGUNG ASRI BLOK C31-C39
70056914,SD SWASTA IT HJ SYAHRUZAT,,,,12,9,HAJJAH SYAHRUZAT NASUTION,KAB. LABUHANBATU SELATAN,KEC. KAMPUNG RAKYAT,DUSUN GARIANG PASAR DESA AIR MERAH
10210699,SDS MUHAMMADIYAH 23,0617731590,sd.muhammadiyah23@yahoo.com,B,147,10,PIMPINAN DAERAH MUHAMMADIYAH (PDM) KOTA MEDAN,KOTA MEDAN,KEC. MEDAN DENAI,JL.DENAI GANG MULAJADI
70054161,SEKOLAH DASAR ISLAM TERPADU (SDIT) AL-FALAAH PADANG CERMIN,,,,54,5,YAYASAN PENDIDIKAN ISLAM TERPADU AL FAALAH PADANG CERMIN,KAB. LANGKAT,KEC. SELESAI,DUSUN BERINGIN
70055155,SDIT AL IKHSAN,,sditalikhsan123@gmail.com,,144,8,AL IKHSAN CENGKEH TURI,KOTA BINJAI,KEC. BINJAI UTARA,JL. PACUL LK.I BINJAI
70049776,SD SAINT ANNA,,,,43,3,YAYASAN SEKOLAH INTERNASIONAL,KOTA SIBOLGA,KEC. SIBOLGA KOTA,JL. KUDA LLAUT NO.26
10220728,SDS BAKTI LUHUR,0618455123,sd.baktiluhur@gmail.com,A,168,25,YAYASAN BAKTI LUHUR,KOTA MEDAN,KEC. MEDAN HELVETIA,JALAN BAKTI LUHUR NO. 116 MEDAN
10204788,SD TPI KISARAN,082367109251,sdswastatpi_kisaran@yahoo.com,B,162,12,TAMAN PENDIDIKAN ISLAM,KAB. ASAHAN,KEC. KISARAN BARAT,JL. AKASIA / JL. DR FL TOBING
69944093,SD SWASTA ISLAM TERPADU PINTAR,,sditpintarsimalungun@gmail.com,A,384,22,LEMBAGA PENDIDIKAN ISLAM TERPADU PINTAR,KAB. SIMALUNGUN,KEC. BANDAR,SIMPANG DOSIN HUTA V
10210347,SD SWASTA AL IKHLAS,0618215333,harunmaliki@ymail.com,B,103,10,SD SWASTA AL - IKHLAS,KOTA MEDAN,KEC. MEDAN SELAYANG,JL. SEI PADANG 129 MEDAN
70042336,SD PLUS BEC,081262699902,sdplusbecpakpakbharat@gmail.com,,74,7,YAYASAN BHARAT EDUKASI CENDEKIA,KAB. PAKPAK BHARAT,KEC. SIEMPAT RUBE,"JALAN RING ROAD, DESA TRAJU, KEC. SIEMPAT RUBE, KABUPATEN PAKPAK BHARAT"
10204389,SD SWASTA AL WASHLIYAH 74 SIDOMUKTI,,sdaw74sidomukti@yahoo.com,B,186,12,AL JAM'IYATUL WASHLIYAH,KAB. ASAHAN,KEC. KISARAN BARAT,JL. IKAN SIBARO LK. IV
69992366,SDIT MUHAMMADIYAH 01 KOTAPINANG,082274372861,sditmuhammadiyah01kotapinang@gmail.com,B,149,16,PIMPINAN DAERAH MUHAMMADIYAH (PDM) KAB. LABUHAN BATU SELATAN,KAB. LABUHANBATU SELATAN,KEC. KOTA PINANG,JL. KALAPANE MASJID TAQWA MUHAMMADIYAH KAMPUNG BEDAGAI
70003382,SD IT RIYADHOTURROHMAN,,,B,173,12,YAYASAN PENDIDIKAN RIYADHOTURROHMAN MADINA,KAB. MANDAILING NATAL,KEC. PANYABUNGAN,JL. WILLEM ISKANDAR AEK GALOGA
10211827,SD SULTAN AGUNG,062225944,sdswastasultanagungps@gmail.com,A,567,34,PERGURUAN SULTAN AGUNG PEMATANGSIANTAR,KOTA PEMATANGSIANTAR,KEC. SIANTAR BARAT,JLN. SURABAYA NO. 19
10210639,SDS HKBP II,08116548014,sd.hkbp2belawan@gmail.com,B,75,8,YAYASAN PENDIDIKAN HKBP PAJAK BARU,KOTA MEDAN,KEC. MEDAN KOTA BELAWAN,JL. TERUBUK NO. 17
70056231,SD SWASTA ALAM DAARUL ILMI ASAHAN,085288682853,sdalamdaarulilmiasahan@gmail.com,,6,4,YAYASAN DAARUL ILMI ASAHAN,KAB. ASAHAN,KEC. KISARAN TIMUR,JL. RIMBANG PERUMAHAN WAHYU ASRI
10210668,SD SWASTA JENDERAL SUDIRMAN,0617366238,jensudsd@gmail.com,B,313,19,PERGURUAN JENDERAL SUDIRMAN,KOTA MEDAN,KEC. MEDAN DENAI,JL. SELAM I NO 52
10210701,SD SWASTA METHODIST-3,0614155236,sdsmethodist3@gmail.com,A,684,53,YAYASAN PENDIDIKAN METHODIST PERINTIS KEMERDEKAAN,KOTA MEDAN,KEC. MEDAN TIMUR,JL.PERINTIS KEMERDEKAAN NO.37
70007095,SD ISLAM AL-AZHAR ASY-SYARIF SUMATERA UTARA,,,A,233,11,YAYASAN DOKTOR HAJI MARATUA SIMANJUNTAK,KAB. DELI SERDANG,KEC. PERCUT SEI TUAN,JL. MAHONI  PASAR II TIMUR
10210628,SD SWASTA ERIA,0617866341,sdseria195@gmail.com,A,97,14,YAYASAN PENDIDIKAN ANI IDRUS PERGURUAN ERIA,KOTA MEDAN,KEC. MEDAN KOTA,JL. SISINGAMANGARAJA  NO. 195
70058421,SD IT HUMAIRA SCHOOL,,,,1,2,PENDIDIKAN NUR HUMAIRA,KAB. DELI SERDANG,KEC. TANJUNG MORAWA,JL. PONDOK V DUSUN III
10264640,SD IT AL HAFIDZ,081361418317,alhafidz.yayasan@yahoo.co.id,B,395,24,YAYASAN SDIT ALHAFIDZ,KAB. LANGKAT,KEC. SELESAI,CINTA DAPAT DUSUN MAWAR
10210514,SDS ST. THOMAS 4,082273280871,sd4santothomas@gmail.com,A,260,14,YAYASAN PERGURUAN KATOLIK DON BOSCO KEUSKUPAN AGUNG MEDAN,KOTA MEDAN,KEC. MEDAN BARAT,JL. SETIA BARU NO 45A MEDAN
10202080,SD SWASTA HKBP BATURONGKAM,085244466653,sdswastabaturongkam@yahoo.com,C,55,9,SD SWASTA HKBP BATURONGKAM,KAB. KARO,KEC. LAUBALENG,JLN. RAKOETTA BRAHMANA DESA BATU RONGKAM
10208211,SDS 055 MUHAMMADIYAH MALINTANG,,sds055_muhmal@yahoo.co.id,B,129,11,PIMPINAN DAERAH MUHAMMADIYAH (PDM) KAB. MANDAILING NATAL,KAB. MANDAILING NATAL,KEC. BUKIT MALINTANG,MALINTANG
10213604,SD SWASTA GKPS PAMAH,,ristana_sembiring@yahoo.co.id,B,66,9,YAYASAN PENDIDIKAN GKPS,KAB. SERDANG BEDAGAI,KEC. SILINDA,DESA PAMAH
69816262,SDS PERGURUAN KEBANGSAAN,061734073,sdskebangsaanmdn@gmail.com,B,100,9,YAYASAN PENDIDIKAN KEBANGSAAN SUMATERA UTARA,KOTA MEDAN,KEC. MEDAN DENAI,JL PERGURUAN TINGGI SWADAYA
10258373,SDS AL WASHLIYAH 5,082168513676,sdalwashliyah5@yahoo.com,C,79,12,PERKUMPULAN AL JAMI'ATUL WASHLIYAH,KOTA MEDAN,KEC. MEDAN JOHOR,"JL. BRIGJEND ZEIN HAMID KM 6,5"
70035138,SD IT NURUSSYAM,081298853866,nurussyamsdit@gmail.com,,62,10,YAYASAN NUR ASSYAMI ADDIMASYQI,KAB. MANDAILING NATAL,KEC. PANYABUNGAN UTARA,JL. LINTAS SUMATERA
10205517,SDS HKBP SEI KRAMAT,081370690943,sds.hkbp@mail.com,C,38,4,YAYASAN HKBP,KAB. LABUHANBATU,KEC. PANAI HILIR,SEI KRAMAT
69991771,SD SWASTA MELYAZ,,sdswastamelyaz@gmail.com,B,129,15,YAYASAN PENDIDIKAN MELYAZ,KAB. DELI SERDANG,KEC. PERCUT SEI TUAN,JL. TRUNOJOYO NO. 86 DESA CINTA RAKYAT
69975300,SD SWASTA ISKANDAR MUDA,082370778600,sdswastaiskandarmuda@gmail.com,C,75,14,YAYASAN PENDIDIKAN NASIONAL ISKANDAR MUDA,KAB. DELI SERDANG,KEC. SUNGGAL,JL. VETERAN/INPALID NO. 15 PURWODADI
10259161,SD SWASTA BERSUBSIDI BAKTI 1,082247399528,nindiputri862@gmail.com,B,187,12,YAYASAN PERGURUAN BAKTI,KOTA MEDAN,KEC. MEDAN TIMUR,JL. PELAJAR NO. 1
70005492,SD IT MAKMUNIYYAH,,sditmakmuniyyah@gmail.com,B,125,9,YAYASAN PENDIDIKAN ISLAM MAKMUNIYYAH TERPADU LANGKAT,KAB. LANGKAT,KEC. TANJUNG PURA,JL.MESJID AZIZI 36 TANJUNG PURA
10212460,SDS. MUHAMMADIYAH 1 PADANGSIDIMPUAN,081262755217,sdswastamuhammadiyah01@gmail.com,B,332,19,PIMPINAN DAERAH MUHAMMADIYAH (PDM) KOTA PADANG SIDIMPUAN,KOTA PADANG SIDEMPUAN,KEC. PADANG SIDIMPUAN UTARA,JLN. MERDEKA NO. 279
70046535,SD IT AL AZHAR,085362047033,,,50,5,YAYASAN PENDIDIKAN AL AZHAR DESA BUNUT,KAB. LABUHANBATU SELATAN,KEC. TORGAMBA,DUSUN BUNUT PEKAN
10203007,SD SWASTA YAYASAN KRISTEN MARGA UTAMA,082166134008,sdsmargautama@gmail.com,C,62,11,SD YAYASAN KRISTEN MARGA UTAMA,KAB. SIMALUNGUN,KEC. PEMATANG BANDAR,HUTA IV
70062415,SD FORMAL INTERKULTURAL PARAMA,,,,,0,,KAB. LABUHANBATU,KEC. RANTAU SELATAN,JL.BELIBIS KEL.URUNG KOMPAS KEC.RANTAU SELATAN
70046553,SD IT INSAN MADANI,,,,,0,,KAB. DELI SERDANG,KEC. TANJUNG MORAWA,JLN. SULTAN SERDANG DUSUN I
10220768,SDS MUHAMMADIYAH 31,0618440527,sd.muhammadiyah31@gmail.com,A,274,22,PIMPINAN DAERAH MUHAMMADIYAH (PDM) KOTA MEDAN,KOTA MEDAN,KEC. MEDAN HELVETIA,JL. TANJUNG IV BLOK III
69971251,SDS MUHAMMADIYAH 06 BHAKTI KARYA,,syahrizal_binjai@yahoo.com,C,149,14,PIMPINAN DAERAH MUHAMMADIYAH (PDM) KOTA BINJAI,KOTA BINJAI,KEC. BINJAI SELATAN,JL SAMANHUDI NO 512 LK II
10204764,SD MUHAMMADIYAH 3 KISARAN,,sekolahmuhammadiyah3@gmail.com,B,168,10,PIMPINAN DAERAH MUHAMMADIYAH (PDM) KAB. ASAHAN,KAB. ASAHAN,KEC. KISARAN BARAT,JL. SISINGAMANGARAJA NO. 177
10262187,SDS SEJAHTERA,081260460351,elfianhsb@gmail.com,B,80,10,YAYASAN PENDIDIKAN GARUDA JABBAR,KOTA MEDAN,KEC. MEDAN MARELAN,JL. BEMO / TAKSI MATRA BLOK XXIII KOMPLEK KPUM
70055789,SD IT NURUL FATIMAH,,,,,3,YAYASAN PENDIDIKAN NURUL FATIMAH,KAB. DELI SERDANG,KEC. PERCUT SEI TUAN,JL. JATI LUHUR KOMPLEK MESJID NURUL FATIMAH
69962911,SD IT HAFIDZUL QURAN,,sdithafidzulquran72@yahoo.com,C,342,18,YAYASAN PENDIDIKAN ISLAM NUR HASANAH,KAB. LANGKAT,KEC. BINJAI,JL.MELATI DUSUN I NO.100
10205565,SD AL ITTIHAD AEK NABARA,082360593086,alittihad_sd@yahoo.co.id,C,67,6,PERGURUAN AL-ITTIHAD AEK NABARA,KAB. LABUHANBATU,KEC. BILAH HULU,JL. AHMAD YANI NO. 20
10212815,SD SWASTA  MUHAMMADIYAH KERASAAN.I.,081370217411,sdsmuhammadiyahkerasaan@gmail.com,B,220,16,PIMPINAN DAERAH MUHAMMADIYAH (PDM) KAB. SIMALUNGUN,KAB. SIMALUNGUN,KEC. PEMATANG BANDAR,JL.SANGNAWALUH PEKAN KERASAAN
70060741,YAYASAN PENDIDIKAN SEKOLAH DASAR PLUS SITAMPURUNG,,,,8,3,YAYASAN PENDIDIKAN SEKOLAH DASAR PLUS SITAMPURUNG,KAB. TAPANULI UTARA,KEC. SIBORONGBORONG,JL. RAYA DOLOK SANGGUL KM.4 SITAMPURUNG KEC. SIBORONGBORONG
70051396,SDIT AL - MUYASSAR PANDAN,081260074175,sditalmuyassar@gmail.com,,34,5,YAYASAN ISLAM AMALUL MUYASSAR,KAB. TAPANULI TENGAH,KEC. PANDAN,JL. DANGOL LUMBANTOBING GG. NELAYAN
10261844,SD SWASTA LASKAR DHUHA,081376731131,sdswastalaskardhuha@gmail.com,B,176,11,YAYASAN AL-FATHONAH INDONESIA,KAB. DELI SERDANG,KEC. PATUMBAK,JL. ALPOKAT RAYA NO. 165
70053705,SD IT DARUL MUQOMAH,,,,152,7,YAYASAN DARUL MUQOMAH AL KHOIRIYYAH,KAB. DELI SERDANG,KEC. PANCUR BATU,JL. GLUGUR RIMBUN DUSUN I GANG SERI
10210485,SDS ALBUKHARI MUSLIM,082276833993,sdtalbukharimuslim@gmail.com,B,58,7,YTPI AL BUKHARI MUSLIM,KOTA MEDAN,KEC. MEDAN BARU,JL. SRIWIJAYA NO 57
10257458,SD SANTA MARIA DOLOKSANGGUL,082276312178,sdsantamariadoloksanggul@gmail.com,A,854,33,SANTA LUSIA VIRGINI,KAB. HUMBANG HASUNDUTAN,KEC. DOLOKSANGGUL,JLN. MERDEKA NO. 47 DOLOKSANGGUL
10210692,SD SWASTA NAHDHATUL ULAMA,,sd_swasta_nu@yahoo.co.id,C,79,10,LEMBAGA PENDIDIKAN AL MAARIF,KOTA MEDAN,KEC. MEDAN DELI,JL. KL. YOS SUDARSO KM. 10.5
69948425,SD IT AR-RAHMAH RAHUNING,081361764845,arrahmah.rahuning@gmail.com,A,298,19,YAYASAN PENDIDIKAN AR-RAHMAH RAHUNING,KAB. ASAHAN,KEC. RAHUNING,JL. SD INPRES DESA RAHUNING
69861076,SD IT HAUDHIN ILMA,082277458011,haudhinilmasdit@gmail.com,C,93,13,YAYASAN PENDIDIKAN HAUDHIN ILMA,KAB. LANGKAT,KEC. SEI LEPAN,DUSUN VIII SUKA MAKMUR
10260065,SDS AL IHSANIYAH,085296487874,sdihsaniyahmedan@gmail.com,C,,0,,KOTA MEDAN,KEC. MEDAN PERJUANGAN,JL. BADIK NO. 43
70029874,SDIT INSAN MANDIRI RANTAUPRAPAT,081264374163,sdit.insanmandiri.r.prapat@gmail.com,,32,9,YAYASAN INSAN MANDIRI RANTAUPRAPAT,KAB. LABUHANBATU,KEC. RANTAU UTARA,JL SM. RAJA NO 53 KELURAHAN BAKARAN BATU
70042528,SD GENERASI JENIUS BANGSA,085277063765,generasijeniusbangsa.yassin20@gmail.com,C,31,9,YAYASAN PENDIDIKAN GENERASI JENIUS BANGSA,KOTA MEDAN,KEC. MEDAN LABUHAN,JL. BHAKTI ABRI CINGKWAN GANG PANITERA
69986202,SD ISLAM TERPADU UMMI A YUNI,,yayasan.ummiayuni@gmail.com,A,417,23,YAYASAN PENDIDIKAN UMMI A'YUNI,KAB. SERDANG BEDAGAI,KEC. PERBAUNGAN,JL. WARINGIN
69987120,SD SWASTA IT TAHFIZHUL QURAN MIFTAHUL JANNAH,082387255231,sditmiftahuljannah00@gmail.com,B,153,15,YAYASAN PENDIDIKAN MIFTAHUL JANNAH MEDAN,KOTA MEDAN,KEC. MEDAN TEMBUNG,JL LETDA SUJONO GG JAWA
69875556,SDS ZENDING ISLAM,082366793369,sdszendingislam@gmail.com,C,,0,YAYASAN PENDIDIKAN MIFTAHUL JANNAH MEDAN,KOTA MEDAN,KEC. MEDAN KOTA,JALAN SISINGAMANGARAJA NO. 11 A
70029614,SDS MUTIARA SALWA,,,,55,7,YAYASAN MUTIARA SALWA HASANAH,KAB. LABUHANBATU,KEC. PANAI TENGAH,DUSUN XIV SEI RAKYAT
10212458,SD HKBP I PADANGSIDIMPUAN,085262651591,sdshkbp1padangsidimpuan01@gmail.com,B,122,11,YAYASAN PERGURUAN HKBP,KOTA PADANG SIDEMPUAN,KEC. PADANG SIDIMPUAN SELATAN,JL. SM. RAJA NO. 70
70014472,SD IT MADANI SCHOOL,,,C,72,8,YAYASAN ZAMZAM MADANI ISLAMIC,KAB. LANGKAT,KEC. PADANG TUALANG,DUSUN BUKIT TIMUR
10210660,SDS PASUNDAN,081361475696,sdswastapasundanmedans@yahoo.com,A,59,8,,KOTA MEDAN,KEC. MEDAN PETISAH,JL.PASUNDAN NO 98
10210653,SD SWASTA PAB-25,082161524263,sdspab25@yahoo.co.id,B,459,18,PERKUMPULAN AMAL BAKTI  SUMATERA UTARA,KOTA MEDAN,KEC. MEDAN DELI,JL. PENDIDIKAN NO. 97
10220866,SDS NO. 101243 MUHAMMADIYAH SIPIROK,085261716603,sds102510muhammadiyah@gmail.com,C,221,17,PIMPINAN DAERAH MUHAMMADIYAH (PDM) KAB. TAPANULI SELATAN,KAB. TAPANULI SELATAN,KEC. SIPIROK,JLN. MERDEKA NO. 95 SIPIROK
10213679,SD BERSUBSIDI BUDI SUKAMAJU,081361123045,sdbersubsidibudisukamaju@gmail.com,B,238,11,SD BERSUBSIDI BUDI SUKAMAJU,KAB. DELI SERDANG,KEC. SUNGGAL,JALAN BANDAR MERIAH
70063290,SDIT SALMAN ALFARISI BINJAI,,,,,6,,KOTA BINJAI,KEC. BINJAI SELATAN,JL. SEI BINGEI NO. 90 LINGKUNGAN V
10210513,SDS ISLAM DESA BESAR,,sds.islamdesabesar@gmail.com,B,130,8,SD ISLAM DESA BESAR,KOTA MEDAN,KEC. MEDAN LABUHAN,"JL.KL. YOS SUDARSO KM.15,5"
69734120,SD SWASTA RUMAH HARAPAN TOBASA,,sekolahrumahharapan@yahoo.com,B,330,18,YAYASAN RUMAH HARAPAN TOBASA,KAB. TOBA,KEC. BONATUA LUNASI,JLN. GEREJA BANDAR TABU
10220708,SDS PRABHUDY PWKI SUMUT,081535280314,prabhudypwki@yahoo.co.id,C,52,8,PRABHUDY PWKI SUMUT,KOTA MEDAN,KEC. MEDAN KOTA,JL. KEMIRI I SP. LIMUN MEDAN
10205573,SD SWASTA BANGUN KARYA,082168198107,sds.bangunkarya@gmail.com,C,1,2,PERGURUAN SEI KUBUNG,KAB. LABUHANBATU,KEC. PANAI HILIR,BANGUN KARYA
69996034,SD SWASTA METHODIST BANDAR KLIPPA,,sdswastamethodistbandarklippa@gmail.com,B,118,9,YAYASAN DAUN PALEM INDONESIA,KAB. DELI SERDANG,KEC. PERCUT SEI TUAN,JL. LAPANGAN BESAR BANDAR KLIPPA
10262133,SD SWASTA HARAPAN NIAS,081362252515,harapannias_sdhn@yahoo.co.id,B,325,23,YAYASAN HARAPAN NIAS,KAB. NIAS SELATAN,KEC. TELUK DALAM,TELUK DALAM
10210646,SDS PERTIWI,081361150158,sdpertiwikm@gmail.com,A,318,30,YAYASAN PERGURUAN PERTIWI KOTA MEDAN,KOTA MEDAN,KEC. MEDAN BARAT,JL. BUDI PEMBANGUNAN NO. 1
70045799,SDIT ALIF,081319624897,sdit.alifmedan@gmail.com,,117,8,YAYASAN RAUDHATUL ATHFAL ALIF,KOTA MEDAN,KEC. MEDAN HELVETIA,JL. SEKATA NO. 25
70046792,SD YEDIJA,,,,146,9,YAYASAN SUMATERA YEDIJA,KAB. DELI SERDANG,KEC. PANCUR BATU,JL. SEI GLUGUR
70002178,SD SWASTA ALAM ISLAM TERPADU (SDA-IT),,sdait.annaas@gmail.com,B,88,11,YAYASAN AN NAAS,KOTA MEDAN,KEC. MEDAN JOHOR,JL EKA SUKA 14 NO 11
69734150,SD SWASTA KRISTEN YOBEL AJIBATA,081376352494,generasiyobel@gmail.com,C,40,12,YAYASAN GENERASI TUNAS YOBEL,KAB. TOBA,KEC. AJIBATA,"AJIBATA, TOBA SAMOSIR"
10257581,SD MUHAMMADIYAH MANDUAMAS,082166405850,nurmannigaja@gmail.com,B,101,13,PIMPINAN DAERAH MUHAMMADIYAH (PDM) KAB. TAPANULI TENGAH,KAB. TAPANULI TENGAH,KEC. MANDUAMAS,JL. BAHAGIA NO. 5
10213640,SDIT NURUL ILMI,0617351205,sditni2001@gmail.com,A,318,25,YAYASAN PENDIDIKAN HAJI AGUS SALIM,KAB. DELI SERDANG,KEC. PERCUT SEI TUAN,JL H AGUS SALIM SIREGAR/KOLAM NO 1 KOMP UMA MEDAN
10213651,SD PAB 20 BANDAR KLIPPA,081361797712,pabbandar@yahoo.co.id,C,168,10,PERKUMPULAN AMAL BAKTI  SUMATERA UTARA,KAB. DELI SERDANG,KEC. PERCUT SEI TUAN,PASAR 13 BANDAR KLIPPA
10220716,SDS TELADAN,0618452047,sdstelsu@gmail.com,A,138,13,YAYASAN PERGURUAN TELADAN SUMATERA UTARA,KOTA MEDAN,KEC. MEDAN HELVETIA,JL. PENDIDIKAN
70054630,SEKOLAH DASAR ISLAM TERPADU (SDIT) AL-KHAIDAR STABAT BARU,,,,,0,,KAB. LANGKAT,KEC. STABAT,JL.PERNIAGAAN LINGKUNGAN V
10261980,SD TAMANSISWA SUKADAMAI,,sdtamsis2016@gmail.com,B,169,10,PERSATUAN PERGURUAN TAMANSISWA CABANG SUKADAMAI,KAB. ASAHAN,KEC. PULO BANDRING,JL PROTOKOL PERHUTAAN SILAU
69906504,SD ISLAM MANBAUL HIDAYAH,081376179292,sdimanbaulhidayah1@gmail.com,C,426,24,YAYASAN PONDOK PESANTREN MANBA'UL HIDAYAH,KAB. ASAHAN,KEC. KISARAN BARAT,JL. LETJEN S. PARMAN KM. 1 BUNUT BARAT
10260304,SD GREATWALL PRIME SCHOOL,082362096099,greatprimeschool@gmail.com,A,7,5,PANCA MITRA,KOTA BINJAI,KEC. BINJAI KOTA,JL WAHIDIN BARU NO 1 CDEFGH
10210573,SD SWASTA AL -WASHLIYAH,081264082525,sdsalwashliyah@yahoo.com,A,493,24,YAYASAN PENDIDIKAN AL-WASHLIYAH BROMO,KOTA MEDAN,KEC. MEDAN AREA,JL. BROMO GG. SANTUN
10213619,SD SWASTA KATOLIK DELI TUA,082163240270,sdkatolik37@yahoo.com,B,415,19,YAYASAN PERGURUAN KATOLIK DON BOSCO KEUSKUPAN AGUNG MEDAN,KAB. DELI SERDANG,KEC. DELI TUA,JALAN NOGIO NO. 117 DELITUA TIMUR
69903369,SD SWASTA IMELDA,082301921717,sdswastaimeldamedan@gmail.com,B,104,14,YAYASAN IMELDA,KOTA MEDAN,KEC. MEDAN TIMUR,JALAN BILAL NO. 24
10210681,SD SWASTA MUHAMMADIYAH 02,80088855,sdmuh02medan@gmail.com,A,717,40,PIMPINAN DAERAH MUHAMMADIYAH (PDM) KOTA MEDAN,KOTA MEDAN,KEC. MEDAN TIMUR,JL.MUSTAFA NO. 01
69982491,SD SWASTA ISLAM UTSMAN BIN AFFAN,,sdislamutsmanbinaffan@gmail.com,B,295,19,YAYASAN AL-KAREEMAH,KAB. DELI SERDANG,KEC. PATUMBAK,JL. ROSO GG. SEDULUR
70060230,SD SWASTA ISLAM TERPADU SILIWANGI AL GHAZIN,,sditsiliwangialghazin01@gmail.com,,7,7,PESANTREN SILIWANGI ALGHAZIN,KAB. SIMALUNGUN,KEC. GUNUNG MALIGAS,"JALAN ANJANGSANA, KARANG REJO"
69966971,SD IT KHALISHATURRAHMI,,khalishaturrahmibinjai@gmail.com,B,168,17,SMP IT KHALISHATURRAHMI BINJAI,KOTA BINJAI,KEC. BINJAI SELATAN,JL SAMANHUDI PASAR III NO 294
69996087,SD SWASTA IT QURRATU AINI,,sditqurratuaini@gmail.com,A,56,7,YAYASAN PENDIDIKAN DAN DAKWAH ISLAM QURRATU 'AINI DELI SERDANG,KAB. DELI SERDANG,KEC. SUNGGAL,"JL. SEI MENCIRIM PAYA GELI, GANG.BERSAMA"
10220718,SDS PAB 26,082162713964,sdswastapab26@gmail.com,B,181,11,PERKUMPULAN AMAL BAKTI  SUMATERA UTARA,KOTA MEDAN,KEC. MEDAN HELVETIA,JL. KELAMBIR LIMA
69787040,SDS MAHKOTA HIDUP,081370207497,mahkotahidup@yahoo.co.id,C,250,13,YAYASAN MAHKOTA HIDUP INDONESIA,KAB. DELI SERDANG,KEC. SUNGGAL,JL. BERSAMA UJUNG DUSUN IX
70005954,SD IT IZZATUL ISLAM,082275144571,islamizzatul47@gmail.com,C,92,11,YAYASAN PENDIDIKAN DARUSSALAM STUNGKIT,KAB. LANGKAT,KEC. STABAT,JL.BAMBUAN LINGKUNGAN I
69888714,SD - IT BINA INSAN,085370543068,binainsansditbk@gmail.com,A,605,37,BINA INSAN,KAB. DELI SERDANG,KEC. BATANG KUIS,JL. NUSA INDAH GG. MELATI NO. 62
10220154,SD SWASTA MA ARIF,,sdkumaarif3@gmail.com,B,299,15,YAYASAN PERGURUAN MA'ARIF,KOTA TEBING TINGGI,KEC. PADANG HILIR,JALAN ABDUL RAHIM LUBIS NO. 7
10259389,SDS ISLAM TERPADU AL HIJRAH,082166824168,alhijrahmedan18@gmail.com,A,165,17,ALHIJRAH,KOTA MEDAN,KEC. MEDAN TUNTUNGAN,"JL.STELLA TENGAH, KOMPLEK KEJAKSAAN"
10205531,SDS MUHAMMADIYAH SIGAMBAL,081376274737,sdmuhammadiyahsigambal@gmail.com,C,124,10,PIMPINAN DAERAH MUHAMMADIYAH (PDM) KAB. LABUHAN BATU,KAB. LABUHANBATU,KEC. RANTAU SELATAN,JL. H.M. SAID NO.316 SIGAMBAL
69787058,SDIT AL - FARABI,081362232237,sditalfarabi15@gmail.com,B,656,25,YAYASAN PENDIDIKAN MUTTAQIN AL-FARABI,KAB. DELI SERDANG,KEC. SUNGGAL,JL. PERJUANGAN NO.  177
70004421,SD AL- FITRAH ISLAMIC SCHOOL,081361320276,sdit.afis.binjai@gmail.com,A,219,20,YAYASAN PENDIDIKAN AL-FITRAH KOTA BINJAI,KOTA BINJAI,KEC. BINJAI BARAT,JALAN LOBAK-H.A.H. HASAN LK. III
60728446,SDIT PERMATA,081264474846,sditpermata20@gmail.com,B,204,15,PERGURUAN MA'RIFATUL HIKMAH,KAB. SERDANG BEDAGAI,KEC. SEI BAMBAN,SEI BULUH
10204793,SD DIPONEGORO KISARAN,,sd.diponegoro.kisaran@gmail.com,B,129,12,PERGURUAN DIPONEGORO,KAB. ASAHAN,KEC. KISARAN BARAT,JL. DIPONEGORO NO. 125 KISARAN
10213621,SD MASEHI DELITUA,082168204935,masehisd@yahoo.com,B,98,13,YPK GBKP MASEHI DELITUA,KAB. DELI SERDANG,KEC. DELI TUA,JALAN NOGIO NO 68 DELITUA
10215175,SD SWASTA MUHAMMADIYAH,081361970252,liza.mahdalena@yahoo.com,B,139,8,PIMPINAN DAERAH MUHAMMADIYAH (PDM) KAB. DELI SERDANG,KAB. DELI SERDANG,KEC. PANCUR BATU,DELI TUA NO.4
10210270,SDS PERGURUAN ADVENT I,,adventsds.1@gmail.com,B,56,9,YAYASAN PENDIDIKAN GEREJA MASEHI ADVENT HARI KETUJUH SUMATERA UTARA,KOTA MEDAN,KEC. MEDAN TIMUR,JL. VETERAN NO. 34 MEDAN
10262192,SD SWASTA ISLAM TERPADU PERMATA CENDEKIA,082364765063,sditpercensimalungun@gmail.com,B,346,18,YPSDI AR RISALAH,KAB. SIMALUNGUN,KEC. SIANTAR,JL ASAHAN GANG MUI NO. 2
69733882,SD SWASTA BINTANG PERTIWI,081396459885,sdbintangpertiwi@ymail.com,B,149,11,PENGEMBANGAN PENDIDIKAN INOVATIF,KAB. DELI SERDANG,KEC. SUNGGAL,JL. TANI ASLI DUSUN II
10257864,SD ISLAM TERPADU AL ANSHAR,085275728031,sditalanshartanjungpura2004@gmail.com,B,652,31,RAUDHATUL IMAN TANJUNG PURA LANGKAT,KAB. LANGKAT,KEC. TANJUNG PURA,JALAN MESJID NO 33
10215212,SD RIZKI ANANDA,085207886659,90rizkiananda90@gmail.com,B,22,7,YAYASAN PENDIDIKAN ELVA SYOFYAN,KAB. DELI SERDANG,KEC. PATUMBAK,JALAN MEKATANI NO 56
10209455,SD ALWASHLIYAH 47 PEM.PELINTAHAN,081397473995,desy_yulanda1@gmail.com,B,141,8,ALWASHLIYAH,KAB. SERDANG BEDAGAI,KEC. SEI RAMPAH,PEMATANG PELINTAHAN
10211457,SD SWASTA HARAPAN I,,sd.harapan.1.binjai@gmail.com,B,166,14,YAYASAN HARAPAN AMANAH BANGSA,KOTA BINJAI,KEC. BINJAI TIMUR,JLN. WAHIDIN NO.10
10210599,SDS JOSUA,,sd_josua_medan@yahoo.co.id,B,,0,,KOTA MEDAN,KEC. MEDAN TEMBUNG,JL. KARYA BAKTI / PENDIDIKAN NO. 15
69881545,SD ISLAM TERPADU (SDIT) SWASTA AL HABIB,085262405630,sditalhabib01@yahoo.com,B,321,18,AL FALAH MIZAN SERDANG BEDAGAI,KAB. SERDANG BEDAGAI,KEC. PERBAUNGAN,DESA MELATI II KECAMATAN PERBAUNGAN KAB SERDANG BEDAGAI
10261528,SDS AL-YUSDAH DESA BARU,,alyusdahsdswasta@gmail.com,B,91,10,SDS AL YUSDAH,KAB. DELI SERDANG,KEC. BATANG KUIS,GANG DAME DESA BARU
10215132,SDS EKA PRASETYA,085262122725,sdekaprasetyamedan791@yahoo.com,A,171,15,YAYASAN PERGURUAN EKA PRASETYA,KOTA MEDAN,KEC. MEDAN HELVETIA,JL. ASRAMA / JL. EKA PRASETYA NO. 1
69918268,SD-IT JABAL NOOR,06180031369,sd.it.jn@gmail.com,B,577,44,MAJELIS TAKLIM JABAL NOOR,KAB. DELI SERDANG,KEC. SUNGGAL,JL. SEI MENCIRIM GG. ABADI DESA MEDAN KRIO
10260169,SD SWASTA AL-FITYAN,0618223356,sditalfityan@ymail.com,A,381,36,YAYASAN AL-FITYAN,KOTA MEDAN,KEC. MEDAN SELAYANG,JL. KELUARGA LINGKUNGAN IX
70035421,SD IT TAHFIZIL QURAN AS-SALAM,,,,83,9,YAYASAN AL HIDAYAH TERANG BULAN,KAB. LABUHANBATU UTARA,KEC. AEK NATAS,JL. DARUSSALAM BARU
10264682,SD SWASTA BATARI POLONIA,08116057789,sdbataripolonia@gmail.com,A,256,26,YAYASAN PERGURUAN IRAFFLES,KOTA MEDAN,KEC. MEDAN POLONIA,"JL. PADANG GOLF KOMPLEK CBD POLONIA BLOK A NO. 60,91-97 MEDAN"
70037963,SD SWASTA SUNRISE KIDS,081270440053,,A,67,12,YAYASAN MENTARI ANAK CERIA,KOTA MEDAN,KEC. MEDAN DELI,JL PLATINA I GG SAHABAT LK IX
10204382,SD SWASTA ALWASHLIYAH SUKARAJA,081361543855,sdswastaalwashliyahsukaraja@gmail.com,B,273,15,AL JAM'IYATUL WASHLIYAH,KAB. BATU BARA,KEC. AIR PUTIH,SUKARAJA
69976933,SD SWASTA BINJAI ENGLISH SCHOOL,06142088242,besenglish_school@yahoo.com,A,260,19,YAYASAN PENDIDIKAN BINJAI ENGLISH SCHOOL,KOTA BINJAI,KEC. BINJAI KOTA,JL KL . M. AHYAR (AIPTU RADIMAN)
70055130,SD IT UMI RAHMAH,081361629535,sditumirahmah@gmail.com,,10,5,YAYASAN UMI RAHMAH JIRAI,KAB. DELI SERDANG,KEC. HAMPARAN PERAK,JL.BULU CINA DUSUN III
69992950,SD SWASTA TAMAN SISWA MANDIRI,,,C,97,12,YAYASAN PENDIDIKAN NASIONAL SAMARA JUNIUS,KAB. DELI SERDANG,KEC. PERCUT SEI TUAN,JL. PASAR XII DUSUN XVIII BANDAR KLIPPA
70009897,SD IT HAJJAH NORA MUNAWWARAH KIM,081361460484,sdithjnoramunawwarahk@gmail.com,B,269,14,YAYASAN PISDITHNMKIM,KAB. DELI SERDANG,KEC. PERCUT SEI TUAN,JL. PLATINA I NO. 1 KIM
10209004,SD SW. ADVENT SIMBOLON,,lastiropandiangan83@gmail.com,B,62,7,YAYASAN PENDIDIKAN GEREJA MASEHI ADVENT HARI KETUJUH SUMATERA UTARA,KAB. SAMOSIR,KEC. PALIPI,SIGAOL SIMBOLON
69967370,SD SWASTA SMART SCHOOL SWARI,081260131790,sdswastasmartschoolswari@gmail.com,B,143,11,YAYASAN SMART SCHOOL SWARI,KAB. DELI SERDANG,KEC. PERCUT SEI TUAN,JL. BHINEKA TUNGGAL IKA DUSUN I BULAN SWARI
10208561,SDHKBP 2 BALIGE,082167982598,sdswasta_hkbpduabalige@yahoo.co.id,B,192,11,HKBP,KAB. TOBA,KEC. BALIGE,JALAN DS GHM SIAHAAN
10215165,SD SWASTA MASEHI SIBOLANGIT,081264846397,nurhayati.kaban@yahoo.co.id,B,120,8,YAYASAN PENDIDIKAN KRISTEN GEREJA BATAK KARO PROTESTAN,KAB. DELI SERDANG,KEC. SIBOLANGIT,JLN LETJEN DJAMIN GINTING SIBOLANGIT
10206614,SD SWASTA MUHAMMADIYAH PINANGSORI,081397116146,muhammadiyahsdswasta@yahoo.co.id,B,119,9,PIMPINAN DAERAH MUHAMMADIYAH (PDM) KAB. TAPANULI TENGAH,KAB. TAPANULI TENGAH,KEC. PINANG SORI,BANDARA FL TOBING
10205542,SD ADVENT SEPAKAT,,simbolonyulitha1@gmail.com,C,63,7,YAYASAN PENDIDIKAN GEREJA MASEHI ADVENT HARI KETUJUH SUMATERA UTARA,KAB. LABUHANBATU UTARA,KEC. KUALUH HILIR,KAMPUNG SEPAKAT
70050576,SD SWASTA IT BARUNA SIBUHUAN,,,,21,4,YAYASAN PERGURUAN BARUNA HUSADA SIBUHUAN,KAB. PADANG LAWAS,KEC. LUBUK BARUMUN,JALAN LINTAS SIBUHUAN-GUNUNG TUA KM 8 DESA SANGKILON
10261672,SD ISLAMIYAH,082272186550,sdislamiyah16@gmail.com,C,103,8,YAYASAN PESANTREN ISLAMIYAH,KAB. DELI SERDANG,KEC. SUNGGAL,JALAN MEDAN BINJAI KM 16.5
69921696,SD ISLAM TERPADU AL FIKRI,082367346926,sditalfikrikppajak@gmail.com,B,377,37,DAKWAH ISLAM PENDIDIKAN DAN SOSIAL AL FIKRI,KAB. LABUHANBATU UTARA,KEC. NA. IX-X,JLN. INPRES DUSUN II AEK MARBATU DESA KAMPUNG PAJAK
10261694,SD SWASTA PUSAKA,08126095169,sdswastapusakaa@gmail.com,B,261,16,YAYASAN PERGURUAN CAHAYA PUSAKA BANGSA,KAB. DELI SERDANG,KEC. PERCUT SEI TUAN,JALAN PUSAKA DUSUN 18 NO. 417
10208212,SD MUHAMMADIYAH SIBARUANG,085276488402,sds006muhammadiyahsibaruang@gmail.com,C,55,11,PIMPINAN DAERAH MUHAMMADIYAH (PDM) KAB. MANDAILING NATAL,KAB. MANDAILING NATAL,KEC. SIABU,SIBARUANG
10202112,SD SWASTA METHODIST KABANJAHE,,sdswastamethodistkabanjahe@gmail.com,B,951,33,YAYASAN KRISTEN METHODIST FILIPI KABANJAHE,KAB. KARO,KEC. KABANJAHE,JALAN SAMURA
10202841,SD SWASTA AL WASHLIYAH PULO SARANA,085270713992,sdalwashliyahpsarana@gmail.com,B,77,8,BPY-PAB,KAB. SIMALUNGUN,KEC. HUTABAYU RAJA,JLN. HUTA IV BUMI REJO DOLOK SINUMBAH
10220758,SDS DWIKORA,,sdsdwikora@gmail.com,B,280,17,YAYASAN PENDIDIKAN ISLAM DWIKORA,KOTA MEDAN,KEC. MEDAN HELVETIA,JL. BAKTI LUHUR NO.166
69947384,SD SWASTA TALITAKUM,082166557113,sdstalitakum@gmail.com,C,54,8,YAYASAN GENERASI PERKASA ABADI,KAB. KARO,KEC. MARDINGDING,DUSUN SIMPANG EMPAT DESA LAU PAKAM KECAMATAN MARDINGDING
10212901,SD ADVENT LUBUK PAKAM,085358331591,palupa_lubukpakam@yahoo.com,B,16,8,YAYASAN PERGURUAN ADVENT LUBUK PAKAM,KAB. DELI SERDANG,KEC. LUBUK PAKAM,JL. RAYA MEDAN NO. 31 LUBUK PAKAM
10210531,SDS SURYA BAHAGIA,085261714040,,C,73,6,YAYASAN PENDIDIKAN SURYA BAHAGIA,KOTA MEDAN,KEC. MEDAN BARAT,JL. PERTAHANAN
10211836,SD SWASTA LATIHAN SPG YPHKBP,,sdswastalatihanspg@gmail.com,B,339,22,YAYASAN PENDIDIKAN HURIA KRISTEN BATAK PROTESTAN PEMATANG SIANTAR,KOTA PEMATANGSIANTAR,KEC. SIANTAR SELATAN,JL. BAHAGIA NO.10
69734011,SD SWASTA LENTERA HARAPAN MEDAN,0617326799,sd.lenteraharapan@yahoo.com,B,252,14,YAYASAN PENDIDIKAN PELITA HARAPAN TANGERANG,KOTA MEDAN,KEC. MEDAN TEMBUNG,JL MESTIKA (PUKAT BANTING II) NO.37
10259525,SD KARYA PERJUANGAN,082168389071,sdskaryaperjuangan@yahoo.com,C,92,7,SDS KARYA PERJUANGAN,KAB. LABUHANBATU,KEC. PANAI TENGAH,JL. BARU SEI JAMBU KANAN
10257955,SD SWASTA TUNAS BARU,0620323637,xinmiaotb73@gmail.com,B,103,7,YAYASAN PENDIDIKAN TUNAS BARU,KAB. LANGKAT,KEC. BABALAN,JALAN IMAM BONJOL NO. 72
60725273,SD ISLAM AL MUCHTAR,081370830156,sdialmuchtar@gmail.com,B,109,6,,KAB. DELI SERDANG,KEC. SUNGGAL,JL. SEI MENCIRIM KOMPLEK KODAM LAMA I/BB DUSUN XII GANG SILIWANGI BLOK I NO.12
10205507,SD SWASTA METHODIST 1 AEK NABARA,0624520246,sdswastamethodist1aeknabara@yahoo.com,B,110,12,YAYASAN PENDIDIKAN GEREJA METHODIST INDONESIA PKMI AEK NABARA,KAB. LABUHANBATU,KEC. BILAH HULU,JALAN AHMAD YANI NO. 58 AEK NABARA
69978338,SD SWASTA GETSEMANE,081288714202,sds.getsemane28@gmail.com,B,16,6,YAYASAN MITRA PERSADA GETSEMANE,KOTA MEDAN,KEC. MEDAN SELAYANG,"JL. LETJEND JAMIN GINTING KM. 9,5 GG. MELIALA/BUNGA HERBA I NO. 10"
10204771,SD PERGURUAN MADONA JAYA,082275174458,sdswastamadonajaya@gmail.com,B,110,8,SD. SWASTA MADONA JAYA,KAB. ASAHAN,KEC. BANDAR PASIR MANDOGE,SUKA MAKMUR
69964937,SD IT INSAN ROBBANI,085261685994,sit.insanrobbani@gmail.com,A,422,39,YAYASAN PENDIDIKAN SOSIAL DAN DAKWAH INSAN ROBBANI,KAB. PADANG LAWAS,KEC. BARUMUN,JL. KARYA PEMBANGUNAN  LINGK VI
10210334,SD SWASTA BRIGJEND KATAMSO,0618451582,sdbrigjendkatamso@gmail.com,A,647,33,YAYASAN PERGURUAN NASIONAL BRIGJEND KATAMSO,KOTA MEDAN,KEC. MEDAN SUNGGAL,JL. SUNGGAL NO. 370
10213581,SD IT AL MANAR,085359227576,almanarbersinar@yahoo.com,B,144,7,YAYASAN PERGURUAN AL MANAR,KAB. DELI SERDANG,KEC. HAMPARAN PERAK,HAMPARAN PERAK
69989931,SD SWASTA ISLAM TERPADU AMALIYAH,081534707747,,B,112,5,YAYASAN AMAL BAKTI INDONESIA,KAB. SERDANG BEDAGAI,KEC. SEI BAMBAN,DUSUN XII DAM AIR
70013103,SD IT NURUL IMAN PAGAR MERBAU,,,B,94,9,YAYASAN PENDIDIKAN ISLAM NURUL IMAN PAGAR MERBAU,KAB. DELI SERDANG,KEC. PAGAR MARBAU,JALAN BESAR SUMBEREJO
10261649,SD PARULIAN KAMPUNG BALIGE,085358038226,sdswasta.parulian@gmail.com,C,24,4,SD SWASTA ADVENT SEI PINANG,KAB. LABUHANBATU UTARA,KEC. KUALUH HILIR,KAMPUNG BALIGE
70027139,SEKOLAH DASAR SWASTA WINFIELD,4533828,sdswastawinfield@gmail.com,A,134,10,YP KARYA ANUGERAH,KOTA MEDAN,KEC. MEDAN BARU,JL HASANUDDIN NO 25/9E
69894553,SD SWASTA MUHAMMADIYAH 37 TANJUNG SELAMAT,082165510605,sdswastamuhammadiyah37@gmail.com,B,370,17,PIMPINAN DAERAH MUHAMMADIYAH (PDM) KAB. DELI SERDANG,KAB. DELI SERDANG,KEC. SUNGGAL,JL. PERJUANGAN NO.18 DUSUN II-B
10200741,SD AMANAH LUBUK PAKAM,082164843344,sdswastaamanah@gmail.com,B,23,5,YAYASAN PENDIDIKAN AMANAH HALPAN,KAB. DELI SERDANG,KEC. LUBUK PAKAM,JALAN T RAJA MUDA LUBUK PAKAM
69975010,SD LENTERA KREASI CEMERLANG,,kingsleylenterakreasicemerlang@gmail.com,A,202,9,YAYASAN LENTERA KREASI CEMERLANG,KOTA MEDAN,KEC. MEDAN DELI,JL. PLATINA KOMPLEKS RUKO KOTA BARU
10220817,SD SWASTA ANUGERAH HARAPAN BANGSA,0616841514,anugerah_harapanbangsa@yahoo.com,A,409,28,YPK ANUGERAH HARAPAN BANGSA MEDAN,KOTA MEDAN,KEC. MEDAN MARELAN,JL. A.M.D LINGKUNGAN 22 GG. SERASI
69883656,SD SWASTA JABAL RAHMAH MULIA,061411166,sdpjabalrahmahmulia@gmail.com,A,690,48,YAYASAN JABAL RAHMAH MULIA,KOTA MEDAN,KEC. MEDAN SUNGGAL,JALAN BALAI DESA NO. 24 H
69964734,SD SWASTA PUTRA LANGKAT,085297244453,sdputralangkat@gmail.com,B,191,9,YAYASAN PENDIDIKAN TELAGA SAID,KAB. LANGKAT,KEC. SEI LEPAN,JL.KRAMAT JAYA DUSUN II
70056178,SD PLUS AL QUSYAIRI,082163000261,sekolahdasarplusalqusyairi@gmail.com,,36,6,YAYASAN PENDIDIKAN ISLAM KHADIJAH AL QUSYAIRI,KAB. BATU BARA,KEC. AIR PUTIH,DUSUN KELEMBIS
70005275,SD SWASTA ISTANA HATI BINJAI,,sdistanahatibinjai@gmail.com,B,234,15,YAYASAN ISTANA HATI KITA,KOTA BINJAI,KEC. BINJAI UTARA,"JALAN AR. HAKIM LK. III, KEL. NANGKA, KEC. BINJAI UTARA, KOTA BINJAI"
10203038,SD SWASTA AL WAHSLIYAH,085296351914,sdalwashliyah29@gmail.com,B,124,8,PERGURUAN ALWASHLIYAH BAHAL BATU,KAB. SIMALUNGUN,KEC. BOSAR MALIGAS,PARBUTARAN
10213677,SDRK ST PAULUS RAMUNIA,081377277068,sdrkstpaulusramunia@gmail.com,B,217,14,YAYASAN PERGURUAN KATOLIK DON BOSCO KEUSKUPAN AGUNG MEDAN,KAB. DELI SERDANG,KEC. BERINGIN,DUSUN IX HUTA BANGUN I
10259491,SD SWASTA JAYA,0618368911,sdsjayapancurbatu@gmail.com,B,356,20,YAYASAN PENDIDIKAN JAYA,KAB. DELI SERDANG,KEC. PANCUR BATU,JL DAGANG NO 32
10220693,SDS IT AL FAUZI,0617873915,alfauzi.sdit@gmail.com,A,137,11,YPI AL-FAUZI,KOTA MEDAN,KEC. MEDAN AMPLAS,JL GARU II A GG NUSA INDAH NO 59 G
69979227,SD SWASTA FONTEM ACADEMY,081360606688,enquiry@fontemacademy.com,A,120,11,YAYASAN TARUNA BANGSA CITRA JAYA ABADI,KOTA MEDAN,KEC. MEDAN POLONIA,JL. PADANG GOLF/KOMP.CBD BLOK. BB NO. 34-41
69944645,SD SWASTA ISLAM AZHARI,085275505904,fakhry.nugraha.fn@gmail.com,B,519,23,CAHAYA AZHARI,KOTA MEDAN,KEC. MEDAN MARELAN,JL. MARELAN V PASAR 2 BARAT LING. 16 GG. SURIA
10259610,SD 007 NU SIBARUANG,,sdnusibaruang@yahoo.com,C,43,9,SDS 007  NU SIBARUANG,KAB. MANDAILING NATAL,KEC. SIABU,SIBARUANG
69900047,SD SWASTA BINA ARTHA MAHKOTA,082363567200,sdsbinaarthamahkota307@gmail.com,B,606,23,SD SWASTA BINA ARTHA MAHKOTA,KAB. MANDAILING NATAL,KEC. NATAL,PT RIMBA MUJUR MAHKOTA
10210617,SDS ISLAM AZIZI,,sdislamazizimp@gmail.com,B,72,11,,KOTA MEDAN,KEC. MEDAN PERJUANGAN,JL. KESATRIA NO.70 MEDAN
10215131,SDIT DELI INSANI,06142702229,deliinsani.sdit@gmail.com,B,360,23,DELI INSANI,KAB. DELI SERDANG,KEC. TANJUNG MORAWA,JL DAHLAN TANJUNG GG PAYA PASIR NO 16
69992944,SD SWASTA SANGKARA,06182821111,adminyayasan@sangkaraschool.com,A,275,32,YAYASAN PENDIDIKAN NASIONAL SANGKARA,KOTA MEDAN,KEC. MEDAN SUNGGAL,JL ABADI NO 20.A
10259302,SDS AL WASHLIYAH TIMBANG DELI,081396572400,sdalwashliyahtimbangdeli@gmail.com,B,133,8,PERKUMPULAN AL JAMI'ATUL WASHLIYAH,KOTA MEDAN,KEC. MEDAN AMPLAS,JL.PERTAHANAN NO 46
10210262,SD SWASTA AL-ITTIHADIYAH,0617363699,alittihadiyahsd@gmail.com,B,92,10,YAYASAN AMAL DAN SOSIAL PANTI ASUHAN MAMIYAI AL ITTIHADIYAH,KOTA MEDAN,KEC. MEDAN AREA,JL.BROMO NO 25 MEDAN
10213576,SD SWASTA ADE IRMA SURYANI,081265406281,sdadeirmasuryani@yahoo.co.id,B,69,12,YAYASAN PENDIDIKAN ATMANEGARA,KAB. DELI SERDANG,KEC. PERCUT SEI TUAN,JL. SUGENG DUSUN IX PASAR XI
69977423,SD ISLAM TERPADU NUR - AL MUBAROK,082167698551,smpitnuralmubarok@gmail.com,B,384,26,YAYASAN PENDIDIKAN ISLAM TERPADU NUR-AL MUBAROK,KAB. LABUHANBATU UTARA,KEC. NA. IX-X,JALAN KOBUL RIDA
10203024,SD ALWASLIYAH,085361075712,sdalwashliyah@gmail.com,B,163,13,AL JAMI'YATUL WASHLIYAH,KAB. SIMALUNGUN,KEC. TAPIAN DOLOK,JALAN MEDAN KM 10
69966028,SD SWASTA PRISKILA MARIS,082373951777,sdspriskilamaris@gmail.com,A,96,15,YAYASAN PRISKILA MARIS AGUNG,KAB. DELI SERDANG,KEC. GALANG,JL. MAWAR I/36 (BELAKANG PLN) GALINDA
69919685,SDS IT AL MUNADI,081337229541,sditalmunadi12@gmail.com,B,662,44,YAYASAN WAKAF AL MUNADI,KOTA MEDAN,KEC. MEDAN MARELAN,JL. MARELAN IX PASAR I GG. TRI BAKTI
10210636,SD SWASTA HKBP PADANG BULAN,,sds.hkbp.pbulan@gmail.com,B,123,11,YAYASAN PENDIDIKAN HKBP PADANG BULAN MEDAN,KOTA MEDAN,KEC. MEDAN SELAYANG,JL. JAMIN GINTING GG. GEREJA NO. 24
10220631,SD AL WASHLIYAH 48 CEMPEDAK LOBANG,081376725944,sdaw48_cemplobang@yahoo.co.id,B,239,13,AL JAM'IYATUL WASHLIYAH,KAB. SERDANG BEDAGAI,KEC. SEI RAMPAH,JL. PENDIDIKAN
69935284,SD IT BINIKA,085270286783,sditbhinikaseilepan@gmail.com,C,123,8,BINIKA LANGKAT,KAB. LANGKAT,KEC. SEI LEPAN,DUSUN V SUKARAMAI
10210330,SDS BUNDO KANDUNG,085360477507,sdsbundakandung@gmail.com,C,89,10,PIMPINAN DAERAH MUHAMMADIYAH (PDM) KOTA MEDAN,KOTA MEDAN,KEC. MEDAN POLONIA,JL.STARBAN GG. IMAM MEDAN
69888873,SD SWASTA IT MAWADDAH WAROHMAH,0616636749,sditmawaddahwarohmah@gmail.com,A,197,21,YAYASAN MAWADDAH WAROHMAH MEDAN,KOTA MEDAN,KEC. MEDAN BARAT,JALAN KARYA SETUJU NO. 5
69790729,SD SWASTA WTP SCHOOL,082276969633,wtpschool1@gmail.com,A,245,12,YAYASAN PANCA NARAWANGSA,KAB. DELI SERDANG,KEC. TANJUNG MORAWA,"JL. DAHLAN TANJUNG KOMPLEK ABADI NO. 13,14,15,16,17C"
70013405,SD SWASTA ISLAM TERPADU AN-NUR,082276696726,,B,48,8,YAYASAN PERGURUAN ANNUR,KAB. SIMALUNGUN,KEC. GUNUNG MALIGAS,JL. PENDIDIKAN NO.2
10212463,SD SWASTA XAVERIUS PADANGSIDIMPUAN,063423431,sdxaveriuspadangsidimpuan@yahoo.co.id,A,440,22,YAYASAN BUDI BAKTI KEUSKUPAN SIBOLGA,KOTA PADANG SIDEMPUAN,KEC. PADANG SIDIMPUAN SELATAN,JL. DANAU SINGKARAK NO.52
10220815,SDS DWI WARNA 3,,dwiwarna3@yahoo.com,B,,0,PENDIDIKAN DAN SOSIAL DWIWARNA,KOTA MEDAN,KEC. MEDAN MAIMUN,JL. TERATAI
10209003,SD SW. ST MIKHAEL PANGURURAN,,sdsantomikhael@gmail.com,A,752,28,YAYASAN PENDIDIKAN KATOLIK SANTO YOSEPH MEDAN,KAB. SAMOSIR,KEC. PANGURURAN,JL.USKUP AGUNG SUGIYOPRANOTO PANGURURAN
10212806,SD SWASTA  AL ITTIHADIYAH BOSAR MALIGAS,,sd.alittihadiyahdspengkolan@gmail.com,B,186,3,AL-IITIHADIYAH,KAB. SIMALUNGUN,KEC. BOSAR MALIGAS,BOSAR MALIGAS
69963982,SD PLUS CAHAYA BANGSA,082362532893,tarihoranhasudungan9@gmail.com,B,,0,,KOTA MEDAN,KEC. MEDAN TEMBUNG,JL. KERUNTUNG NO. 97
69961894,SD IT ROBBANI,081376740678,sditrabbani481@gmail.com,B,185,21,YAYASAN TARBIYYATUL INSAN ROBBANI,KAB. PADANG LAWAS,KEC. HUTA RAJA TINGGI,JALAN MESJID TAQWA RT 09 RW 02 DESA UJUNG BATU I
10215112,SD AMANAH I,80440696,perguruan.amanah@gmail.com,A,210,14,YAYASAN PENDIDIKAN DAN SOSIAL HELVETIA,KAB. DELI SERDANG,KEC. SUNGGAL,JL. KAPTEN SUMARSONO NO.178
10258053,SDS AL AZHAR 1,06188369568,al-azharmedan84@yahoo.com,A,294,26,YAYASAN HAJJAH RACHMAH NASUTION,KOTA MEDAN,KEC. MEDAN JOHOR,JL. PINTU AIR IV NO. 214 KWALA BEKALA
69856943,SDIT LUQMANUL HAKIM,081260277211,luqmanulhakimsdit1@gmail.com,B,595,34,SABILURRASYAAD,KAB. DELI SERDANG,KEC. SUNGGAL,JL. SEI MENCIRIM DUSUN I - A
10261308,SDS GRAHA KIRANA,0617362453,sd_grahakirana2008@yahoo.com,C,,0,YAYASAN PENDIDIKAN GRAHA KIRANA,KOTA MEDAN,KEC. MEDAN TEMBUNG,JL. AMPERA NO. 17 A
69967010,SD IT FATIMAH,085297169991,sditfatimahbesitang@gmail.com,A,171,9,YAYASAN PENDIDIKAN FATIMAH BESITANG,KAB. LANGKAT,KEC. BESITANG,JL.SUDIRMAN GG. CEMPAKA LINGK.VIII
10210625,SD SWASTA GAJAH MADA,0614514978,sdgajahmada19@gmail.com,A,129,13,YAYASAN PERGURUAN GAJAH MADA SUMATERA UTARA,KOTA MEDAN,KEC. MEDAN TIMUR,JL. H.M. SAID NO.19 MEDAN
70004257,SD SWASTA IT AL-MAKSUM,082273039174,,C,98,11,YAYASAN PENDIDIKAN AL MAKSUM SUNGGAL,KAB. DELI SERDANG,KEC. SUNGGAL,JL. SEI MENCIRIM DUSUN II
10211833,SD MUHAMMADIYAH 02,,sd.swastamuhammadiyah@yahoo.com,B,124,11,PIMPINAN DAERAH MUHAMMADIYAH (PDM) KOTA PEMATANGSIANTAR,KOTA PEMATANGSIANTAR,KEC. SIANTAR SITALASARI,JL.  K.H. AHMAD DAHLAN  NO. 47
69991300,SD IT DARUL AMIN,085275757579,sditdar@gmail.com,B,193,17,YAYASAN PENDIDIKAN ISLAM MUHAMMAD YAMIN LANGKAT,KAB. LANGKAT,KEC. WAMPU,DSN. TANAH X PASAR 1
10258020,SD SWASTA PELITA KASIH SCHOOL,0617943331,rajedhillon_2183@yahoo.co.id,B,275,15,YAYASAN PELITA KASIH ANUGERAH TANJUNG MORAWA,KAB. DELI SERDANG,KEC. TANJUNG MORAWA,"JLN. RAYA MEDAN - TANJUNG MORAWA , GG. TELKOM NO.172 B LIMAU MANIS"
70032065,SD SWASTA ISLAM TERPADU QURAN PETATAL,085297323665,sditquranpetatal25@gmail.com,,74,10,YAYASAN DARUS SALAM BATU BARA,KAB. BATU BARA,KEC. DATUK TANAH DATAR,DUSUN VI
10213680,SDSABILINA,06177200015,sd_sabilinasekolahku@yahoo.com,A,460,29,YAYASAN PENDIDIKAN SABILINA,KAB. DELI SERDANG,KEC. PERCUT SEI TUAN,JL SABILINA PASAR VII
10211881,SD BUDI MULIA-1,,budimuliasatu@gmail.com,A,418,22,YAYASAN BUDI MULIA LOURDES,KOTA PEMATANGSIANTAR,KEC. SIANTAR MARIHAT,JL.MELANTHON SIREGAR NO.161
10210624,SDS GAJAH MADA 2,0617359643,gajahmada2medan@yahoo.co.id,B,,0,YAYASAN PERGURUAN GAJAH MADA SUMUT,KOTA MEDAN,KEC. MEDAN DENAI,JALAN SETIA NO. 32 MEDAN
70013930,SD SWASTA  ANUGRAH,081270393681,sdanugrah9@gmail.com,B,308,18,YAYASAN KASIH ANUGRAH SCHOOL,KAB. KARO,KEC. MEREK,JLN. PEMATANG SIANTAR - MEREK
69757357,SD SWASTA ISLAM TERPADU MUTIARA ILMU,082267254052,sditmutiarailmu@gmail.com,C,386,27,AL-USWAH SUMUT,KAB. LANGKAT,KEC. KUALA,"LINGK IV KELURAHAN BELA RAKYAT, KECAMATAN KUALA,    KABUPATEN LANGKAT"
10258855,SD SWASTA ASISI FODO,082294405861,fodoassisi@gmail.com,A,241,12,YAYASAN PUTERI HATI KUDUS,KOTA GUNUNGSITOLI,KEC. GUNUNGSITOLI SELATAN,JL. ALOOA
10204363,SD SWASTA COKROAMINOTO,081375616269,sdcokroaminoto@yahoo.co.id,B,124,14,YAYASAN PERGURUAN ISLAMIYAH COKROAMINOTO,KAB. ASAHAN,KEC. KISARAN TIMUR,JLN. WIRA KARYA
69728377,SD S 396 ISLAM TERPADU AL HUSNAYAIN,081265316796,sdit@alhusnayain.sch.id,B,360,33,ALHUSNAYAIN,KAB. MANDAILING NATAL,KEC. PANYABUNGAN,JL. WILLEM ISKANDER / NUSANTARA II
10210610,SDS LAKSAMANA MARTADINATA,0616619100,tiamsa_saragih@yahoo.com,A,326,16,YAYASAN PERGURUAN LAKS. MARTADINATA,KOTA MEDAN,KEC. MEDAN BARAT,JL. PERTEMPURAN NO. 125
10212813,SD SWASTA METHODIST PERDAGANGAN,062296194,sdsmethodist@yahoo.com,B,196,13,YAYASAN PERGURUAN KRISTEN METHODIST IMMANUEL PERDAGANGAN,KAB. SIMALUNGUN,KEC. BANDAR,JL.GEREJA NO.62 PERDAGANGAN
10213688,SD SWASTA RK PARDOMUAN NAULI,,sdrk_pnauli@yahoo.com,A,130,9,YAYASAN PERGURUAN KATOLIK DON BOSCO KEUSKUPAN AGUNG MEDAN,KAB. DELI SERDANG,KEC. PERCUT SEI TUAN,DUSUN III DESA CINTA DAMAI
10258860,SDS KARYA BHAKTI,0616610993,ypkaryabhakti@gmail.com,B,317,13,,KOTA MEDAN,KEC. MEDAN BARAT,JL. KARYA UJUNG
10210522,SDS TRI JAYA,0617348383,yayasan.trijya@yahoo.co.id,B,89,6,YAYASAN PERGURUAN TRI JAYA,KOTA MEDAN,KEC. MEDAN DENAI,JL.BROMO NO.204 MEDAN
70000175,SD SWASTA IT AL-HAKIM,085373096193,sditalhakimpasarx@gmail.com,A,164,11,YAYASAN PERGURUAN ISLAM AL-HAKIM,KAB. DELI SERDANG,KEC. PERCUT SEI TUAN,JL. MEDAN BATANG KUIS PASAR X BANDAR KLIPPA NO. 77
70005128,SD PEKERTI BANGSA,8440138,sekolahpekertibangsa@gmail.com,A,162,10,YAYASAN PENDIDIKAN PEKERTI BANGSA,KOTA MEDAN,KEC. MEDAN HELVETIA,JL T. AMIR HAMZAH NO.C38
10220732,SDS KATOLIK MARIANA,,sdskatolikmariana@gmail.com,B,80,9,YAYASAN PENDIDIKAN KATOLIK MARIANA MEDAN,KOTA MEDAN,KEC. MEDAN HELVETIA,JL. KAPTEN MUSLIM
69830466,SD ISLAM TERPADU ZAHARA,,sdislamterpaduzahara59@gmail.com,C,102,10,YAYASAN PENDIDIKAN RH,KAB. LANGKAT,KEC. SEI LEPAN,JL. PASAR PIPA NO 9
10260947,SD SWASTA ISLAM TERPADU AL IHYA,062231292,sdit.alihya@gmail.com,A,680,46,YAYASAN PENDIDIKAN AL IHYA,KAB. BATU BARA,KEC. SEI SUKA,JL. SAWO NO 1 TANJUNG GADING
10210690,SD SWASTA NAMIRA,0618217871,sdsnamira@gmail.com,A,613,24,YAYASAN FAJAR DIINUL ISLAM,KOTA MEDAN,KEC. MEDAN SELAYANG,JL. SETIA BUDI PASAR I NO 76
10220772,SDS NO. 100725 MUHAMMADIYAH BATANGTORU,082275063065,rahmawatibtb07@gmail.com,C,97,11,PIMPINAN DAERAH MUHAMMADIYAH (PDM) KAB. TAPANULI SELATAN,KAB. TAPANULI SELATAN,KEC. BATANG TORU,JLN. SISINGAMANGARAJA WEK III
70032019,SD SWASTA YONESTA,081361464032,syonesta@gmail.com,,72,6,,KAB. LANGKAT,KEC. SEI BINGAI,SIMP. NAMOTONGAN
10213598,SD SWASTA CERDAS BANGSA,,sd_cerdasbangsa@yahoo.com,B,252,20,YAYASAN PENDIDIKAN CERDAS BANGSA,KAB. DELI SERDANG,KEC. NAMO RAMBE,JL. TITI KUNING - NAMO RAMBE PSR IV GEDUNG JOHOR NO. 30 SIDOREJO
10259262,SDS HKBP P.BRAYAN,085262109287,hkbpbrayan@gmail.com,B,89,12,YAYASAN PERGURUAN SMP HKBP P.BRAYAN,KOTA MEDAN,KEC. MEDAN TIMUR,JL.ASRAMA NO 4
70050823,SD IT NURUL FADILLAH,083838498671,sditnurulfadillah@gmail.com,,75,5,YAYASAN PENDIDIKAN ISLAM NURUL FADILLAH PERDAMAIAN,KAB. LANGKAT,KEC. BINJAI,JL.NUSA INDAH NO.13
10202843,SD SWASTA RIAMA SIBUNTUON,081263047159,sdriama116@gmail.com,C,,0,YAYASAN PENDIDIKAN RIAMA,KAB. SIMALUNGUN,KEC. DOLOK PARDAMEAN,SIBUNTUON
10258857,SD SWASTA MUHAMMADIYAH GUNUNGSITOLI,063921970,sdswastamuhammadiyahgunungsito@gmail.com,B,175,15,PIMPINAN DAERAH MUHAMMADIYAH (PDM) KOTA GUNUNG SITOLI,KOTA GUNUNGSITOLI,KEC. GUNUNGSITOLI,JLN.KARET NO.24 GUNUNGSITOLI
10200724,SD SWASTA KATOLIK SEI BERAS SEKATA,085264736646,sd_katolik_sbs@yahoo.co.id,B,123,10,YAYASAN PERGURUAN KATOLIK DON BOSCO KEUSKUPAN AGUNG MEDAN,KAB. DELI SERDANG,KEC. SUNGGAL,DUSUN II SEI BERAS SEKATA
69978872,SD SWASTA RADEN ADJENG KARTINI,,,B,82,12,YAYASAN RADEN ADJENG KARTINI PERCUT SEI TUAN,KAB. DELI SERDANG,KEC. PERCUT SEI TUAN,JL.PAYANIBUNG DUSUN IX DESA DALU SEPULUH B KEC.TANJUNG MORAWA
60725259,SDS IT NURUL FAJAR,,sditnurulfajarnurulfajar@gmail.com,C,52,8,YAYASAN NURUL FAJAR,KAB. DELI SERDANG,KEC. PATUMBAK,JL. PERTAHANAN DUSUN IV GG. MESJID
10259615,SD ISLAM TERPADU DARUL FIKRI,081376495412,sditdftanbe@gmail.com,B,523,58,YAYASAN PERGURUAN ISLAM TERPADU TARBIYATUL AULAD DARUL FIKRI,KOTA TANJUNG BALAI,KEC. DATUK BANDAR,JL. ANWAR IDRIS LK.IV
10261867,SD SWASTA PERMATA BANGSA,0618829090,sbnppermatabangsa19@gmail.com,A,327,26,YAYASAN PERMATA BANGSA,KOTA BINJAI,KEC. BINJAI BARAT,JL. GATOT SUBROTO NO. 98
69986186,SD SWASTA ISLAM TERPADU RIYADHUL HABIBI,,,B,231,12,YAYASAN RAUDHATUSH SHOLIHIN HABIBI,KAB. SERDANG BEDAGAI,KEC. PERBAUNGAN,JL. KEBUN MELATI LINGKUNGAN I
10210632,SDS HARAPAN 1,0614515661,sd1harapan@yahoo.com,A,277,24,YAYASAN PENDIDIKAN HARAPAN,KOTA MEDAN,KEC. MEDAN MAIMUN,JL. IMAM BONJOL NO. 35
70023677,SD SWASTA IT MIFTAHUL ILMI,081360108611,sdislamterpadumiftahulilmi@gmail.com,A,187,10,YAYASAN MIFTAHUL ILMI,KAB. SIMALUNGUN,KEC. PEMATANG BANDAR,PEKAN KERASAAN
10259506,SD KITA TORGANDA,081371428803,sdswastakita@yahoo.com,A,278,18,YAYASAN ABDI KARYA,KAB. LABUHANBATU UTARA,KEC. AEK KUO,PT TORGANDA PERK. TAHUAN GANDA
69900659,SD BINTANG SERGAI,08527201491,sdswastabintang16@gmail.com,B,236,17,YPT. BINA GENERASI TANGGUH SERDANG BEDAGAI,KAB. SERDANG BEDAGAI,KEC. SEI RAMPAH,JALAN PUSKESMAS DSN III DESA SEI REJO
69963118,SD SWASTA ISLAM TERPADU ULI ARGA,081376936507,,B,176,13,FAUZUL ULI ARGA,KAB. DELI SERDANG,KEC. PATUMBAK,JL. MAMBANG DIAWAN V NO. 08 DUSUN V
10213606,SD SWASTA GKPS SIBAGANDING,,sdsibaganding@yahoo.co.id,B,63,8,YAYASAN PENDIDIKAN GKPS,KAB. DELI SERDANG,KEC. BANGUN PURBA,DESA SIBAGANDING
10261471,SDS GLOBAL PRIMA,0614556090,yyspendglobalprima@yahoo.co.id,A,979,29,YAYASAN PERGURUAN TINGGI PRIMA INDONESIA,KOTA MEDAN,KEC. MEDAN MAIMUN,JL. BRIGJEND KATAMSO NO. 282-283 MEDAN
10215099,SD SWASTA AL-JAWAHIR,0618468611,madrasah.aljawahir@gmail.com,A,250,21,AL JAWAHIR ATTARBAWI,KAB. DELI SERDANG,KEC. SUNGGAL,JL. PERSATUAN I NO. 30
69982593,SD ISLAM TERPADU INDONESIA,085270344242,siti.sundutantig@gmail.com,B,124,8,YAYASAN IVAN ISKANDAR INSTITUTE,KAB. MANDAILING NATAL,KEC. NATAL,JL. LINTAS PANTAI BARAT TELUK BALAI SUNDUTAN TIGO
10209002,SD SW. SANTO THOMAS 3 PALIPI,,sdswastastthomas3palipi@disdiksamosir.org,A,269,14,YAYASAN PENDIDIKAN KATOLIK SANTO YOSEPH MEDAN,KAB. SAMOSIR,KEC. PALIPI,PALIPI
69981518,SD SWASTA ISLAM AL FATIH,,sdislamalfatih2014@gmail.com,B,341,22,AJYAL ISLAM CENDIKIA,KAB. DELI SERDANG,KEC. TANJUNG MORAWA,JLN. SULTAN SERDANG GG. HARAPAN DUSUN IX
10257901,SDS NANYANG ZHI HUI,0614534528,nanyangzh@yahoo.com,A,164,20,YAYASAN PENDIDIKAN NANYANG INDONESIA,KOTA MEDAN,KEC. MEDAN BARU,JL ABDULLAH LUBIS NO.15
70056964,SDIT AR RAHMAH ISLAMIC SCHOOL,,,,,5,YAYASAN AR RAHMAH ISLAMIC SCHOOL,KOTA BINJAI,KEC. BINJAI SELATAN,JL. SEI BANGKATAN NO.172 BINJAI
10258046,SDS METHODIST 9,085261221008,hartatymanurung@gmail.com,B,128,7,YAYASAN PENDIDIKAN GEREJA METHODIST INDONESIA WILAYAH I,KOTA MEDAN,KEC. MEDAN TEMBUNG,JL TADUAN NO 114
69886453,SD SWASTA ISLAM AL-GHOFARI,082164753443,sdalghofari@gmail.com,C,211,14,YAYASAN PERGURUAN ALGHOFARI,KOTA MEDAN,KEC. MEDAN DELI,JALAN PLATINA V LINGK XII
10220639,SD AD DAKWAH,0621442047,yayasan.sdaddakwah@yahoo.co.id,B,361,21,YAYASAN AD-DAKWAH,KAB. SERDANG BEDAGAI,KEC. SEI BAMBAN,JL GEMPOLAN PASAR I KIRI
10260886,SD SWASTA SINAR PEMBAHARUAN HIDUP,081397581027,sdsinarpembaharuan@yahoo.co.id,B,110,11,YAYASAN SINAR PEMBAHARUAN HIDUP,KOTA MEDAN,KEC. MEDAN DELI,JL. KAWAT III GG. PADI TOOL MULIA VII NO. 8
70024569,SD IT KHOIRUL ILMI,,khoirulilmi85@gmail.com,C,66,6,YAYASAN KHOIRUL ILMI,KAB. DELI SERDANG,KEC. BANGUN PURBA,"DUSUN III, TANJUNG PURBA"
10257871,SDS AL WASHLIYAH 27,087716581364,alwashliyah.12327@gmail.com,B,77,9,,KOTA MEDAN,KEC. MEDAN DELI,JL. PALTINA 1 SIMPANG  DOBI
10205536,SD SWASTA DIVISI III PADANG HALABAN,081370570660,sddivisi3padanghalaban@gmail.com,B,31,10,PAUD HARAPAN BANGSA,KAB. LABUHANBATU UTARA,KEC. AEK KUO,DIVISI III PADANG HALABAN
70031100,SD SWASTA UMUM SENTOSA,,sdswastaumumsentosa@gmail.com,,167,10,YAYASAN PERGURUAN UMUM SENTOSA 1986,KAB. ASAHAN,KEC. BANDAR PASIR MANDOGE,JL. BENJAMIN DUSUN V
70043897,SD SWASTA DELISHA 2,,,,36,8,YAYASAN PENDIDIKAN DELISHA,KAB. DELI SERDANG,KEC. HAMPARAN PERAK,JL. PACITAN DUSUN VI
10220635,SD S ALWASHLIYAH PAYA LOMBANG,085161464518,sdpayalombang@gmail.com,B,48,6,AL-WASHLIYAH,KAB. SERDANG BEDAGAI,KEC. TEBING TINGGI,PSR III
70034479,SDIT AL IRMA SOVRINA,0618467381,sdit.alirmasovrina@gmail.com,,65,14,YAYASAN PENDIDIKAN DAN KEMAKMURAN AL IRMA SOVRINA,KOTA MEDAN,KEC. MEDAN SUNGGAL,JL RAJAWALI NO 44 B
10257644,SDS PESANTREN GUPPI,085261526771,sdspesantrenguppi@gmail.com,B,4,8,YAYASAN SD SWASTA PESANTREN GUPPI,KOTA MEDAN,KEC. MEDAN TEMBUNG,JL. LETDA SUJONO NO. 270 / JL. BARU NO. 4
69967632,SD IT AR-RIDHA,085296255511,yayasanarridhadusunteladan@gmail.com,B,279,17,YAYASAN AR-RIDHA DUSUN TELADAN,KAB. LANGKAT,KEC. TANJUNG PURA,JL.TERUSAN DUSUN TELADAN
10210318,SDS AMIR HAMZAH,0614528167,amirhamzahsch@yahoo.com,B,21,4,SD SWASTA AMIR HAMZAH,KOTA MEDAN,KEC. MEDAN PETISAH,JL MERANTI NOMOR 1 MEDAN
69775681,SDS IT ALAM FATHIMMATURRIDHO ASAHAN,085296377787,sdita.asahan@gmail.com,C,39,14,FATHIMATURRIDHO,KAB. ASAHAN,KEC. AIR JOMAN,JL. PROTOKOL  NO.85 B
69888756,SD IT MULIA,081370150719,sdit.mulia_langkat@yahoo.com,B,87,8,YAYASAN PENDIDIKAN MULIA SECURAI,KAB. LANGKAT,KEC. BABALAN,JLN. MEDAN-P.BRANDAN KM.77 SECURAI UTARA
69980497,SD SWASTA FILADELFIA SCHOOL,081262999937,filadelfiasch.karo@gmail.com,B,179,7,YAYASAN FILADELFIA BENIH ILAHI,KAB. KARO,KEC. MERDEKA,JL. UDARA UJUNG.
70039294,SD IT AL MINAH,,,B,178,12,YAYASAN PENDIDIKAN AL MINAH,KAB. DELI SERDANG,KEC. PERCUT SEI TUAN,JALAN SEMAR GANG YUDISTIRA
10257637,SDS HKBP PARDAMEAN,06166932345,sdshkbppardamean@gmail.com,B,80,6,YAYASAN SD-SMP HKBP PARDAMEAN MEDAN,KOTA MEDAN,KEC. MEDAN TEMBUNG,JL.PARDAMEAN NO 94 A MEDAN
10259672,SD SWASTA RK SETIA BUDI ( BUDI MURNI-6),0616620467,sdrksetiabudi@gmail.com,A,491,29,YAYASAN PERGURUAN KATOLIK DON BOSCO KEUSKUPAN AGUNG MEDAN,KOTA MEDAN,KEC. MEDAN PERJUANGAN,JLN PELITA V NO. 1
69985205,SD SWASTA SOLA FIDE SCHOOL,081396306688,yaspensolafide.2019@gmail.com,B,75,10,YAYASAN SOLA FIDE SCHOOL,KOTA MEDAN,KEC. MEDAN TUNTUNGAN,"JL. BUNGA NCOLE NO. 4, 5, 6 KOMPLEKS DGARDENIA"
10210683,SD SWASTA METHODIST 2 MEDAN,0614563662,sdsmethodist2mdn@gmail.com,A,622,40,YAYASAN PENDIDIKAN KRISTEN METHODIST THAMRIN,KOTA MEDAN,KEC. MEDAN KOTA,JL. M.H. THAMRIN NO. 96
69982009,SD IT AZZAM DARUSAADAH,081263193691,witamulia6@mail.com,C,78,8,PENDIDIKAN AL ISLAM,KAB. LANGKAT,KEC. PANGKALAN SUSU,JL.PKL.BERANDAN DUSUN IV
10220495,SD SWASTA SANTU FRANSISKUS PANDAN,081316618791,fransiskuspandan@gmail.com,A,534,26,YAYASAN KARYA DARMA BAKTI SIBOLGA,KAB. TAPANULI TENGAH,KEC. PANDAN,JLN. MATSEH GELAR KESAYANGAN NO. 8
69932553,SD SWASTA GENERASI BINTANG,082368836040,genbipermai3032@gmail.com,A,108,12,YAYASAN GENERASI BINTANG TIMUR,KOTA MEDAN,KEC. MEDAN PERJUANGAN,JL. PERMAI NO. 32
69974443,SD SWASTA ISLAM TERPADU AR-RASYID,082164486658,yudiarrasyid88@gmail.com,B,128,9,YAYASAN PENDIDIKAN AR RASYID BATANG KUIS,KAB. DELI SERDANG,KEC. BATANG KUIS,JALAN MEDAN BATANG KUIS DUSUN VI NO. 5
69957049,SD SWASTA SURYA ANUGERAH,081361763909,sdssuryaanugerah@gmail.com,B,64,9,YAYASAN SURYA ANUGERAH,KAB. DELI SERDANG,KEC. PANCUR BATU,DUSUN II SIMPANG LAU TIMAH
69918528,SD SWASTA MAITREYAWIRA,0616637111,sds.maitreyawira.ds@gmail.com,A,1127,58,YAYASAN PENDIDIKAN BUDDHIS CAHAYA KASIH MAITREYA,KAB. DELI SERDANG,KEC. PERCUT SEI TUAN,JL. CEMARA BOULEVARD UTARA NO. 8 KOMP. CEMARA ASRI
10220740,SDS FREE METHODIST 1,,sd.free.methodist.1@gmail.com,B,511,26,YAYASAN PENDIDIKAN  FREE METHODIST INDONESIA,KOTA MEDAN,KEC. MEDAN HELVETIA,JALAN BERINGIN RAYA NO. 152 E
10262119,SD SWASTA SUMBER TUNAS ABADI,081376993211,sdssta@yahoo.co.id,B,300,23,YAYASAN SUITO WIDJAJA PEDULI,KAB. PADANG LAWAS,KEC. SOSA,DESA UJUNG BATU PT.KAS
69981845,SD SWASTA SWASEMBADA,,,TIDAK TERAKREDITASI,1,4,YAYASAN VERAMANGATUR TIUR DAUD SIREGAR,KOTA MEDAN,KEC. MEDAN DENAI,JL. MENTENG VII GG. SWASEMBADA NO. 21
10204762,SD SWASTA NASIONAL PERK. SEI BEJANGKAR,,sds.nasional02@gmail.com,C,117,10,SD SWASTA NASIONAL,KAB. BATU BARA,KEC. SEI BALAI,DSN. III
10210319,SDS AL WASHLIYAH 6/39,,sdswasta.alwashliyah@gmail.com,B,359,17,PERKUMPULAN AL JAMI'ATUL WASHLIYAH,KOTA MEDAN,KEC. MEDAN KOTA BELAWAN,JL. BESAR BAGAN DELI
70011745,SD SWASTA IT UNGGULAN AL WASHLIYAH TEBING TINGGI,,sditunggulanaw@gmail.com,B,23,11,AL JAMIYATUL WASHLIYAH,KOTA TEBING TINGGI,KEC. BAJENIS,JL. PROF. DR. HAMKA LK. II
70006263,SD SWASTA TAFDHIL AL-QURAN,081377267365,sdstafdhilquran@gmail.com,B,127,14,YAYASAN FADLI ARRIDHWANIYAH,KOTA PADANG SIDEMPUAN,KEC. PADANG SIDIMPUAN UTARA,"JL.M. NAWAWI UJUNG, KEL. BONAN DOLOK KEC.PADANGSIDIMPUAN UTARA"
10261053,SDS KRISTEN SUNGAI KEHIDUPAN,,www.sd_sungaikehidupan@gmail.com,B,265,15,LEMBAGA PENDIDIKAN SUNGAI SUMBER KEHIDUPAN,KOTA MEDAN,KEC. MEDAN LABUHAN,JL. TUAR 16 NO. 252 BLOK XI GRIYA MARTUBUNG
10260554,SDS ISLAM RABIATUL ADAWIYAH,082385003700,sdislam_rabiatuladawiyah@yahoo.co.id,B,259,17,YAYASAN PENDIDIKAN ISLAM RABIATUL ADAWIYAH,KOTA MEDAN,KEC. MEDAN LABUHAN,JL. TELUK ARU NO. 07 CINGWAN DALAM
10259795,SD SWASTA ALWASLIYAH NAGA JAYA I BANDAR HULUAN,081396959615,sdalwasliyahbandarhuluan@gmail.com,B,129,8,PIMPINAN CABANG ALWASHLIYAH BANDARHULUAN,KAB. SIMALUNGUN,KEC. BANDAR HULUAN,NAGA JAYA I
70045884,SD ISLAM SWASTA BAHRUL ULUM,,,,,0,,KOTA MEDAN,KEC. MEDAN MARELAN,JL DURUNG 1 GG ZAKARIA
10258316,SDS MUHAMMADIYAH LAHEWA,082166918648,sdmuhammadiyahlahewa01@gmail.com,B,85,11,PIMPINAN DAERAH MUHAMMADIYAH (PDM) KAB. NIAS UTARA,KAB. NIAS UTARA,KEC. LAHEWA,JL. BUNG TOMO LINGK. IV
10212412,SD RK 3,06227436645,sdrkno3@yahoo.co.id,A,512,20,YAYASAN PENDIDIKAN KATOLIK SANTO YOSEPH MEDAN,KOTA PEMATANGSIANTAR,KEC. SIANTAR UTARA,JL.KAIN BATIK
70006492,SD SWASTA TAHFIDZ SHOHIBUL QURAN MUTIARA,,yayasanshohibul20@gmail.com,B,47,10,SHOHIBUL QUR'AN MUTIARA,KAB. ASAHAN,KEC. KISARAN TIMUR,JL. ST. ISKANDAR LK. V
10215229,SD TAMAN SISWA GALANG,0617980268,tamsisgalang@yahoo.co.id,B,36,11,PERSATUAN PERGURUAN TAMANSISWA CABANG GALANG,KAB. DELI SERDANG,KEC. GALANG,JALAN TAMAN SISWA NO 2 GALANG
10210331,SD SWASTA ISLAM TERPADU BUNAYYA,0618465185,almunawwarahmurad2@gmail.com,A,310,25,YAYASAN PENDIDIKAN ISLAM AL MUNAWWARAH MURAD,KOTA MEDAN,KEC. MEDAN SUNGGAL,JL. BEO NO. 76 G
70011833,SD IT DARUSSALAM ISLAMIC SCHOOL,,,C,140,11,YAYASAN PENDIDIKAN ALIGHAR,KAB. LANGKAT,KEC. SELESAI,LINK.IV MUKA STASIUN
69955225,SD SWASTA BUNDA SITI BANUN,081263922440,sdbundsitibanun15@gmail.com,B,264,13,YAYASAN BUNDA SITI BANUN,KAB. LABUHANBATU SELATAN,KEC. KAMPUNG RAKYAT,TANJUNG MULIA
10220811,SDS AMALIA,,sdamalia01@gmail.com,B,213,15,YAYASAN PENDIDIKAN AMALIA MEDAN,KOTA MEDAN,KEC. MEDAN DENAI,JL. RAYA MENTENG GG. BENTENG NO. 71
10210659,SD SWASTA PARULIAN 2 MEDAN,0617366010,sdsparulian2medan@gmail.com,B,176,13,YAYASAN PENDIDIKAN PARULIAN MEDAN,KOTA MEDAN,KEC. MEDAN DENAI,JL. GARUDA RAYA BLOK VIII PERUMNAS MANDALA
70044514,SDIT BAITUL IHSAN,082276348574,,,26,6,YAYASAN MASYARAKAT BAITUL IHSAN DESA PASAR TIGA,KAB. LABUHANBATU,KEC. PANAI TENGAH,DUSUN IV DESA PASAR TIGA
10203099,SD BINTANG KEJORA LINTONGNIHUTA,,sdsbintangkejora55@gmail.com,A,468,16,YAYASAN PENDIDIKAN KATOLIK SANTO YOSEPH MEDAN,KAB. HUMBANG HASUNDUTAN,KEC. LINTONGNIHUTA,JL. TUGU NO. 19 LINTONGNIHUTA
70035294,SEKOLAH DASAR ISLAM TERPADU PLUS USMAN BIN ALI,,,,403,45,YAYASAN USMAN BIN ALI,KOTA MEDAN,KEC. MEDAN SUNGGAL,JL TB SIMATUPANG GG MESJID NO 10
10213589,SD SWASTA ANNYSA,081265002411,sdannysa182@gmail.com,B,268,12,YAYASAN PENDIDIKAN ISLAM ANNYSA,KAB. DELI SERDANG,KEC. SUNGGAL,JL. KEMIRI NO. 62/64
10260471,SD IT ULIL ALBAB,081376654564,sditulilalbabsiantar@yahoo.com,A,290,23,ULIL ALBAB,KOTA PEMATANGSIANTAR,KEC. SIANTAR UTARA,JLN. LOKOMOTIF NO. 35
10203036,SD SWASTA GKPI PEM.BANDAR,081360658874,sdsgkpipematangbandar@gmail.com,C,28,9,GKPI,KAB. SIMALUNGUN,KEC. PEMATANG BANDAR,PEM.BANDAR
10206689,SDADVENT HUTAGINJANG,,sdsadventhutaginjang@gmai.com,B,79,7,YAYASAN PENDIDIKAN GEREJA MASEHI ADVENT HARI KETUJUH DSKT,KAB. TAPANULI TENGAH,KEC. BARUS UTARA,JL. SIHORBO-PURBATUA
10239048,SD SWASTA 100470 AL-ISMAILIYAH,081376080711,ritongarohimah19@gmail.com,C,46,7,SEKOLAH DASAR SWASTA YAYASAN AL-ISMAILIYAH,KAB. PADANG LAWAS UTARA,KEC. DOLOK,DESA SIMATORKIS
69856201,SD SWASTA ISLAM PP. AL-MUNAWIR ASAHAN,,,B,285,19,PONDOK PESANTREN AL-MUNAWIR ASAHAN,KAB. ASAHAN,KEC. AIR JOMAN,DUSUN VII DESA PUNGGULAN
10213580,SDAL ITTIHADIYAH,085275705631,sdsalittihadiyah2@gmail.com,B,598,24,YAYASAN PERGURUAN AL-ITTIHADIYAH LAUT DENDANG SEI TUAN,KAB. DELI SERDANG,KEC. PERCUT SEI TUAN,JL MESJID NO 21 LAUT DENDANG
10210658,SD SWASTA PARULIAN 1 MEDAN,0617346982,sdparulian1_medan@yahoo.co.id,A,75,19,YAYASAN PENDIDIKAN PARULIAN MEDAN,KOTA MEDAN,KEC. MEDAN KOTA,JL.STADION NO 23 MEDAN
10259085,SDS AL FITHRIAH,7861334,sdalfithriah@yahoo.com,A,468,24,SDS AL FITHRIAH,KOTA MEDAN,KEC. MEDAN JOHOR,JALAN EKA SURYA NO. 66 MEDAN
10220630,SD AL ITTIHADIYAH SEI BAMBAN,081370596032,alittihadiyahs@gmail.com,B,115,7,YAYASAN PENDIDIKAN AL ITTIHADIYAH SEI BAMBAN,KAB. SERDANG BEDAGAI,KEC. SEI BAMBAN,JALAN PROTOKOL DUSUN I SEI BAMBAN
69936199,SEKOLAH DASAR  ELSADHAI,081264762123,,B,150,10,ELSADHAI,KAB. TOBA,KEC. SILAEN,JL. PARSOBURAN
10206611,SD MUHAMMADIYAH LADANG TENGAH,,sdmladangtengah@yahoo.co.id,C,61,10,PIMPINAN DAERAH MUHAMMADIYAH (PDM) KAB. TAPANULI TENGAH,KAB. TAPANULI TENGAH,KEC. ANDAM DEWI,DESA LADANG TENGAH
69947322,SD SWASTA AL AMJAD,06142085547,perguruanalamjad@gmail.com,A,916,50,YAYASAN HAJI HASBALLAH YUNUS,KOTA MEDAN,KEC. MEDAN SUNGGAL,JALAN MERPATI NO. 81
69948828,SDIT HAJJAH FAUZIAH,0618822861,hjfauziahsdit@yahoo.com,C,291,27,YAYASAN HAJJAH FAUZIAH,KOTA BINJAI,KEC. BINJAI TIMUR,JL. DANAU SENTANI NO. 1
10258735,SD RK SANTA MARIA PAKKAT,,sdswastark_santamariapakkat@yahoo.co.id,A,315,15,YAYASAN PENDIDIKAN KATOLIK SANTO YOSEPH MEDAN,KAB. HUMBANG HASUNDUTAN,KEC. PAKKAT,JL PERGURUAN KATOLIK
69979245,SD SWASTA RK BINTANG TIMUR PARAPAT,082148277898,sdbintangtimurparapat@gmail.com,A,542,27,YAYASAN PERGURUAN KATOLIK SANTO LAURENSIUS,KAB. SIMALUNGUN,KEC. GIRSANG SIMPANGAN BOLON,JL. ANGGARAJIM ATAS NO.60 KELURAHAN PARAPAT
10220421,SD SWASTA RIMO BUNGA,082163845443,sdsrimobunga@gmail.com,C,18,6,SD SWASTA RIMOBUNGA,KAB. KARO,KEC. MARDINGDING,DESA RIMO BUNGA
70054494,SEKOLAH DASAR SWASTA PERMATA BANGSA BRANDAN,,,,29,5,YAYASAN PERMATA BANGSA,KAB. LANGKAT,KEC. BABALAN,JL.MESJID NO.10
69985457,SD IT AL-IZZAH SIBUHUAN,082277400113,yayasaninsancendikiaalizzah@gmail.com,B,197,13,YAYASAN INSAN CENDIKIA AL-IZZAH,KAB. PADANG LAWAS,KEC. BARUMUN,PASAR SIBUHUAN
10202105,SD SWASTA SINT. YOSEPH TIGABINANGA,,sdsintyosephtigabinanga@gmail.com,A,296,16,YAYASAN SETIA MEDAN,KAB. KARO,KEC. TIGABINANGA,"JL. KOTACANE KM. 2,5"
10212402,SD S. MUHAMMADIYAH 2 PADANGSIDIMPUAN,,sdmuhammadiyah2psp@gemail.com,B,430,22,PIMPINAN DAERAH MUHAMMADIYAH (PDM) KOTA PADANG SIDIMPUAN,KOTA PADANG SIDEMPUAN,KEC. PADANG SIDIMPUAN SELATAN,JLN. SM RAJA GG. BUDIMAN NO. 16
10204792,SD.SWASTA TAMANSISWA KISARAN,,sdtamansiswa@gmail.com,C,24,9,PERSATUAN PERGURUAN  TAMANSISWA CABANG KISARAN,KAB. ASAHAN,KEC. KISARAN BARAT,JL. HOS COKROAMINOTO NO. 431
10261762,SD ISLAM TERPADU IQRO,081536120247,sdsiqro@gmail.com,A,534,36,YAYASAN SARANA HIDAYAH,KAB. LANGKAT,KEC. STABAT,JL.KENANGA
10220813,SDS BINA TARUNA 3,081269077610,sdsbinataruna3@gmail.com,B,159,10,YAYASAN PENDIDIKAN BINATARUNA JAYA,KOTA MEDAN,KEC. MEDAN MARELAN,JL. MARELAN RAYA PSR III NO. 100
10257974,SD SWASTA AGIOS NIKITAS,,sdsagiosnikitas@yahoo.com,B,144,9,,KOTA MEDAN,KEC. MEDAN DELI,JALAN TANJUNG  MULIA HILIR GG. PADI  UJUNG
10207351,SDS NO. 100118 MUHAMMADIYAH PANOBASAN,082275856619,sds100118mpanobasan22@gmail.com,C,150,10,PIMPINAN DAERAH MUHAMMADIYAH (PDM) KAB. TAPANULI SELATAN,KAB. TAPANULI SELATAN,KEC. ANGKOLA BARAT,PANOBASAN
10213091,SD SWASTA GKPS SINAR GUNUNG,081375805986,sdsgkpssgunung@gmail.com,B,77,9,YAYASAN PENDIDIKAN GKPS,KAB. DELI SERDANG,KEC. LABUHAN DELI,SINAR GUNUNG DESA PEMATANG JOHAR
10259811,SD SWASTA TAMAN SISWA PERDAGANGAN,,sdtamsisperdagangan@yahoo.com,B,54,8,PERSATUAN PERGURUAN TAMANSISWA CABANG PERDAGANGAN,KAB. SIMALUNGUN,KEC. BANDAR,JLN RAJAMIN PURBA SH
10205526,SD RGM BLOK SONGO,,sdsrgmbloksongo@gmail.com,A,247,13,YAYASAN PRASIDDHAWARGA RAGAMAS,KAB. LABUHANBATU SELATAN,KEC. KOTA PINANG,JL. LINTAS SUMATERA
69765103,SDS IT DARUL JALAL ASAHAN,082122552920,sditdaruljalalasahan@yahoo.com,B,227,14,SDS IT DARUL JALAL,KAB. ASAHAN,KEC. AIR JOMAN,JALAN SEI SILAU DESA BANJAR
10210271,SD SWASTA ADVENT 4,085275556663,sdsadvent4@gmail.com,B,84,11,YAYASAN PENDIDIKAN GEREJA MASEHI ADVENT HARI KETUJUH SUMATERA UTARA,KOTA MEDAN,KEC. MEDAN BARU,JL. BAHAGIA GG.TAPIAN NAULI NO. 6 MEDAN
70039668,SDIT BABULULUM,,,,43,6,YAYASAN BUYA AGUSMAN BABULULUM,KOTA BINJAI,KEC. BINJAI UTARA,JL. GUMBA GG GUMBA 20
10204390,SD ALWASHLIYAH 65 MERANTI,,sdalwashliyahmeranti@yahoo.co.id,B,175,16,AL-JAM'IYATUL WASHLIYAH,KAB. ASAHAN,KEC. MERANTI,JL. PERINTIS KEMERDEKAAN NO. 346
10204387,SD SWASTA ALWASHLIYAH INDRAPURA,082167753131,sdsalwashliyah57@gmail.com,B,80,10,AL JAM'IYATUL WASHLIYAH,KAB. BATU BARA,KEC. AIR PUTIH,JL. JENDERAL SUDIRMAN NO 222
10210259,SDS ALWASHLIYAH 28,,sdalwashliyah28@yahoo.co.id,B,160,12,PERKUMPULAN AL JAMI'ATUL WASHLIYAH,KOTA MEDAN,KEC. MEDAN LABUHAN,LINGKUNGAN II  BATANG KILAT
10213607,SD GLORIA INTERNATIONAL,0618444741,sd_gloria_international@yahoo.co.id,C,70,9,GLORIA INTERNATIONALA SUMATERA UTARA,KAB. DELI SERDANG,KEC. SUNGGAL,JL TANI ASLI GG GLORIA NO 08-10
10212081,SDROM KATHOLIK I,,sdromkatholik1@gmail.com,A,351,17,YAYASAN PENDIDIKAN KATOLIK SANTO YOSEPH MEDAN,KOTA TANJUNG BALAI,KEC. TANJUNG BALAI SELATAN,JL. GEREJA NO 12
69982582,SD SWASTA NAKAMURA SCHOOL,,,B,133,13,YAYASAN NAKAMURA,KOTA MEDAN,KEC. MEDAN BARAT,JL. T. AMIR HAMZAH NO. 10
10206691,SD AL WASHLIYAH,081396294105,surahmanpasaribu008@gmail.com,B,68,11,AL JAMIATUL WASHLIYAH,KAB. TAPANULI TENGAH,KEC. BARUS,JL. IMAM BONJOL KAMPUNG SOLOK
10210652,SD SWASTA PAB 6,085206258859,sdswastapab6@gmail.com,B,18,5,PERKUMPULAN AMAL BAKTI  SUMATERA UTARA,KOTA MEDAN,KEC. MEDAN SUNGGAL,JL. BEO NO. 39
10220867,SDS NO. 100813 MUHAMMADIYAH AEKSABAON,085658121503,sds100813@yahoo.com,C,46,5,PIMPINAN DAERAH MUHAMMADIYAH (PDM) KAB. TAPANULI SELATAN,KAB. TAPANULI SELATAN,KEC. MARANCAR,AEK SABAON
10257867,SD SWASTA DARMA,,sds.darma@gmail.com,A,344,26,YAYASAN PENDIDIKAN DARMA MEDAN,KOTA MEDAN,KEC. MEDAN JOHOR,JL.KARYA SEHATI NO 6
70052162,SD IT MUMTAZ MAHAL,,yaspendadelliraalbanjari@gmail.com,,75,7,YAYASAN ADELLIRA AL BANJARI PEDULI,KAB. DELI SERDANG,KEC. HAMPARAN PERAK,JL. MULIA KASIH BARAT
10207588,SD SWASTA 101840 KITA YADIKA,082267729730,yadika_bukitharapan@yahoo.com,B,681,33,ABDI KARYA,KAB. PADANG LAWAS UTARA,KEC. SIMANGAMBAT,AEK RARU
10210356,SD SWASTA AL WASHLIYAH 09 MEDAN,081361236544,sdalwashliyah9@yahoo.com,B,59,10,PERKUMPULAN AL JAMI'ATUL WASHLIYAH,KOTA MEDAN,KEC. MEDAN KOTA,JL. AIR BERSIH G.RELA
10259090,SD SWASTA METHODIST 11 MEDAN,0617880439,sdmeth11@gmail.com,A,360,19,YAYASAN PENDIDIKAN KRISTEN METHODIST TITUS,KOTA MEDAN,KEC. MEDAN JOHOR,JLN. BERLIAN SARI III NO. 151 A
10257332,SDS NO. 101245 SANTO FRANSISKUS,081396346824,santofransiskussipirok@gmail.com,A,132,15,SANTA LUSIA VIRGINI,KAB. TAPANULI SELATAN,KEC. SIPIROK,JL. SIMANGAMBAT KM. 3 SIPIROK
69986499,SD SWASTA OPTIMUS PRIMEA SCHOOL,0618457133,ypopdinas@gmail.com,A,64,11,YAYASAN PENDIDIKAN OPTIMUS PRIMA,KOTA MEDAN,KEC. MEDAN SUNGGAL,"JL LETNAN JEND T.B SIMATUPANG NO 78 A,B,C,D"
69894498,SD IT AN-NURILLAH,08116780300,sditannurillah2014@gmail.com,C,132,10,AN-NURILLAH,KAB. DELI SERDANG,KEC. BERINGIN,"JL. PANTAI LABU, DUSUN VI KARANG ANYAR"
10258667,SD SWASTA NO. 1 HKBP LINTONGNIHUTA,081262391803,sdswastanosatuhkbplintongnihuta@yahoo.com,B,125,15,YPHKBP P.HUMBANG,KAB. HUMBANG HASUNDUTAN,KEC. LINTONGNIHUTA,JALAN GEREJA
10220705,SD SWASTA ST. ANTONIUS VI,0617347200,antoniusvi_medan@yahoo.com,A,374,20,YAYASAN PERGURUAN KATOLIK DON BOSCO KEUSKUPAN AGUNG MEDAN,KOTA MEDAN,KEC. MEDAN DENAI,JALAN RAYA MENTENG GG. BENTENG
10210483,SD SWASTA AMAL BAKTI I,081370443441,sugih.toyo@gmail.com,B,155,11,YAYASAN AMAL BAKTI,KOTA MEDAN,KEC. MEDAN DELI,JL. KAYU PUTIH NO. 32 MEDAN
69925752,SD ISLAM TERPADU AL-KHAIR,085370653389,sditalkhair91@gmail.com,C,223,12,YAYASAN PENDIDIKAN AL-KHAIR SUNGGAL,KAB. DELI SERDANG,KEC. SUNGGAL,JL. H.Z. ABBAS DUSUN 02 TANI ASLI DESA TANJUNG GUSTA
69932604,SD SWASTA TUNAS HARAPAN MANDIRI,06180572654,sdthm2014@gmail.com,B,220,18,YAYASAN TUNAS HARAPAN MANDIRI DELI SERDANG,KAB. DELI SERDANG,KEC. PANCUR BATU,JL. HM PUNA SEMBIRING GG. THM
69981361,SD SWASTA ISLAM TERPADU ZAHRA ASY SYIFA,085262232511,zahraasysyifa85@gmail.com,A,499,29,YAYASAN PENDIDIKAN ISLAM ZAHRA ASY SYIFA,KAB. DELI SERDANG,KEC. PATUMBAK,JL. BESAR PATUMBAK I DELI TUA DUSUN I NO. 1
10215152,SDI.T UMMU HAFIDZAH,081370911813,ummuhafidzah2@gmail.com,C,191,12,YAYASAN PENDIDIKAN DA'WAH SOSIAL DAN EKONOMI AN-NASHIRI,KAB. DELI SERDANG,KEC. SIBIRU-BIRU,DUSUN VI CITARUM
10210328,SD SWASTA DARUSSALAM,0616841178,yayasanpendidikandarusalam@yahoo.com,B,218,15,YAYASAN PENDIDIKAN DARUSSALAM,KOTA MEDAN,KEC. MEDAN LABUHAN,JL. PANCING I NO. 19
69981791,SD ISLAM SWASTA ZIKRIYAH,081361344970,sdizikriyah18@gmail.com,A,180,13,YAYASAN PENDIDIKAN ZIKRIYAH SILAMPUYANG,KAB. SIMALUNGUN,KEC. SIANTAR,HUTA V MAINIK REJO
69831981,SD SWASTA TUANKU IMAM BONJOL,085296098154,tuankuimambonjolsd@gmail.com,C,27,10,SERIKAT TOLONG MENOLONG AMPEK ANGKEK,KOTA BINJAI,KEC. BINJAI SELATAN,JL. BUKIT TINGGI NO. 33
10209022,SD SW. ADVENT LIMBONG,,yayasansdadvent66@gmail.com,C,59,7,YAYASAN PENDIDIKAN GEREJA MASEHI ADVENT HARI KETUJUH SUMATERA UTARA,KAB. SAMOSIR,KEC. SIANJUR MULA MULA,LIMBONG
10259810,SD SWASTA TAMANSISWA,085277559931,tamsissugbayu@yahoo.com,B,86,6,SDS TAMANSISWA SUGARANG BAYU,KAB. SIMALUNGUN,KEC. BANDAR,JLN.M KAMDARI HUTA I
10261863,SD SWASTA AL-IRSYAD,081370517122,sdalirsyad1@gmail.com,C,135,13,YAYASAN AL IRSYAD MARELAN,KOTA MEDAN,KEC. MEDAN MARELAN,JL. KAPTEN RAHMAD BUDDIN LK. IX GG. JAMBU
10258668,SD SWASTA NO. 2 HKBP LINTONGNIHUTA,082272474011,0722053sdsno.2hkbplintongnihut@gmail.com,B,121,11,,KAB. HUMBANG HASUNDUTAN,KEC. LINTONGNIHUTA,JL. GEREJA HKBP SABUNGAN
10258814,SD SWASTA PELITA KASIH,,sdpelitakasih@yahoo.com,B,19,10,YAYASAN SEKOLAH PELITA KASIH,KOTA MEDAN,KEC. MEDAN DELI,JL. PLATINA NO. 51
10259541,SD SWASTA ST.FRANSISKUS ASISI,081316666482,fransiskus.binjaibinjai@yahoo.com,A,389,17,YAYASAN SETIA MEDAN,KOTA BINJAI,KEC. BINJAI TIMUR,JL. IKAN TENGGIRI NO. 21
69948601,SD SWASTA ISLAM TERPADU NUR BALQIS,,sditnurbalqis@gmail.com,C,91,8,YAYASAN PENDIDIKAN DAARUSSAKINAH,KAB. ASAHAN,KEC. SEI DADAP,JL. MANGGA SEI KAMAH BARU
10220192,SD SWASTA ISLAM TERPADU PERMATA HATI,062124764,sditpermatahati_tt@yahoo.co.id,B,500,29,YAYASAN PERGURUAN ISLAM TERPADU PERMATA HATI,KOTA TEBING TINGGI,KEC. PADANG HILIR,JALAN ABDUL RAHIM LUBIS NO. 40 A
69880247,SD SWASTA ISLAM HJ.DZAIDAH-DARWIS DARUN NAJAH,062231664,sdi.darunnajah.bb@gmail.com,C,309,21,YPI HJ.DZAIDAH-DARWIS DARUN NAJAH,KAB. BATU BARA,KEC. SEI SUKA,JL. LINTAS SUMATERA KM. 100 DSN. MELATI
10211854,SD KRISTEN KALAM KUDUS,062224577,sdkkps@yahoo.co.id,A,582,41,YAYASAN KALAM KUDUS INDONESIA CABANG PEMATANGSIANTAR,KOTA PEMATANGSIANTAR,KEC. SIANTAR BARAT,JL.MERDEKA NO.28
10220828,SD SWASTA TRI BAKTI II,0616859927,sdswastatribakti80@gmail.com,B,163,13,YAYASAN TRI BAKTI MARELAN,KOTA MEDAN,KEC. MEDAN MARELAN,JL. MARELAN IX NO 5
69981099,SD SWASTA IT AL WASHLIYAH,081370521226,sditalwashliyah@gmail.com,A,329,26,PERKUMPULAN AL JAM'IYATUL WASHLIYAH,KAB. DELI SERDANG,KEC. HAMPARAN PERAK,JL. KLAMBIR LIMA GG. HARAPAN I NO. 8
10220761,SDS CITRA INDONESIA,081265802697,citraindonesiayayasan@yahoo.com,B,293,19,YAYASAN PENDIDIKAN CITRA INDONESIA MEDAN,KOTA MEDAN,KEC. MEDAN HELVETIA,JL. KELAMBIR LIMA GG. KALPATARU NO. 7
10210488,SDS YAPENA 45,0617877331,sdsyapena45@yahoo.com,B,,10,,KOTA MEDAN,KEC. MEDAN MAIMUN,JL. BRIGJEN KATAMSO GG. KOPI NO. 4
10215187,SD SWASTA PAB 18,,pab18sampali@gmail.com,B,122,8,PERKUMPULAN AMAL BAKTI  SUMATERA UTARA,KAB. DELI SERDANG,KEC. PERCUT SEI TUAN,JL.JATI REJO DUSUN XXII PONDOK RAWA
10257628,SDS MUHAMMADIYAH 2410,085297971618,sdswastamuhammadiyah10@gmail.com,C,107,8,PIMPINAN DAERAH MUHAMMADIYAH (PDM) KAB. LANGKAT,KAB. LANGKAT,KEC. SECANGGANG,JL. KH. A. DAHLAN TANJUNG TIGA
10211885,SD SWASTA ADVENT SIMBOLON,085358829488,sdadventjlsimbolon@yahoo.co.id,B,42,6,YAYASAN PENDIDIKAN GEREJA MASEHI ADVENT HARI KETUJUH SUMATERA UTARA,KOTA PEMATANGSIANTAR,KEC. SIANTAR BARAT,JLN. SIMBOLON NO.6
69867942,SD SWASTA PEMBANGUNAN,081375206087,sds.pembangunan11@gmail.com,C,120,12,HAFNAN SIMBOLON,KAB. DELI SERDANG,KEC. PATUMBAK,JL. ADVOKAT RAYA DUSUN I
10210505,SDS WASHLIYANI,081262536694,arko_wija110990@ymail.com,B,136,13,YAYASAN PENDIDIKAN WASHLIYANI ALMADIN,KOTA MEDAN,KEC. MEDAN LABUHAN,JL. PANCING V LINGKUNGAN III GG. WASHLIYANI NO. 1
10259217,SD MUHAMMADIYAH SEI RAMPAH,082267510179,sdmuhammadiyahseirampah@ymail.com,B,190,7,PIMPINAN DAERAH MUHAMMADIYAH (PDM) KAB. SERDANG BEDAGAI,KAB. SERDANG BEDAGAI,KEC. SEI RAMPAH,DSN. I SEI RAMPAH
10200722,SD NUSANTARA LUBUK PAKAM,0617951791,sdsnusantara45@gmail.com,A,107,10,YAYASAN PERGURUAN NUSANTARA LUBUK PAKAM,KAB. DELI SERDANG,KEC. LUBUK PAKAM,JALAN T RAJA MUDA NO 1
69879189,SD SWASTA TAMAN CAHAYA PEMATANGSIANTAR,0622434049,sd.tamancahaya@gmail.com,B,337,30,YAYASAN AMANAH NUR AMAN,KOTA PEMATANGSIANTAR,KEC. SIANTAR SITALASARI,JLN. SISINGAMANGARAJA NO. 171
10264681,SD SWASTA ANAK BANGSA,082272701258,asiati@yahoo.com,C,212,11,YAYASAN PENDIDIKAN ANAK BANGSA,KAB. LABUHANBATU SELATAN,KEC. TORGAMBA,SUMBER SARI
10259812,SD SWASTA SATRYA BUDI PERDAGANGAN,,satryabudi42@yahoo.com,B,155,8,PERGURUAN SATRYA BUDI PERDAGANGAN,KAB. SIMALUNGUN,KEC. BANDAR,JLN. AMAL NO.5 PERDAGANGAN
10210663,SDS METHODIST 1,0614152542,onno.doloksaribu@gmail.com,A,134,10,YAYASAN PERGURUAN METHODIST 1 MEDAN,KOTA MEDAN,KEC. MEDAN POLONIA,JL. HANG TUAH NO. 4 MEDAN
69888789,SD SWASTA ISLAM TERPADU DARUL ADZKIA,062122996,sditdaruladzkia@gmail.com,B,153,11,ADZKIA MATAHATI INDONESIA,KOTA TEBING TINGGI,KEC. PADANG HULU,JL. PULAU IRIAN
10206278,SD S HKBP SIPOHOLON,081269449786,sdshkbp_sipoholon@yahoo.co.id,B,92,9,YAYASAN PENDIDIKAN HKBP TAPANULI UTARA,KAB. TAPANULI UTARA,KEC. SIPOHOLON,SIMANUNGKALIT
70053722,SD SWASTA ISLAM AMBUK SARWANGI,,,,53,8,YAYASAN PENDIDIKAN AMBUK SARWANGI,KAB. DELI SERDANG,KEC. LABUHAN DELI,DUSUN IX LORONG AKHIR
10260242,SD SITI AMELIA,085361132316,elfirakhairani88@gmail.com,B,623,32,YAYASAN PENDIDIKAN SITI AMELIA,KAB. DELI SERDANG,KEC. PERCUT SEI TUAN,JL. DATUK KABU PASAR TIGA NO. 9 TEMBUNG
10206704,SD SW HKBP SIBULUAN,081263581338,sdhkbpsibuluan@gmail.com,B,122,11,DEWAN SEKOLAH HURIA,KAB. TAPANULI TENGAH,KEC. PANDAN,JL. KOLONEL ADONIA HUTAGALUNG SIBULUAN RAYA
69984777,SD IT ASSALAM,,sditassalam09@gmail.com,B,261,15,YAYASAN AZZAMI AZKIA,KAB. LANGKAT,KEC. SALAPIAN,DUSUN II
10209468,SD R.A. KARTINI,062141197,yaspenrakartinisd@gmail.com,A,302,17,YAYASAN PERGURUAN R.A. KARTINI,KAB. SERDANG BEDAGAI,KEC. SEI RAMPAH,JLN. STASIUN NO. 45 SEI RAMPAH
10261560,SD SWASTA TAMAN PENDIDIKAN,0622697193,sdtapen.bandarmasilam@gmail.com,B,74,5,PERGURUAN TAMAN PENDIDIKAN,KAB. SIMALUNGUN,KEC. BANDAR MASILAM,PANOMBEAN BARU
10257993,SD SANIAH,081375140778,sdswastasaniah@gmail.com,B,47,8,YAYASAN SANIAH,KAB. ASAHAN,KEC. AEK SONGSONGAN,LINTAS SIGURA-GURA
10211459,SDAL-WASHLIYAH,085765835943,washliyah_al@yahoo.com,B,102,10,AL JAM`IYATUL WASHLIYAH,KOTA BINJAI,KEC. BINJAI BARAT,JL. KEDONDONG NO. 67
10209464,SD SWASTA AL WASHLIYAH SEI RAMPAH,085762580733,sdsawseirampah@gmail.com,B,193,10,AL JAM'IYATUL WASHLIYAH,KAB. SERDANG BEDAGAI,KEC. SEI RAMPAH,JLN. JENDERAL SUDIRMAN KM. 60 SIMPANG BEDAGAI SEI RAMPAH
10220190,SD SWASTA MUHAMMADIYAH ATTAQWA,085281225586,sds.attaqwa@yahoo.com,B,320,18,PIMPINAN DAERAH MUHAMMADIYAH (PDM) KOTA TEBING TINGGI,KOTA TEBING TINGGI,KEC. PADANG HULU,JALAN SISINGAMANGRAJA
10263551,SD SWASTA ANASTASIA,06180047399,sd@anastasia.sch.id,B,176,11,ANASTASIA,KAB. DELI SERDANG,KEC. PANCUR BATU,"JL. JAMIN GINTING KM 14 SIMP. GARDU, BLOK B"
69963630,SD SWASTA ISLAM TERPADU AN NUR FIRDAUS,081396416255,sditannurfirdaus@gmail.com,B,69,10,YAYASAN ANNUR DOLOK MERAWAN,KAB. SERDANG BEDAGAI,KEC. SEI RAMPAH,DUSUN VI DESA FIRDAUS
10259716,SD ISLAM TERPADU DAAR AL ULUUM,081370038336,sdsit.2000@gmail.com,A,217,20,YAYASAN PESANTREN MODERN DAAR AL ULUUM ASAHAN,KAB. ASAHAN,KEC. KISARAN BARAT,JL. TURI KISARAN
10260289,SD SWASTA ALWASHLIYAH SERBALAWAN,085275662835,sdalwashliyahserbalawan@gmail.com,B,138,10,AL-JAM'IYATUL WASHLIYAH,KAB. SIMALUNGUN,KEC. DOLOK BATU NANGGAR,JL. H.A.R. SYIHAB NO. 001
10213659,SD PAB 9 KLUMPANG,082164057832,sdspa9klumpang123@gmail.com,B,182,9,PERKUMPULAN AMAL BAKTI  SUMATERA UTARA,KAB. DELI SERDANG,KEC. HAMPARAN PERAK,PASAR 5 KLUMPANG
69955428,SD SWASTA ISLAM TERPADU DARUL ABROR,085275285535,sditdarulabror@yahoo.com,C,285,24,YAYASAN PENDIDIKAN HAJI ASNAN NASUTION DARUL ABROR,KAB. BATU BARA,KEC. MEDANG DERAS,JL. VILLA PERMATA RAYA DUSUN PERTAMA JAYA
10208563,SD SWASTA BONAPASOGIT SEJAHTERA,7346000,,A,641,30,YAYASAN BONAPASOGIT SEJAHTERA,KAB. TOBA,KEC. PARMAKSIAN,JLN. PROF. DR.IR. BISUK SIAHAAN
69752730,SDIT SWASTA MARDHIYAH,081361677221,sditmardhiyah@gmail.com,C,400,18,YAYASAN PENDIDIKAN MARDHIYAH,KOTA BINJAI,KEC. BINJAI TIMUR,JL. DANAU TONDANO NO. 103
10220936,SDS GALILEA,,ap_siregar@yahoo.com,C,65,4,YAYASAN KEBENARAN KASIH LUHUR (YAKEKAL),KOTA MEDAN,KEC. MEDAN KOTA BELAWAN,JL MEDAN BELAWAN MEDAN
10205566,SD SWASTA BUDI MULIA,082388816951,susisafitri201734@gmail.com,C,92,8,YAYASAN PENDIDIKAN SEKOLAH DASAR SWASTA BUDI MULIA,KAB. LABUHANBATU SELATAN,KEC. TORGAMBA,DUSUN SULUM
69899252,SD SWASTA CITA LUHUR,085358037674,sekolahcitaluhur@gmail.com,A,94,16,KEMUNING PAREGA,KOTA MEDAN,KEC. MEDAN POLONIA,JALAN IR. H. JUANDA NO. 14 - 16
70000713,SD SWASTA IT TAHFIDZUL QURAN AL UMM SMART CENTRE,,,A,292,18,YAYASAN HALIMATUSSA'DIAH AMALIYAH INDONESIA,KAB. DELI SERDANG,KEC. PERCUT SEI TUAN,JL. BERINGIN PASAR V GG MENTIMUN 16 NO. 8 TEMBUNG
10215224,SD SWASTA SINAR HUSNI,06184623690,sdsinarhusni53@gmail.com,A,191,18,YAYASAN PENDIDIKAN SINAR HUSNI,KAB. DELI SERDANG,KEC. LABUHAN DELI,JALAN VETERAN GANG UTAMA PASAR V HELVETIA
70011111,SD SWASTA IT AL AZHAR SEI BULUH,,,B,140,9,YAYASAN PENDIDIKAN ISLAM TERPADU AL AZHAR SEI BULUH,KAB. SERDANG BEDAGAI,KEC. PERBAUNGAN,DUSUN IV DESA SEI BULUH
10202096,SD SWASTA MASEHI 4 KABANJAHE,081367312845,desnatarigan2018@gmail.com,B,178,13,YAYASAN PENDIDIKAN KRISTEN GBKP,KAB. KARO,KEC. KABANJAHE,JALAN KIRAS BANGUN NO.1 KABANJAHE
69990699,SD SWASTA ISLAM QURRATU AYUN,081361406128,qurratura81@gmail.com,B,331,5,,KAB. DELI SERDANG,KEC. DELI TUA,JL. DELI TUA NO. 74
69959097,SD SWASTA PLUS AN-NUR MULIA,,an.nurmulia@gmail.com,B,65,8,YAYASAN PENDIDIKAN AN - NUR MULIA,KOTA TEBING TINGGI,KEC. PADANG HULU,JL. PULAU SUMATERA NO. 71 A
70046319,SD SWASTA IT AL FURQON,,,,43,5,YAYASAN PENDIDIKAN ISLAM FATHURRAHMAN AL FURQON,KAB. LABUHANBATU SELATAN,KEC. KAMPUNG RAKYAT,JL. ARJUNA
10205927,SDS TPI JANJI,082167675662,sdstpi32janji@gmail.com,B,179,12,YAYASAN TPI LABUHANBATU,KAB. LABUHANBATU,KEC. BILAH BARAT,PTPN 3 RANTAUPRAPAT
70015703,SD ISLAM PLUS AR-RASYID,,,,263,16,YAYASAN PENDIDIKAN ISLAM BIN RASYID,KAB. LABUHANBATU SELATAN,KEC. TORGAMBA,SIMPANG PASAR XII DUSUN PINANG AWAN
10210519,SD SWASTA SULTAN ISKANDAR MUDA,0618457702,sd@ypsim.com,A,1385,48,YAYASAN PERGURUAN SULTAN ISKANDAR MUDA,KOTA MEDAN,KEC. MEDAN SUNGGAL,JL. SUNGGAL GG BAKUL LING XI KELURAHAN SUNGGAL KECAMATAN MEDAN - SUNGGAL
70052265,SD IT NUR RAHMAN,,,,31,4,YAYASAN NUR RAHMAN JAYA,KAB. SERDANG BEDAGAI,KEC. PERBAUNGAN,DUSUN III DESA JAMBUR PULAU
10220199,SD SWASTA DARUSSALAM BANDAR KLIPPA,081375434004,darussalambk78@gmail.com,C,222,10,YP. INSAN KAMIL DARUSSALAM,KAB. DELI SERDANG,KEC. PERCUT SEI TUAN,JL. PASAR 6
10213697,SD TEKAD MULIA,081361042980,sdtekadmulia1991@gmail.com,B,190,15,YAYASAN TEKAD MULIA SUNGGAL,KAB. DELI SERDANG,KEC. SUNGGAL,JL KOMPOS NO. 134 KM 12
69983855,SD IT ISLAMILILLAH,081397664661,sditislamilillah@gmail.com,B,197,14,YAYASAN ISLAMILILLAH,KAB. LANGKAT,KEC. BERANDAN BARAT,JL.BESITANG NO.19 SIMPANG TIGA SUSU
69950506,SD SWASTA GEMILANG BERASTAGI,081322342780,sd.gemilang.berastagi@gmail.com,C,214,15,YAYASAN GEMILANG,KAB. KARO,KEC. BERASTAGI,JLN. JAMIN  GG. GEREJA NO.4
10260243,SD SWASTA AGUNG PERSADA,087873454207,sdagung3007@gmail.com,B,160,12,AGUNG PERSADA,KAB. DELI SERDANG,KEC. PERCUT SEI TUAN,JL. PENDIDIKAN DSN VII PSR. XI
70047804,SD EDU GLOBAL MEDAN,,,,62,11,YAYASAN KREASI EDULAB INDONESIA,KOTA MEDAN,KEC. MEDAN SELAYANG,JL. SEI SERAYU NO. 33
10202082,SD SWASTA RAMBE MBELANG I,082162089828,katolik1.rambembelang@gmail.com,C,97,8,YAYASAN PERGURUAN KATOLIK DON BOSCO KEUSKUPAN AGUNG MEDAN,KAB. KARO,KEC. MARDINGDING,RAMBEMBELANG
10210629,SD SWASTA DWI WARNA 2,081397734177,sddwiwarna2@yahoo.com,C,14,8,DWIWARNA,KOTA MEDAN,KEC. MEDAN SUNGGAL,"JL.BINJAI KM 6,7 GG. JUNTAK"
10210530,SD SWASTA SUTOMO 2,0616615133,sdsutomo2@sutomo-mdn.sch.id,A,804,36,YAYASAN PERGURUAN SUTOMO MEDAN,KOTA MEDAN,KEC. MEDAN BARAT,JL.DELI INDAH IV NO.6 PULO BRAYAN
10210491,SD SWASTA TAMAN PENDIDIKAN ISLAM,085283081401,setianengsih05@gmail.com,B,298,19,PERKUMPULAN TAMAN PENDIDIKAN ISLAM,KOTA MEDAN,KEC. MEDAN AMPLAS,JL. SISINGAMANGARAJA XII KM. 7 NO. 5 MEDAN
69992976,SD SWASTA IT DARUSSALAM,,sditdarussalam1119@gmail.com,A,319,20,YAYASAN PERGURUAN DARUSSALAM ARDAGUSEMA,KAB. DELI SERDANG,KEC. DELI TUA,JL. PENDIDIKAN ARDAGUSEMA KEL. DELI TUA TIMUR
70013330,SD SWASTA ISLAM TERPADU SYIFAAUL HAYAATI,081262073040,syifaaulhayaati01@gmail.com,C,73,8,YAYASAN PENDIDIKAN SYIFAAUL HAYAATI TEBING TINGGI,KOTA TEBING TINGGI,KEC. BAJENIS,JL. MERPATI 24
70047922,SD SWASTA ISA KIDS,,,B,15,5,YAYASAN ISA KIDS SCHOOL,KOTA MEDAN,KEC. MEDAN LABUHAN,JL JURUNG RAYA BLOK D NO 11
10210353,SD SWASTA AL-JAMAIYAH,,sdsaljamaiyah@yahoo.co.id,B,526,28,PERGURUAN AL-JAMA'IYAH,KOTA MEDAN,KEC. MEDAN DENAI,JL. DENAI UJUNG NO.272
10220810,SD SWASTA ISLAM AL-HUDA,06142732921,alhuda_sdi@yahoo.co.id,A,580,17,YAYASAN DARUL HUDA MARELAN,KOTA MEDAN,KEC. MEDAN MARELAN,JL. MARELAN V NO. 21A MEDAN
10220724,SDS AL WASHLIYAH AMPERA II,081396403269,sdalwashliyahamperaii@yahoo.co.id,B,260,15,PERKUMPULAN AL JAMI'ATUL WASHLIYAH,KOTA MEDAN,KEC. MEDAN HELVETIA,JL. ASRAMA  AMPERA  II
10259386,SDS NAHDLATUL ULAMA,,sdnahdlatululama@yahoo.co.id,B,109,11,YAYASAN PERGURUAN NAHDLATUL ULAMA MEDAN,KOTA MEDAN,KEC. MEDAN TEMBUNG,JL.PUKAT I NO 37
70046345,SD ISLAM TERPADU ISLAMIYAH,085261099156,,,66,8,YAYASAN PENDIDIKAN ISLAMIYAH NAMU UKUR,KAB. LANGKAT,KEC. SEI BINGAI,DUSUN PROYEK PA III BENGARU
10213638,SD NURUL FATHIMIYAH,081361507946,nurulfathimiyah@ymail.com,B,227,17,YAYASAN NURUL FATHIMIYAH,KAB. DELI SERDANG,KEC. PERCUT SEI TUAN,"JL RAYA MEDAN B. KUIS KM 12,2 GANG MELINJO"
10205922,SD UMUM MADUMA,081260273945,sdmaduma@gmail.com,C,32,4,SD SWASTA UMUM MADUMA,KAB. LABUHANBATU UTARA,KEC. KUALUH HILIR,DUSUN DOSROHA
10215173,SD S MUHAMMADIYAH CENDANA ASRI,08216712831,sdswastamuhammadiyhca@gmail.com,B,141,9,PIMPINAN DAERAH MUHAMMADIYAH (PDM) KAB. DELI SERDANG,KAB. DELI SERDANG,KEC. BATANG KUIS,JLN. PANDU II BLOK. E NO. 55 PERUMAHAN CENDANA ASRI
69967362,SD SWASTA EUNIKE BIDAWANI,082165240761,yayasaneunike_bidawani@yahoo.com,C,12,3,EUNIKE BIDAWANI,KOTA MEDAN,KEC. MEDAN LABUHAN,JL. GEREJA KOMPLEK TKBM LINGKUNGAN 18
69924318,SD SWASTA MENTARI,085297284379,sdmentarididepan2020i@gmail.com,B,54,4,YAYASAN METANOIA,KAB. TAPANULI UTARA,KEC. PAHAE JAE,PASAR SARULLA PAHAE JAE
10210276,SDS NUR HASANAH,7868070,nur.hasanah7154@yahoo.co.id,B,32,9,YAYASAN PENDIDIKAN NUR HASANAH MEDAN,KOTA MEDAN,KEC. MEDAN AMPLAS,JL. GARU II NO.28
69933350,SDS ASSYIFA,,,B,87,12,YAYASAN PENDIDIKAN ASSYIFA MEDAN,KOTA MEDAN,KEC. MEDAN AMPLAS,JL. BAJAK II H GG. COKLAT I NO. 67-C
10259292,SD SWASTA DOREMA,061844889,damesitompul.ds@gmail.com,B,73,6,SD SWASTA DOREMA,KOTA MEDAN,KEC. MEDAN SUNGGAL,JL.PUSKESMAS NO 10 B
10215186,SD SWASTA PAB 17 PEMATANG JOHAR,,sdpab17@yahoo.co.id,B,220,9,PERKUMPULAN AMAL BAKTI  SUMATERA UTARA,KAB. DELI SERDANG,KEC. LABUHAN DELI,PASAR VI DWIKORA PEMATANG JOHAR
10204770,SD SWASTA METHODIST 2 KISARAN,081376029395,sd.methodist.kisaran@gmail.com,A,418,21,YAYASAN PENDIDIKAN KRISTEN METHODIST MORIA KISARAN,KAB. ASAHAN,KEC. KISARAN BARAT,JL. TEUKU UMAR KECAMATAN KOTA KISARAN BARAT KABUPATEN ASAHAN
70030145,SD IT AL BADARIAH,,,C,19,9,YAYASAN PENDIDIKAN ISLAM AUNILLAH,KOTA TANJUNG BALAI,KEC. TANJUNG BALAI SELATAN,JALAN JENDRAL SUDIRMAN NO 47
10210593,SD SWASTA KATOLIK ASSISI,0618360711,sdsw_assisi@ymail.com,A,985,43,YAYASAN PUTERI HATI KUDUS,KOTA MEDAN,KEC. MEDAN TUNTUNGAN,JL ANGGREK RAYA NO.24A
69774635,SDS KRISTEN KALAM KUDUS 2,062229220,sd2@skkkps.sch.id,A,597,44,YAYASAN KALAM KUDUS INDONESIA CABANG PEMATANGSIANTAR,KOTA PEMATANGSIANTAR,KEC. SIANTAR SELATAN,JLN. SABANG MERAUKE BELAKANG NO. 2D
10261595,SD IT AL-FAZHIRA,085358335837,sditalfazhira01@gmail.com,A,677,30,YAYASAN PENDIDIKAN AL FAZHIRA,KAB. DELI SERDANG,KEC. PERCUT SEI TUAN,JL.KARYA APDN NO. 10
10205923,SD TUNAS WANA HARAPAN,085265287811,sdtunaswanaharapan1@gmail.com,B,162,8,YAYASAN TUNAS WANA HARAPAN,KAB. LABUHANBATU SELATAN,KEC. TORGAMBA,SEI KEBARO
10220816,SDS HARAPAN 2,0614554242,sd2harapanmedan@gmail.com,A,127,14,YAYASAN PENDIDIKAN HARAPAN,KOTA MEDAN,KEC. MEDAN MAIMUN,JL. IMAM BONJOL NO. 35 MEDAN
10205580,SD ALWASHLIYAH,081361435345,sdsalwashliyah85@gmail.com,B,30,11,SDS ALWASHLIYAH,KAB. LABUHANBATU SELATAN,KEC. KAMPUNG RAKYAT,JL. PENDIDIKAN KEBUN PERLABIAN
10212461,SD SWASTA SARIPUTRA,,perguruansariputra@yahoo.co.id,A,336,30,VIHARA BUDDHA AVALOKITESVARA,KOTA PADANG SIDEMPUAN,KEC. PADANG SIDIMPUAN UTARA,JL. MERDEKA NO 432 PADANGSIDIMPUAN
69990048,SD SWASTA LENTERA NUSA,082161855557,lenteranusa2@gmail.com,A,523,24,YAYASAN LENTERA NUSA,KOTA MEDAN,KEC. MEDAN TUNTUNGAN,JL JAMIN GINTING NO 112 KM 11.5
70050615,SD IT AL-MUKHTARIYAH,,almukhtariyahsdit@gmail.com,,23,5,YAYASAN AL MUKHTARIYAH FAUZAN AZRA,KAB. DELI SERDANG,KEC. BATANG KUIS,DUSUN IV
10259168,SDS MUHAMMADIYAH 38 SENTANG SAWAH,085261390234,sdsmuhammadiyah38@gmail.com,B,80,10,PIMPINAN DAERAH MUHAMMADIYAH (PDM) KAB. ASAHAN,KAB. ASAHAN,KEC. SEI DADAP,SENTANG SAWAH
10257953,SD METHODIST BABALAN,062021388,vj.ary14@gmail.com,B,147,14,PKMI PANGKALAN BERANDAN,KAB. LANGKAT,KEC. BABALAN,JALAN DEMPO
10264635,SD SWASTA PRESTASI UTAMA,081370115819,nestigurusinga@gmail.com,B,162,12,YAYASAN PENDIDIKAN PRESTASI UTAMA,KAB. DELI SERDANG,KEC. SUNGGAL,JL. KALIREJO UJUNG DSN II SIDODADI
69948611,SD SWASTA ISLAM TERPADU AR RAYHAN,,sdsitarrayhan@gmail.com,C,63,8,YAYASAN PENDIDIKAN DAARUSSAKINAH,KAB. ASAHAN,KEC. SIMPANG EMPAT,SABAH DUSUN IX
69991801,SDIT AN NUR AL MAHAT TAHFIZ AS SOBIRIN,085270223942,sditannur2019@gmail.com,B,195,15,AN NUR AL MA'HAT TAHFIZ AS SOBIRIN,KAB. ASAHAN,KEC. KISARAN BARAT,JL. IR. SUTAMI LK. V SIDODADI
69974409,SD SWASTA IT NURUL HIKMAH,081396648856,sditnurulhikmahtb@gmail.com,B,101,12,YAYASAN PENDIDIKAN NURUL HIKMAH KOTA TANJUNGBALAI,KOTA TANJUNG BALAI,KEC. DATUK BANDAR,JL.JAMIN GINTING/ARTERI NO.190 LK III
10205533,SD MUHAMMADIYAH 4 SUKARAME,085361986330,sdsmhd4_sukarame@yahoo.com,B,100,8,PIMPINAN DAERAH MUHAMMADIYAH (PDM) KAB. LABUHAN BATU UTARA,KAB. LABUHANBATU UTARA,KEC. KUALUH HULU,JLN. ABDUL WAHID NO. 74
69974975,SD KATOLIK MARIA BUNDA KARMEL,081264394120,sumbulsdkmbk@gmail.com,A,193,9,YAYASAN CAHAYA KARMELITAS INDONESIA,KAB. DAIRI,KEC. SUMBUL,JL. SISINGAMANGARAJA NO. 37 SUMBUL
69981094,SD SWASTA ISLAM NURSYAMSIANI,082163852970,sdislamnursyamsiani@yahoo.com,C,182,12,YAYASAN PENDIDIKAN NURSYAMSIANI,KAB. DELI SERDANG,KEC. BATANG KUIS,JL PIMPINAN DUSUN II GG. PIMPINAN 05
10215215,SD SWASTA RK SANTA MARIA,082361979215,sdsantamariapenen@yahoo.com,B,125,9,YAYASAN PERGURUAN KATOLIK DON BOSCO KEUSKUPAN AGUNG MEDAN,KAB. DELI SERDANG,KEC. SIBIRU-BIRU,DESA PENEN
70053784,SD SWASTA UNGGULAN,081370903364,sdswastaunggulan@gmail.com,,47,4,YAYASAN TUNAS HARAPAN SUNGGAL,KAB. DELI SERDANG,KEC. SUNGGAL,JL. GLUGUR RIMBUN DUSUN V
10202108,SD SWASTA MASEHI 1 KABANJAHE,,sdmasehi1kabanjahe@gmail.com,B,129,11,YAYASAN PENDIDIKAN KRISTEN BATAK KARO PROTESTAN GBKP CABANG ASRAMA KODIM,KAB. KARO,KEC. KABANJAHE,KABANJAHE
70047560,SD IT AL QURAN  AN NAS,,,,27,5,YAYASAN AL QURAN AN NAS INDONESIA,KAB. DELI SERDANG,KEC. BERINGIN,JL. BESAR PANTAI LABU DUSUN VI NO. 034
69787119,SDS NASIONAL PENAMPEN,,penampen_sd@yahoo.com,C,9,6,YAYASAN PENDIDIKAN NASIONAL PENAMPEN,KAB. DELI SERDANG,KEC. SUNGGAL,JLN. PEPAYA NO. 2 KOMPLEK SUKA MAJU INDAH
69966478,SD ISLAM TERPADU AT THOYIBAH,,sdit.atthoyibah@gmail.com,C,135,8,YAYASAN PENDIDIKAN AT THOYIBAH,KAB. ASAHAN,KEC. MERANTI,JL. MAKMUR DUSUN V MERANTI
10257626,SDMASEHI,081370308024,sdsmasehi1971@gmail.com,B,132,8,YAYASAN MASHEI LAU GUNUNG,KAB. LANGKAT,KEC. SEI BINGAI,LAU GUNUNG
69945770,SD ISLAM TERPADU AL-FALAH,082168889012,sditalfalahkutalimbaru@gmail.com,B,211,11,YAYASAN AL-FALAH KUTALIMBARU,KAB. DELI SERDANG,KEC. KUTAIIMBARU,DUSUN VII JL. CIAWI KAMPUNG BANTEN
69904002,SD PUTRA BANGSA BERBUDI,085777021203,sdputrabangsaberbudi@gmail.com,B,492,15,YAYASAN PENDIDIKAN PUTRA BANGSA BERBUDI,KAB. DELI SERDANG,KEC. DELI TUA,GANG BAYUR UJUNG/GANG LEMBAH LINGKUNGAN VI
10258460,SD SWASTA ISLAM TERPADU NURUL AZIZI,0617862895,sdislamterpadu_nurulazizi@yahoo.co.id,A,395,22,YAYASAN WAKAF NOOR BALQIS,KOTA MEDAN,KEC. MEDAN JOHOR,JL. SUKA ELOK NO 10 MEDAN
69753188,SDS ISLAM DARUL MUSTAFA,081361514441,sdislamdarulmustafa@gmail.com,B,253,19,SD ISLAM DARUL MUSTAFA,KOTA MEDAN,KEC. MEDAN DENAI,JL PELAJAR TIMUR GG MAWAR NO 26 B
69899534,SD ISLAM AL-HABIBAH,081260106423,muji77_salam@yahoo.com,B,94,10,YAYASAN PERGURUAN ISLAM AL HABIBAH,KAB. DELI SERDANG,KEC. SUNGGAL,JL DISKI-GELUGUR RIMBUN NO 114
10202113,SD SWASTA MUHAMMADIYAH 43 KABANJAHE,0882015102802,sdmuhammadiyah@yahoo.co.id,B,182,10,PIMPINAN DAERAH MUHAMMADIYAH (PDM) KAB. KARO,KAB. KARO,KEC. KABANJAHE,JL MESJID
70039525,SD NAFLI SCHOOL,,,,71,6,YAYASAN PENDIDIKAN NAFIUN LIGHAIRIHI,KAB. DELI SERDANG,KEC. PANCUR BATU,JL. DEWANTARA NO. 34
10205516,SD KARYA BAKTI,085275360333,sdkaryabakti123@gmail.com,B,99,8,KARYA BAKTI,KAB. LABUHANBATU SELATAN,KEC. TORGAMBA,DUSUN I PINANG DAMAI
10257945,SD SWASTA RGM BESITANG,082370408835,sdswastargm1besitang@gmail.com,B,282,18,,KAB. LANGKAT,KEC. BESITANG,JALAN SEI PUCUK BESITANG LANGKAT
69967227,SD SWASTA ISLAM TERPADU YUNUS AL-BANAT,081370545924,sdityunusalbanat@gmail.com,B,162,9,YAYASAN PENDIDIKAN YUNUS AL-BANAT,KAB. SERDANG BEDAGAI,KEC. SIPISPIS,DUSUN I DESA MARJANJI
69938495,SD ISLAM TERPADU AL-ADZKIYA,085261290493,islamterpadu123@gmail.com,B,224,19,PIMPINAN DAERAH MUHAMMADIYAH (PDM) KAB. LABUHAN BATU UTARA,KAB. LABUHANBATU UTARA,KEC. MARBAU,"JLN. JENDRAL SUDIRMAN KOMPLEK MESJID TAQWA MUHAMMADIYAH, PEKAN MARBAU"
69817039,SDIT HAJJAH SITI MAHANUM,081397626492,sdithsm@gmail.com,B,94,5,GARDA CENDEKIA,KAB. DAIRI,KEC. SITINJO,"JL.SIDIKALANG-MEDAN KM.4,5GG"
10259951,SDS AZIDDIN,,sdaziddin@gmail.com,B,,0,AZIDDIN,KOTA MEDAN,KEC. MEDAN DENAI,JL. PANGLIMA DENAI NO. 28 B
10220736,SDS KARTIKA I-2,0618465593,sd_kartika2medan@ymail.com,A,207,11,YAYASAN KARTIKA JAYA CABANG I BUKIT BARISAN,KOTA MEDAN,KEC. MEDAN HELVETIA,JL. BRIGJEN H.A. MANAF LUBIS
10220812,SD SWASTA BINA TARUNA 1,,sdsbinataruna1@gmail.com,B,216,15,YAYASAN BINA TARUNA MEDAN,KOTA MEDAN,KEC. MEDAN MARELAN,JL. SUMBAWA UJUNG GG. PENDIDIKAN NO. 2
10262261,SD SWASTA ASH SHOLIHIN,081362307412,sditasholihin@gmail.com,B,241,17,YAYASAN PERGURUAN ASH-SHOLIHIN,KAB. DELI SERDANG,KEC. TANJUNG MORAWA,"JL MEDAN LUBUK PAKAM KM.22,5"
10213643,SD SWASTA PAB 10,,sdswastapab10sampali@gmail.com,B,150,5,PERKUMPULAN AMAL BAKTI  SUMATERA UTARA,KAB. DELI SERDANG,KEC. PERCUT SEI TUAN,JLN. CEMARA NO.2
10259398,SD SWASTA ISLAM AR-RIDHA,08126317549,tariganhayati@yahoo.co.id,B,401,16,YAYASAN PENDIDIKAN ISLAM AR-RIDHA,KOTA MEDAN,KEC. MEDAN MARELAN,JL.PLATINA LK21 RENGAS PULAU
69919462,SD IT NURUL HASANAH,08116780813,sditnurulhasanah@gmail.com,C,174,12,NURUL HASANAH,KAB. LANGKAT,KEC. SELESAI,JL.MADRASAH DUSUN III
69733926,SD SWASTA KRISTEN BNKP GUNUNGSITOLI,085369386663,sdsbnkpgusit@gmail.com,B,516,29,YAYASAN BANUA NIHA KERISO PROTESTAN GUNUNGSITOLI,KOTA GUNUNGSITOLI,KEC. GUNUNGSITOLI,JL.PENDIDIKAN NO.7 GUNUNGSITOLI
69894537,SD SWASTA LUIS BETHLEHEM,081262683871,sdluis_bethlehem@yahoo.com,C,76,12,YAYASAN KEMAJUAN BANGSA,KAB. DELI SERDANG,KEC. STM HILIR,JL.TALUN KENAS DESA SUMBUL
10258283,SDS NOBLE,80016272,nobleschool46@gmail.com,A,250,22,YAYASAN NOBLE PLUS,KOTA MEDAN,KEC. MEDAN PERJUANGAN,JL. PELITA II NO. 46
69733941,SD SWASTA PAULY MANDIRI,,sdpaulymandiri@gmail.com,C,16,5,YAYASAN PENDIDIKAN PAULY MANDIRI,KAB. DELI SERDANG,KEC. TANJUNG MORAWA,JL. BATANG KUIS GG. SOPONYONO UJUNG DUSUN II DESA BUNTU BEDIMBAR
70036792,SD SWASTA IT AHLUL IBRAHIM,08116108078,sditahlulibrahim@gmail.com,,63,9,YAYASAN PENDIDIKAN AHLUL IBRAHIM,KAB. SIMALUNGUN,KEC. BANDAR MASILAM,SEI LANGGEI PERDAGANGAN
10205946,SD TANI MAKMUR,082366488650,sdstanimakmur@gmail.com,C,52,3,YAYASAN TANI MAKMUR,KAB. LABUHANBATU,KEC. PANAI HILIR,SEI KRAMAT
10220633,SD S ALWASHLIYAH 45 SIMP.EMPAT,081263538801,sdsalwashliyah45simp4@gmail.com,B,188,11,,KAB. SERDANG BEDAGAI,KEC. SEI RAMPAH,DESA SIMPANG EMPAT
70049155,SDS ISLAM CENDIKIA RUMAH INGGRIS,082369187004,sdicrumahinggris@gmail.com,,74,10,YAYASAN CENDIKIA ALMUNTAZHOR INDONESIA,KAB. LABUHANBATU,KEC. RANTAU SELATAN,JLN.KENARI LINGKUNGAN PURWODADI A
69956515,SD ISLAM TERPADU AL-HAFIDZI,082165365558,sdit.al.hafidzi@gmail.com,B,334,22,YAYASAN PENDIDIKAN AL HAFIDZI,KAB. DELI SERDANG,KEC. PERCUT SEI TUAN,JL. SEDERHANA DUSUN X (RAYA)
69981093,SD SWASTA ISLAM TERPADU NUR ATHIFAH,085262243321,candranurathifah@gmail.com,A,158,17,NUR ATHIFAH,KAB. DELI SERDANG,KEC. PERCUT SEI TUAN,JL. BENTENG HILIR/ JL. GURU SUMAN DUSUN XVI
70044146,SD IT AL HIKMAH SUKA RAYA,,sditalhikmahsukaraya@gmail.com,,106,8,YAYASAN AL-HIKMAH SUKARAYA,KAB. DELI SERDANG,KEC. PANCUR BATU,JL. BAKTI DUSUN IV GG. BERSAMA
70012553,SD SWASTA EDU SMART INDONESIA,,,,15,5,YAYASAN PENDIDIKAN PINTAR INDONESIA,KOTA MEDAN,KEC. MEDAN TEMBUNG,JL PUKAT II/ SEJATI NO. 68-68B
69830208,SDS IT SAINS INSANI,081361581381,sdssainsinsani@gmail.com,B,138,11,SAINS ARTHA INSANI,KAB. DELI SERDANG,KEC. TANJUNG MORAWA,JLN. PENDIDIKAN GG. NENAS
70037290,SD SWASTA IT HAJJAH ROHANA,,sdswastaithjrohana@gmail.com,,183,18,YAYASAN WAKAF HAJJAH ROHANA BERBAGI,KAB. ASAHAN,KEC. KISARAN TIMUR,JL. WILLIAM ISKANDAR LK. 1
10209471,SD SWASTA METHODIST EL-SHADDAY PERBAUNGAN,0617990177,sarimanberiman89@gmail.com,A,265,17,YAYASAN PERGURUAN KRISTEN METHODIST EL-SHADDAY,KAB. SERDANG BEDAGAI,KEC. PERBAUNGAN,JL.MAWAR NO.2 KECAMATAN PERBAUNGAN
10263521,SD IT UMMI AISYAH,081313604542,sdsitummiaisyah@gmail.com,B,230,18,UMMI AISYAH SELAYANG,KAB. LANGKAT,KEC. SELESAI,JL.SAPTA MARGA PSR 3
10220827,SD SWASTA TRI BAKTI 1,0616859927,sdswastatribakti80@gamil.com,A,141,13,YAYASAN TRI BAKTI MARELAN,KOTA MEDAN,KEC. MEDAN MARELAN,JL. MARELAN IX NO 5
10210688,SDS MUHAMMADIYAH 16,081396357215,sdmuhammadiyah16blw@gmail.com,B,348,18,PIMPINAN DAERAH MUHAMMADIYAH (PDM) KOTA MEDAN,KOTA MEDAN,KEC. MEDAN KOTA BELAWAN,JL. BEDUKANG  BELAWAN BAHAGIA
10259394,SD SWASTA BINA SATRIA MULIA,081370419797,yaspenbsm@yahoo.com,A,377,22,YAYASAN PENDIDIKAN  BINA SATRIA MULIA,KOTA MEDAN,KEC. MEDAN DELI,JL. ALUMUNIUM I NO. 10
10261522,SD SWASTA ADVENT SIMODONG,081295050291,perguruanadventsimodong@gmail.com,C,101,9,YAYASAN PENDIDIKAN GEREJA MASEHI ADVENT HARI KETUJUH SUMATERA UTARA,KAB. BATU BARA,KEC. SEI SUKA,SIMODONG
69888487,SD SWASTA AMIR HAMZAH,6282365668662,sdamirhamzah84@yahoo.com,B,242,13,YAYASAN PERGURUAN NASIONAL AMIR HAMZAH,KAB. DELI SERDANG,KEC. PERCUT SEI TUAN,JL. PERTAHANAN UJUNG SIMPANG BEO
10220762,SDS ISLAM TERPADU CENDEKIA,085360461928,perguruanislamcendekia@yahoo.co.id,B,467,26,YAYASAN AMANAF MEDAN,KOTA MEDAN,KEC. MEDAN HELVETIA,"JL. JEND GATOT SUBROTO KM. 6,5 NO. 274 C"
10210605,SDS SANTO PAULUS,085297846747,sdssantopaulus.2000@gmail.com,A,284,13,YAYASAN PERGURUAN SANTO PAULUS MARTUBUNG,KOTA MEDAN,KEC. MEDAN LABUHAN,JL. PANCING I NO 9 MARTUBUNG
10259281,SDS BHARLIND,081396785195,yayasanbharlind@gmail.com,A,437,22,YAYASAN PENDIDIKAN NASIONAL BHARLIND,KOTA MEDAN,KEC. MEDAN TUNTUNGAN,"JL.LETJEN JAMIN GINTING KM 10,5 NO 21 A"
10257557,SDS AL WASHLIYAH,081396127717,sdsalwashliyahkpmslm@gmail.com,B,217,8,PERKUMPULAN AL JAMI'ATUL WASHLIYAH,KOTA MEDAN,KEC. MEDAN HELVETIA,JL. KAPTEN MUSLIM NO 226 A MEDAN
69969537,SD SWASTA WESLEY 2,082362507287,sdswii129@gmail.com,A,101,12,YAYASAN MEMBANGUN INDONESIA,KAB. DELI SERDANG,KEC. TANJUNG MORAWA,JL. SM RAJA KM. 13 GG. RASMI PERUMAHAN BANGUN SARI INDAH BLOK F 22
69883569,SD MUHAMMADIYAH 2 AEK KANOPAN,081397327357,sdmuha2aekkanopan@gmail.com,B,339,24,PIMPINAN DAERAH MUHAMMADIYAH (PDM) KAB. LABUHAN BATU UTARA,KAB. LABUHANBATU UTARA,KEC. KUALUH HULU,JL. KH. AHMAD DAHLAN NO. 16  AEK KANOPAN
10261875,SD SWASTA TELAGA SAID,085297244453,sdswastatelagasaid@gmail.com,B,232,8,YAYASAN PENDIDIKAN TELAGA SAID,KAB. LANGKAT,KEC. SEI LEPAN,JALAN DUSUN II BUKIT BARU
10210649,SD SWASTA PANCA BUDI,08116300044,dapodik_sd@pancabudi.sch.id,A,511,46,PROF.DR.H.KADIRUN YAHYA,KOTA MEDAN,KEC. MEDAN SUNGGAL,JL. GATOT SUBROTO
10205529,SD SWASTA PANGLIMA POLEM RANTAUPRAPAT,,sd_ppr@yahoo.com,A,291,24,PERGURUAN PANGLIMA POLEM RANTAUPRAPAT,KAB. LABUHANBATU,KEC. RANTAU UTARA,JL. KH. A. DAHLAN NO. 48 RANTAUPRAPAT
70042757,SD SWASTA TUNAS PEMENANG,,tunaspemenang02@gmail.com,B,83,8,YAYASAN TUNAS KASIH ANUGERAH PEMENANG,KAB. DELI SERDANG,KEC. PANCUR BATU,JL. JAMIN GINTING NO. 29
10210643,SDS HARVARD,081370557212,sdharvard784@gmail.com,B,272,18,YAYASAN MUHAM ERDILAP LALAP,KOTA MEDAN,KEC. MEDAN LABUHAN,JL. TUAR INDAH BLOK XI NO. 131
10261208,SDS ISLAM AL-ABID,,sdislamalabid2009@gmail.com,B,87,13,MAIYADAH AL-MAGRIBIYAH,KOTA MEDAN,KEC. MEDAN SELAYANG,JL. BUNGA BALDU NO. 19/23
10263513,SD KRISTEN BOC,,sd.kristen.boc@gmail.com,C,149,10,JATI DIRI MULIA,KOTA PEMATANGSIANTAR,KEC. SIANTAR SELATAN,JLN. LINGGA NO. 38
10210627,SD SWASTA FAJAR,,0863fajarsd@gmail.com,B,42,9,AL-ISLAM FAJAR,KOTA MEDAN,KEC. MEDAN AREA,JL. AMALIUN GG. MUJUR NO. 5
10220325,SD SWASTA WIJAYANTA TIGAPANAH,081376292452,tksdwijayanta@yahoo.co.id,B,263,13,YAYASAN PENDIDIKAN WIJAYANTA,KAB. KARO,KEC. TIGAPANAH,JL. SEBERAYA NO. 10 TIGAPANAH
69972729,SD SWASTA CITRA BANGSA MANDIRI,08126521504,sdswastacitrabm@gmail.com,B,47,6,YAYASAN PENDIDIKAN CITRA BANGSA,KAB. DELI SERDANG,KEC. PERCUT SEI TUAN,JALAN RAHAYU DUSUN XI PASAR 12 SEI ROTAN
69973635,SD SWASTA  ISLAM BINTANG,081361694230,yapend.bintang@gmail.com,B,124,9,YAYASAN PENDIDIKAN ISLAM BINTANG,KAB. DELI SERDANG,KEC. BATANG KUIS,JL. BATANG KUIS-LUBUK  PAKAM GG. CEMPAKA NO.03
69830192,SD SWASTA RAUDHATUL HASANAH,082277634578,sdraudhatulhasanah@yahoo.co.id,C,109,12,RAUDHATUL HASANAH,KAB. DELI SERDANG,KEC. SUNGGAL,"JL. PERINTIS KEMERDEKAAN KM. 13,6 PASAR BESAR"
60726064,SD SWASTA BINA DHARMA PANGKATAN,082364306869,sdsbinadharma05@gmail.com,B,262,13,DHARMA BINA WARGA INDOSAWIT ( ASIAN AGRI GROUP),KAB. LABUHANBATU,KEC. PANGKATAN,PT. RSK KEBUN PANGKATAN
70050731,SD SWASTA BRAINFOR ISLAMIC SCHOOL,082213217219,schoolbrsinforislamic@gmail.com,,42,8,YAYASAN WAKTU ASHAR ISLAMIC CENTER,KAB. ASAHAN,KEC. KISARAN TIMUR,JL. MARAH RUSLI KELURAHAN SELAWAN
10210603,SD SWASTA KATOLIK BUDI MURNI 3 MEDAN,0614571107,sdbudimurni3@yahoo.co.id,A,98,12,YAYASAN PERGURUAN KATOLIK DON BOSCO KEUSKUPAN AGUNG MEDAN,KOTA MEDAN,KEC. MEDAN KOTA,JL.MERAPI NO 2
69965206,SDS ISLAM TERPADU DAARUL FADHIL,085275066633,sditdaarulfadhil@gmail.com,A,292,27,YAYASAN DAARUL FADHIL HARAMAIN,KAB. MANDAILING NATAL,KEC. BUKIT MALINTANG,JL. LINTAS SUMATERA DESA BANGE
70047308,SD PLUS AYRA MYSHA,,,,124,7,YAYASAN TAMAN RAUDAH WINDAYANTI,KAB. DELI SERDANG,KEC. HAMPARAN PERAK,DUSUN I
10210261,SDS ALWASHLIYAH 29,081396929510,sds.al.washliyah.29@gmail.com,B,398,19,AL WASHLIYAH MARTUBUNG,KOTA MEDAN,KEC. MEDAN LABUHAN,"JL.K.L. YOSSUDARSO KM 13,8"
10210324,SDS BETANIA,081295929377,sdbetania@yahoo.com,A,165,10,YAYASAN PENDIDIKAN BETANIA,KOTA MEDAN,KEC. MEDAN DENAI,JL. TANGGUK BONGKAR III NO.57 MEDAN
69929196,SD SWASTA ISLAM TERPADU SAKINAH AZ-ZAHRA,082267682624,novitasari415@gmail.com,C,206,15,SAKINAH AZ ZAHRA,KAB. BATU BARA,KEC. DATUK LIMA PULUH,DUSUN I
10211638,SD SWASTA KATOLIK ASSISI,0621327725,sdkatolikassisi@yahoo.co.id,A,189,12,YAYASAN PUTERI HATI KUDUS,KOTA TEBING TINGGI,KEC. TEBING TINGGI KOTA,JLN. PEPAYA NO. 13
70049280,SD SWASTA EBEN HAEZER FANAYAMA,,,,15,6,YAYASAN PENDIDIKAN EBEN HAEZER FANAYAMA,KAB. NIAS SELATAN,KEC. FANAYAMA,DESA BAWOFANAYAMA
69892724,SD SWASTA THOMAS ALVA EDISON,085100277740,taleschool@yahoo.com,A,455,17,YAY KRISTEN BERKAT JAYA MANDIRI ABADI,KOTA MEDAN,KEC. MEDAN DENAI,JALAN POS DAN GIRO/ JALAN DENAI NO. 131
69888512,SD-IT DOD MEDAN,082370551261,dodmedan2013@gmail.com,B,356,30,YAYASAN PENDIDIKAN ISLAM DOD MEDAN,KAB. DELI SERDANG,KEC. SUNGGAL,JL. KLAMBIR LIMA KOMPLEK PERUMAHAN GRAHA INDAH KELAPA GADING
70005427,SD ISLAM TERPADU NABILAH MUFIDATUL HILMI,,,B,117,10,YAYASAN NABILAH MUFIDATUL HILMI,KAB. BATU BARA,KEC. LAUT TADOR,JL. ARJOE OETOMO DUSUN. III JERUK NIPIS
10211437,SD SWASTA METHODIST,0618821418,pkmi_binjai@yahoo.co.id,A,804,46,YAYASAN METHODIST INDONESIA BINJAI,KOTA BINJAI,KEC. BINJAI KOTA,JL. JENDRAL SUDIRMAN NO. 136
70010099,SD SWASTA MEDAN MONTESSORI SCHOOL,06180081617,medan.montessori@gmail.com,A,48,13,MEDAN MONTESSORI SCHOOL,KOTA MEDAN,KEC. MEDAN BARAT,JL. T. AMIR HAMZAH NO. 63
69774719,SDIT SWASTA DAFA,082388491563,sditdafabinjai@gmail.com,B,344,15,LEMBAGA PENDIDIKAN ISLAM DAR FATHIMAH,KOTA BINJAI,KEC. BINJAI UTARA,JL. KL. YOS SUDARSO
10215195,SD SWASTA PAB 29,081376377487,sdswasta.pab29@gmail.com,B,280,17,PERKUMPULAN AMAL BAKTI  SUMATERA UTARA,KAB. DELI SERDANG,KEC. LABUHAN DELI,JALAN VETERAN PASAR X
69880225,SD SWASTA SANG BINTANG,085370422858,magic_kisaran@yahoo.com,A,69,18,YAYASAN PENDIDIKAN SANG BINTANG INDONESIA,KAB. ASAHAN,KEC. KISARAN TIMUR,JALAN BAKTI NO. 19 KISARAN
70041718,SD PLUS ISLAM TERPADU PADANGSIDIMPUAN,082124261854,sdplusislamterpadupasid@gmail.com,,71,11,YAYASAN KELUARGA BESAR H.M SOMAN DAULAY,KOTA PADANG SIDEMPUAN,KEC. BATU NADUA,PUDUN JAE
10211837,SD SWASTA YPHI PEMATANGSIANTAR,0622434856,sdyphisiantar@gmail.com,A,605,37,YAYASAN PERGURUAN HIDAYATUL ISLAMIYAH,KOTA PEMATANGSIANTAR,KEC. SIANTAR BARAT,JL.PADANG SIDEMPUAN NO 44
10210487,SD SWASTA YASPI,0616940964,sdswastayaspilabuhandeli@gmail.com,B,152,9,YAYASAN PERGURUAN ISLAM (YASPI) LABUHAN DELI,KOTA MEDAN,KEC. MEDAN LABUHAN,"JL. K.L. YOS SUDARSO KM. 16,8"
10201481,SD SWASTA MUHAJIRIN,082276909859,sdswastamuhajirin@gmail.com,B,231,18,PONDOK PESANTREN DARUL ULUM AL-MUHAJIRIN,KAB. LANGKAT,KEC. SELESAI,JLN NUSANTARA PASAR 2
10205509,SD S KITA TORGANDA,081361388560,sdkitatorganda45@yahoo.com,C,600,20,YAYASAN ABDI KARYA,KAB. LABUHANBATU SELATAN,KEC. TORGAMBA,TORGAMBA
10215158,SD KATOLIK SUKAMAJU,081397719557,sdkhatoliksukamaju@yahoo.co.id,B,440,23,YAYASAN PERGURUAN KATOLIK DON BOSCO KEUSKUPAN AGUNG MEDAN,KAB. DELI SERDANG,KEC. SUNGGAL,JL. SEI MENCIRIM NO. 41
70001783,SD ISLAM TERPADU AL-MUNAWWAR,081260538833,yayasanhajimunawar02@gmail.com,B,427,40,LEMBAGA PENDIDIKAN TK ISLAM TERPADU AL-MUNAWWAR,KAB. MANDAILING NATAL,KEC. PANYABUNGAN,JL. WILLEM ISKANDAR / DARUSSALAM NO. 9 AEK LAPAN
69979605,SD SWASTA AMALIA PRIMA,081375405259,sdswastaamaliaprima@gmail.com,A,368,21,YAYASAN PENDIDIKAN ISLAM AMALIA PRIMA SUMUT,KOTA MEDAN,KEC. MEDAN LABUHAN,JL. PANCING V LING. II GG. FLAMBOYAN
10210507,SD SWASTA SANTO THOMAS 5,0614525974,sdsantothomas5medan@gmail.com,A,200,18,YAYASAN PERGURUAN KATOLIK DON BOSCO KEUSKUPAN AGUNG MEDAN,KOTA MEDAN,KEC. MEDAN BARU,JL. MATARAM NO. 18
10259115,SDS PELITA MUTIARA,081370329864,sdspelitamutiara@gmail.com,B,65,9,YAYASAN PENDIDIKAN PARULIAN MEDAN,KOTA MEDAN,KEC. MEDAN TUNTUNGAN,JL. GAMBIR RAYA PERUMNAS SIMALINGKAR MEDAN
70015761,SD ISLAM BERSAMA KUMALA,,,,94,6,YAYASAN PENDIDIKAN BERSAMA KUMALA,KAB. LABUHANBATU,KEC. PANAI TENGAH,DUSUN MAYOR
70063241,SD SWASTA MADINA SEJAHTERA,,,,,0,,KAB. MANDAILING NATAL,KEC. MUARA BATANG GADIS,JL. LINTAS PANTAI BARAT DESA SINGKUANG II
10259175,SD SWASTA YASPENHAN 2,,sdsyaspenhan2@gmail.com,B,129,7,YAYASAN PENDIDIKAN MEDAN LABUHAN,KOTA MEDAN,KEC. MEDAN LABUHAN,JL.JERMAL RAYA NO 21 A
10215138,SD GKPS PASAR III DESA NAMORAMBE,,namorambesdgkps@yahoo.com,B,186,15,YAYASAN PENDIDIKAN GKPS,KAB. DELI SERDANG,KEC. NAMO RAMBE,PASAR III NAMORAMBE
70006063,SD SWASTA MUHAMMADIYAH 2,082363141460,sdmuhammadiyahtebingtinggi8@gmail.com,A,53,13,PIMPINAN DAERAH MUHAMMADIYAH (PDM) KOTA TEBING TINGGI,KOTA TEBING TINGGI,KEC. BAJENIS,JL. JEND. AHMAD YANI
10257643,SDS BUDISATRYA,08136110816,sdbudisatrya@gmail.com,A,165,15,,KOTA MEDAN,KEC. MEDAN TEMBUNG,JL LETDA SUJONO NO. 166
10210257,SDS MUHAMMADIYAH 07,081397588477,sdmuhammadiyah07medan@gmail.com,B,311,21,PIMPINAN DAERAH MUHAMMADIYAH (PDM) KOTA MEDAN,KOTA MEDAN,KEC. MEDAN AREA,JL. DENAI GG. II NO. 16 MEDAN
10200721,SD SWASTA PAB 1,085270969534,sdspab1klumpang@gmail.com,B,296,20,PERKUMPULAN AMAL BAKTI  SUMATERA UTARA,KAB. DELI SERDANG,KEC. HAMPARAN PERAK,JL BESAR KLUMPANG NO. 310
69920003,SD SWASTA TEGAL SARI,081260757205,sdtegalsari242@gmail.com,C,103,10,YAYASAN PERGURUAN TEGAL SARI,KAB. DELI SERDANG,KEC. PERCUT SEI TUAN,JL. TEGAL SARI NO. 24 LAUT DENDANG
69984126,SD SWASTA BLESS SCHOOL,081396059491,sdsblessschool@gmail.com,C,90,10,BLESS SCHOOL,KOTA MEDAN,KEC. MEDAN TUNTUNGAN,JL. NILAM 21 NO. 50 P. SIMALINGKAR
10220204,SD SWASTA TUNAS BANGSA,082272995538,sdswastatunasbangsapercut@gmail.com,B,78,6,YAYASAN PERGURUAN TUNAS BANGSA,KAB. DELI SERDANG,KEC. PERCUT SEI TUAN,JL. MAKMUR NO. 70 PASAR VII
10214651,SD PAB 21 KWALA NAMU,,sdpab21kwalanamu@yahoo.co.id,B,47,11,PERKUMPULAN AMAL BAKTI  SUMATERA UTARA,KAB. DELI SERDANG,KEC. LUBUK PAKAM,JALAN PANTAI LABU
10210613,SDS KRISTEN IMMANUEL,0614157100,sdimmanuel5@gmail.com,B,83,11,PERKUMPULAN MEMBANGUN SEKOLAH KRISTEN,KOTA MEDAN,KEC. MEDAN POLONIA,JL. SLAMET RIYADI NO. 1
10259776,SD SWASTA YPI DHARMA BUDI,081370094440,sdsypisidamanikdharmabudi@yahoo.com,B,135,8,YAYASAN PENDIDIKAN ISLAM DHARMA BUDI,KAB. SIMALUNGUN,KEC. SIDAMANIK,SARIMATONDANG
70000170,SD SWASTA PRESTIGE BILINGUAL SCHOOL,06173361339,prestigemedanschool@gmail.com,A,155,22,YAYASAN FATIH INDONESIA,KOTA MEDAN,KEC. MEDAN DENAI,JL BROMO NO 224
69728729,SD SWASTA AL-ASRI,0623533206,sd.alasri@yahoo.com,B,136,10,YAYASAN TUNAS WIDYA BAKTI ASRI ASAHAN,KAB. ASAHAN,KEC. AIR BATU,JLN. PENDIDIKAN DUSUN II DESA HESSA PERLOMPONGAN
10210647,SD SWASTA PARULIAN HARJOSARI MEDAN,08116148015,sdparulianharjosari3@gmail.com,B,146,13,YAYASAN PENDIDIKAN PARULIAN MEDAN,KOTA MEDAN,KEC. MEDAN AMPLAS,"JL. SISINGAMANGARAJA KM 7,5 NO. 44"
10257629,SD.S.MUHAMMADIYAH SAMBIREJO,082167651500,sdsmuhammadiyahsambirejo05@gmail.com,B,93,7,PIMPINAN DAERAH MUHAMMADIYAH (PDM) KAB. LANGKAT,KAB. LANGKAT,KEC. BINJAI,JL. TENGKU AMIR HAMZAH NO. 288
10261329,SD  BANGUN INSAN MANDIRI,0616636702,sekolahbim@yahoo.com,A,791,48,BANGUN INSAN MANDIRI,KOTA MEDAN,KEC. MEDAN TIMUR,JL. BAMBU II NO. 62
10210351,SDS AL-IHSAN,081375453832,sdalihsan1968@gmail.com,C,100,13,YAYASAN AL-IHSAN JEMADI,KOTA MEDAN,KEC. MEDAN TIMUR,JL.JEMADI NO.18-A MEDAN
10257624,SD ESA PRAKARSA,0618829306,sdsesaprakarsanew@gmail.com,B,153,9,YAYASAN PENDIDIKAN ESA PRAKARSA,KAB. LANGKAT,KEC. SELESAI,JL. BINJAI-KUALA KEC. SELESAI
10210687,SD SWASTA MUHAMMADIYAH 13,0616622249,sd_muhammadiyah13@yahoo.co.id,B,186,13,PIMPINAN DAERAH MUHAMMADIYAH (PDM) KOTA MEDAN,KOTA MEDAN,KEC. MEDAN TIMUR,JL. KARANTINA NO. 80
60725059,SDS NO. 100910 ISLAM TERPADU FAZA AZKIA,085261842740,fazaazkia1@gmail.com,A,525,24,YAYASAN FAZA AZKIA,KAB. TAPANULI SELATAN,KEC. MUARA BATANGTORU,JL. NURDIN LBS NO.02 HUTA RAJA
10260957,SD SWASTA KARYA PUTRA,085297346415,karyaputrasds@gmail.com,C,124,7,SD SWASTA KARYA PUTRA,KAB. LABUHANBATU,KEC. PANAI TENGAH,DUSUN SIDINGINAN
10261872,SD SWASTA ISLAM TERPADU BAITUSSALAM,081364737388,sditbaitussalam.spmangga@gmail.com,B,294,18,YAYASAN PONDOK MODERN BAITUSSALAM NAGA JAYA,KAB. SIMALUNGUN,KEC. BANDAR HULUAN,SIMPANG MANGGA
10210320,SDS AL WASHLIYAH 1/33,081370690717,alwashliyah.sd01@yahoo.com,B,148,9,PERKUMPULAN AL JAMI'ATUL WASHLIYAH,KOTA MEDAN,KEC. MEDAN KOTA BELAWAN,JALAN SELEBES PALUH PERTA
10220637,SDMUHAMMADIYAH DESA PON,085766400814,sdmuhammadiyah010@gmail.com,A,345,20,PIMPINAN DAERAH MUHAMMADIYAH (PDM) KAB. SERDANG BEDAGAI,KAB. SERDANG BEDAGAI,KEC. SEI BAMBAN,DUSUN I DESA PON
10205577,SD ALWASHLIYAH 84 TANAH TINGGI,082166602789,alwashliyah84tanahtinggi@gmail.com,B,50,9,AL-JAM'IYATUL WASHLIYAH,KAB. LABUHANBATU UTARA,KEC. KUALUH SELATAN,LINGKUNGAN VIII TANAH TINGGI
10210675,SD SWASTA MUHAMMADIYAH 11,0616635218,sdmhd11@gmail.com,A,355,22,PIMPINAN DAERAH MUHAMMADIYAH (PDM) KOTA MEDAN,KOTA MEDAN,KEC. MEDAN BARAT,JL. SEKATA NO 55 MEDAN
10259813,SD SWASTA DR.CIPTO MANGUN KUSUMO,0622697109,dr.ciptomangunkusumo@yahoo.com,B,109,12,YAYASAN DR. CIPTO MANGUN KUSUMO,KAB. SIMALUNGUN,KEC. BANDAR,JL.KARYA BAKTI
70052272,SD IT HAFIZHAN AL IRSYAD,,,,61,6,YAYASAN PENDIDIKAN HAFIZHAN AL IRSYAD,KAB. DELI SERDANG,KEC. TANJUNG MORAWA,DUSUN V
10260486,SD CISADANE,,ardi.guantoro@yahoo.com,B,270,15,PENDIDIKAN CISADANE MANDIRI,KAB. LABUHANBATU,KEC. PANAI TENGAH,DESA SEI SIARTI
10220738,SDS IKAL,0618459335,sds_ikal@yahoo.co.id,A,615,42,YAYASAN PENDIDIKAN IKAL BULOG SUMUT,KOTA MEDAN,KEC. MEDAN HELVETIA,JL. JONGKONG  NO. 23 B MEDAN
10213685,SD SUBSIDI BUDI RAHAYU,,budirahayu@yahoo.co.id,B,275,12,YAYASAN BUDI RAHAYU,KAB. DELI SERDANG,KEC. PERCUT SEI TUAN,JL SEMPURNA NO 1 DUSUN III
70040097,SD SWASTA IT SYURAHABIL BIN HASANAH,,,,43,8,YAYASAN SYURAHABIL BIN HASANAH,KAB. SIMALUNGUN,KEC. PEMATANG BANDAR,HUTA I PURWODADI
10260767,SD SWASTA MUHAMMADIYAH DANAU SIJABUT,,s.muhammadiyah@yahoo.co.id,B,126,7,PIMPINAN DAERAH MUHAMMADIYAH (PDM) KAB. ASAHAN,KAB. ASAHAN,KEC. AIR BATU,JLN DANAU SIJABUT DUSUN VII
10258439,SD SWASTA SURYA BAKTI,06180027711,sdssuryabakti@gmail.com,B,292,17,YAYASAN PERGURUAN SURYA BAKTI,KOTA MEDAN,KEC. MEDAN DELI,JL. PERUNGGU LINK V KEL KOTA BANGUN MEDAN
10258531,SD ISLAM TERPADU NU,,sdislamterpadunu@gmail.com,A,427,30,YAYASAN PERGURUAN ISLAMIYAH TANJUNG MORAWA,KAB. DELI SERDANG,KEC. TANJUNG MORAWA,JL. BAKARAN BATU DUSUN III
10257437,SD SWASTA 101820 BINA KARYA,,sdswasta.binakarya@gmail.com,B,274,10,YAYASAN BINA KARYA,KAB. PADANG LAWAS UTARA,KEC. SIMANGAMBAT,DESA UJUNG GADING JULU
10210354,SDS AL WASHLIYAH 12,,sd_alwashliyah12@yahoo.com,B,123,15,PERKUMPULAN AL JAMI'ATUL WASHLIYAH,KOTA MEDAN,KEC. MEDAN DENAI,JL. BROMO GG. AMAN
69918504,SD SWASTA KENCANA SASTRA,081375698228,sdkencanasastra@gmail.com,B,105,9,YAYASAN PENDIDIKAN SARI KENCANA,KAB. DELI SERDANG,KEC. PERCUT SEI TUAN,JL. SEDERHANA DUSUN IX SAMBIREJO TIMUR
70004195,SD SWASTA SANTA THERESIA,081265349001,stheresia33@gmail.com,A,243,11,YAYASAN KARYA DARMA BAKTI SIBOLGA,KAB. TAPANULI TENGAH,KEC. ANDAM DEWI,JL. BARUS - MANDUAMAS
10259118,SDS UMMI FATIMAH,0616621641,sdsummifatimah@gmail.com,A,91,10,YP. UMMI FATIMAH,KOTA MEDAN,KEC. MEDAN TEMBUNG,JL.TUASAN NO 87 MEDAN
69952221,SD ISLAM TERPADU HARAPAN ISLAMI,,sditharapanislami12@gmail.com,B,149,11,IKHWANUTS TSALITS,KAB. DELI SERDANG,KEC. STM HILIR,DUSUN I
70053185,SD ISLAM TERPADU AL MUZZAMMIL,081362197323,,,41,7,YAYASAN AL-MUZZAMMIL KHULUQIYYAH,KAB. LABUHANBATU UTARA,KEC. KUALUH HULU,"JALAN SUKARAME, LINGKUNGAN V"
70027208,SD ISLAM ULUWWUL HIMMAH,,uluwwulhimmahbersama@gmail.com,B,283,14,YAYASAN ULUWWUL HIMMAH MEDAN,KAB. DELI SERDANG,KEC. PATUMBAK,JL. STASIUN GG. CEMARA DSN IV
70013252,SD IT HIDAYATUL JANNAH,085246210260,sdhidayatuljanah@gmail.com,C,118,11,YAYASAN PENDIDIKAN HIDAYATUL JANNAH NURUL KHOIRIA PERCUT,KAB. DELI SERDANG,KEC. PERCUT SEI TUAN,JL. PERSATUAN DUSUN 2 KEL. KOLAM
70008420,SD IT AR-RAHIM,081376036033,sditarrahim19@gmail.com,B,54,8,YAYASAN PENDIDIKAN AR - RAHIM SILOU KAHEAN,KAB. SIMALUNGUN,KEC. SILAU KAHEAN,JL. NEGERI DOLOK BAH SARIAH
69985503,SD SWASTA EDU PRIME SCHOOL,0618444225,sdeduprimeschool@gmail.com,A,81,7,,KOTA MEDAN,KEC. MEDAN SUNGGAL,JL. GAGAK HITAM KOMP. PERUMAHAN BUMI SEROJA PERMAI BLOK. B NO. 2
70055719,SD SWASTA PEMBINA SINAR FANAYAMA,085361596555,mardalena.maduwu40@guru.paud.belajar.id,,31,6,YAYASAN PEMBINA SINAR FANAYAMA,KAB. NIAS SELATAN,KEC. FANAYAMA,BAWOFANAYAMA
70006766,SD IT AMANAH,082164949704,,B,139,12,AMANAH,KAB. LANGKAT,KEC. BINJAI,JL.TENGKU AMIR HAMZAH NO.9
70037272,SD AL QURAN SABILUL ILMI,,sdalquransabilulilmi@gmail.com,,69,9,YAYASAN PENDIDIKAN SABILUL ILMI,KAB. ASAHAN,KEC. MERANTI,JALAN RUKUN DUSUN IV
70049307,SD SWASTA IT AZ-ZAHRA ISLAMIC SCHOOL,,,B,26,18,YAYASAN PENDIDIKAN AL RAHMAT,KOTA MEDAN,KEC. MEDAN TIMUR,JL. SETIA JADI NO. 50-B
69946752,SD SWASTA SANTA LUSIA PINANGSORI,081349389037,falensialidwina7@gmail.com,A,196,9,SANTA LUSIA VIRGINI,KAB. TAPANULI TENGAH,KEC. PINANG SORI,KEL. ALBION PRANCIS PINANGSORI
70005467,SD SWASTA ISLAM TERPADU CENDIKIA INSANI,,sditcendikiainsani2020@gmail.com,A,291,24,YAYASAN PENDIDIKAN CENDIKIA INSANI,KOTA TEBING TINGGI,KEC. RAMBUTAN,JL. IKHLAS LK. I
10204386,SD SWASTA  AL WASHLIYAH 80 KISARAN,081370353379,sdalwashliyah80kisaran@gmail.com,B,588,37,ALWASHLIYAH,KAB. ASAHAN,KEC. KISARAN BARAT,JL. MAS MANSYUR KISARAN
69913262,SD SWASTA ISLAM TERPADU IQRA`,,sditiqramedan@gmail.com,B,244,19,YAYASAN AL-MUJAHIDAH SUMATERA UTARA,KOTA MEDAN,KEC. MEDAN POLONIA,JL. BILAL GG MAKMUR LINK. I
69754022,SDIT SWASTA AL-IKHLAS,081264038176,indrawantoiwan1975@gmail.com,B,143,12,YAYASAN AL-IKHLAS,KOTA BINJAI,KEC. BINJAI SELATAN,JL. SEI WAMPU NO. 72
69962970,SD SWASTA ADAM SCHOOL,082362879095,adamschool61@gmai.com,B,90,11,YAYASAN BERKAT PANCARAN KASIH,KAB. DELI SERDANG,KEC. SUNGGAL,JL. SEKOLAH GG. KAMBOJA NO.01-I
10212150,SD. RK. NO. 3,085270047444,sdrkno_tiga.sibolga@yahoo.co.id,A,348,20,YAYASAN SANTA MARIA BERBELASKASIH,KOTA SIBOLGA,KEC. SIBOLGA KOTA,JL. MGR ALBERTUS SUGYOPRANOTO SJ. NO. 6
10220796,SDS ROLINA,,yaspennasrolina@gmail.com,B,30,10,YAYASAN ROLINA,KOTA MEDAN,KEC. MEDAN PERJUANGAN,JLN PELITA 4 NO.79 MEDAN
10205564,SD SWASTA ADVENT TELUK PULAI DALAM,082122879375,sdsadvent@gmail.com,C,114,8,ADVENT,KAB. LABUHANBATU UTARA,KEC. KUALUH LEIDONG,JL. PROTOKOL DESA TELUK PULAI DALAM
10259479,SDTAMAN KASIH KARUNIA,3442765,sdgracegardenschoo@gmail.com,B,158,13,"CHINDRA IOE, B. APP. SC",KAB. ASAHAN,KEC. KISARAN TIMUR,JLN. IMAM BONJOL NO. 307
10261816,SD SWASTA YAPARI,081397345853,sd.yapari@yahoo.com,B,204,11,YAYASAN RAUDHATUL ISTIQOMAH,KAB. DELI SERDANG,KEC. HAMPARAN PERAK,JLN. PERINTIS KEMERDEKAAN DUSUN I
10257715,SD MUHAMMADIYAH BARUS MUDIK,081361128231,sdm.barusmudik@yahoo.com,B,130,11,PIMPINAN DAERAH MUHAMMADIYAH (PDM) KAB. TAPANULI TENGAH,KAB. TAPANULI TENGAH,KEC. BARUS,JL.SUTOMO NO. 40
10205537,SD D.I PANJAITAN,085314047880,panjaitanswasta@yahoo.co.id,B,169,11,YAYASAN PENDIDIKAN DONALD ISAAC PANJAITAN,KAB. LABUHANBATU UTARA,KEC. KUALUH LEIDONG,JL. MESJID NO. 22
10206612,SD MUHAMMADIYAH SITIRIS TIRIS,082274772027,sdmandamdewi@teachers.org,B,103,8,PIMPINAN DAERAH MUHAMMADIYAH (PDM) KAB. TAPANULI TENGAH,KAB. TAPANULI TENGAH,KEC. ANDAM DEWI,DUSUN I
10215101,SD SWASTA ISLAM TERPADU AL HIJRAH 2,082276566756,sdit.alhijrah@yahoo.com,A,575,46,YAYASAN AL HIJRAH DELI SERDANG,KAB. DELI SERDANG,KEC. PERCUT SEI TUAN,JL. PERHUBUNGAN LAU DENDANG
10203031,SD SWASTA GKPS SIBAROU,082275270405,sibarousdgkps@gmail.com,C,77,8,YAYASAN PENDIDIKAN GKPS,KAB. SIMALUNGUN,KEC. PANEI,JALAN BESAR SIDAMANIK
10263515,SD SWASTA NURUL NUGRAHA AULIA,081377408980,nna.sekolah@gmail.com,B,262,18,YAYASAN NURUL NUGRAHA AULIA,KOTA PEMATANGSIANTAR,KEC. SIANTAR TIMUR,JL. PATIMURA NO 265
10211419,SD SWASTA MUHAMMADIYAH 02,0618827826,sd.muhammadiyah.2.binjai@gmail.com,A,382,32,PIMPINAN DAERAH MUHAMMADIYAH (PDM) KOTA BINJAI,KOTA BINJAI,KEC. BINJAI TIMUR,JALAN DANAU TEMPE NOMOR  40
10210484,SD SWASTA ST. ANTONIUS BANGUN MULIA MEDAN,0617860832,antoniusbm877@gmail.com,A,407,22,YAYASAN PERGURUAN KATOLIK DON BOSCO KEUSKUPAN AGUNG MEDAN,KOTA MEDAN,KEC. MEDAN AMPLAS,JL SM RAJA KM 11 NO 68 MEDAN
10205570,SD SWASTA RK BINTANG TIMUR,06242602068,sdrk_bintangtimur@yahoo.com,B,288,15,YAYASAN PERGURUAN KATOLIK SANTO LAURENSIUS,KAB. LABUHANBATU,KEC. RANTAU UTARA,JLN. CUT MEUTIA UJUNG RANTAUPRAPAT
10210697,SDS MUHAMMADIYAH-30,,sdmuhammadiyah30@gmail.com,B,144,11,PIMPINAN DAERAH MUHAMMADIYAH (PDM) KOTA MEDAN,KOTA MEDAN,KEC. MEDAN DENAI,JL. NURI XIII NO. 500 A
10210606,SD SWASTA MAYJEND SUTOYO SM,0618473611,sd_sutoyo@yahoo.com,B,93,17,YAYASAN PERGURUAN MAYJEND SUTOYO SM MEDAN,KOTA MEDAN,KEC. MEDAN SUNGGAL,JL. BANGAU NO. 2 MEDAN
10220712,SDS MUHAMMADIYAH 12,085762761488,sdmuhammadiyah12.medan@gmail.com,B,190,20,PIMPINAN DAERAH MUHAMMADIYAH (PDM) KOTA MEDAN,KOTA MEDAN,KEC. MEDAN HELVETIA,JL. KAPTEN MUSLIM GG. JAWA KOMP. MUHAMMADIYAH
70052965,SD SWASTA ISLAM TERPADU INSAN MULIA,,sditinsanmulia232@gmail.com,,38,3,YAYASAN INSAN SYAMIL MULIA,KOTA TEBING TINGGI,KEC. RAMBUTAN,JL. BUKIT CERMIN LK I
10261492,SDIT RAHMAT,082274584572,rahmatsdku@gmail.com,B,273,8,YAYASAN RAHMAT MARENDAL,KAB. DELI SERDANG,KEC. PATUMBAK,PATUMBAK
10259681,SD SWASTA MIP MARELAN,6856801,mipmarelan@yahoo.com,A,20,4,YAYASAN PENDIDIKAN & PELATIHAN HERMAN,KOTA MEDAN,KEC. MEDAN MARELAN,JL. RAYA MARELAN NO.11
10209897,SDS RIAMA,0617862286,sdswastariamamedan@yahoo.com,C,,0,,KOTA MEDAN,KEC. MEDAN AMPLAS,JL. TRI TURA NO.6 MARINDAL
10261199,SDS BIMA KARYA,082163934868,sdsbimakarya@yahoo.co.id,B,34,3,SDS SWASTA BIMA KARYA,KAB. LABUHANBATU,KEC. PANAI TENGAH,DUSUN VIII
10210348,SDS AL HIDAYAH,082267494405,sdalhidayah83@gmail.com,B,272,13,YAYASAN PERGURUAN AL - HIDAYAH,KOTA MEDAN,KEC. MEDAN POLONIA,JL. STARBAN GG SAHABAT NO 139 MEDAN
10220760,SDS AR-RAHMAN,08126415881,sdarrahmanifsdmedan@gmail.com,A,59,10,YAYASAN PENDIDIKAN ARRAHMAN MEDAN,KOTA MEDAN,KEC. MEDAN HELVETIA,JL BRIGJEN H.A. MANAF LUBIS/GAPERTA UJUNG NO. 58
10213692,SDTAMAN SISWA BANGUNSARI,085296341374,sdtamansiswabangunsari@gmail.com,B,71,13,PERSATUAN PERGURUAN TAMANSISWA CABANG BANGUN SARI,KAB. DELI SERDANG,KEC. TANJUNG MORAWA,JL. MEDAN-TANJUNG MORAWA KM. 12 GG BENTENG
10209457,SD AL WASHLIYAH NO 44 SENAYAN,,sdalwashliyah44senayan@yahoo.com,B,261,13,AL JAM'IYATUL WASHLIYAH,KAB. SERDANG BEDAGAI,KEC. SEI RAMPAH,KAMPUNG SENAYAN
10213635,SD SWASTA NASIONAL,085275018966,yp_sd.nasional@yahoo.com,A,381,23,YAYASAN PENDIDIKAN PERGURUAN NASIONAL SIDODADI RAMUNIA,KAB. DELI SERDANG,KEC. BERINGIN,DUSUN BANJAR NEGORO A
10201482,SD SWASTA DHARMA PATRA PKL. SUSU,,dharmapatrasdswasta@gmail.com,B,42,11,YAYASAN PENDIDIKAN DHARMA PATRA PANGKALAN SUSU,KAB. LANGKAT,KEC. PANGKALAN SUSU,JL. BARUNA BUKIT KUNCI
10210517,SD SWASTA RK MAKMUR / BUDI MURNI 7,0616617983,sdbudimurni_tujuh@yahoo.co.id,A,331,26,YAYASAN PERGURUAN KATOLIK DON BOSCO KEUSKUPAN AGUNG MEDAN,KOTA MEDAN,KEC. MEDAN TEMBUNG,JL. DURUNG NO 178 MEDAN
10210352,SDS AL IKHLASH TAQWA,0617365605,sdalikhlashtaqwa.id@gmail.com,A,404,25,YAYASAN AL IKHLAS TAQWA,KOTA MEDAN,KEC. MEDAN AREA,JLN MEDAN AREA SELATAN NO 129
69816257,SDS ULUL ILMI,0617333499,sditululilmi@gmail.com,A,347,44,YAYASAN RAPY RAY PUTRATAMA,KOTA MEDAN,KEC. MEDAN DENAI,JL DENAI RAWA I NO 241
69952695,SD ISLAM TERPADU UMMUL QURAA,082364833275,sdituq1@gmail.com,A,60,10,YAYASAN PENDIDIKAN UMMUL QURAA,KAB. DELI SERDANG,KEC. PERCUT SEI TUAN,JL. PASAR VII TENGAH NO. 126 DUSUN XI
70005177,SD SWASTA IT DARUL AZHARIYUN,,baitulmustaghfirinalamir2020@gmail.com,,39,4,YAYASAN BAITUL MUSTAGHFIRIN AL AMIR SUMATERA UTARA,KAB. DELI SERDANG,KEC. PERCUT SEI TUAN,JL. MAHONI PASAR DUA TIMUR
69790730,SD SWASTA UMBUL MAS WISESA,,sds_umbulmaswisesa@yahoo.co.id,B,684,28,UMBUL MAS WISESA,KAB. LABUHANBATU SELATAN,KEC. KAMPUNG RAKYAT,DESA TANJUNG MULIA
69986393,SD SWASTA ISLAM TERPADU RAHMAD,,sdsitrahmad1@gmail.com,B,107,11,YAYASAN RAHMAD HABIBI,KAB. SERDANG BEDAGAI,KEC. PERBAUNGAN,JLN. GELATIK DUSUN I
70004748,SD PLUS ARK,06272520813,sdplusark@gmail.com,A,442,31,YAYASAN ARMADA REFLEKSI KASIH,KAB. DAIRI,KEC. SIDIKALANG,JL.AHMAD YANI
69903411,SD SWASTA SUMBER TUNAS ABADI 2,081370042077,sdsta2gt@yahoo.co.id,B,139,9,YAYASAN SUITO WIDJAJA PEDULI,KAB. PADANG LAWAS UTARA,KEC. HALONGONAN TIMUR,DESA BATANG PANE III
69888502,SD-IT AL BAYAN,081361596975,sditalbayan756@gmail.com,B,230,20,YAYASAN PENDIDIKAN SUPARDI MANDIRI,KAB. DELI SERDANG,KEC. PERCUT SEI TUAN,DUSUN XVII TAMBAK BAYAN
10220255,SMP S SANTA MARIA PARMONANGAN,085360998561,smpsmar@yahoo.com,B,193,11,YAYASAN PENDIDIKAN KATOLIK SANTO YOSEPH MEDAN,KAB. TAPANULI UTARA,KEC. PARMONANGAN,AEKRAJA
69829546,SMP SWASTA GEMA BUWANA,085261602900,smpgemabuwana@gmail.com,B,76,9,YAYASAN PENDIDIKAN GEMA BUWANA,KAB. DELI SERDANG,KEC. PERCUT SEI TUAN,JL. GAMBIR PSR. VIII GG. ADIL
10257316,SMP HKBP SEI MATI,082165841624,smphkbps1976@gmail.com,B,63,5,YAYASAN PENDIDIKAN HKBP SEI MATI,KOTA MEDAN,KEC. MEDAN LABUHAN,JL. GEREJA NO.02
10205177,SMP SWASTA KI HAJAR DEWANTARA KOTAPINANG,0624495816,perguruankhd85@gmail.com,B,142,10,YAYASAN PERGURUAN KI HAJAR DEWANTARA,KAB. LABUHANBATU SELATAN,KEC. KOTA PINANG,KOTAPINANG
10212117,SMP SWASTA HKBP SIBOLGA,081260642369,smphkbpsibolga@gmail.com,C,24,8,YAYASAN PENDIDIKAN HKBP SIBOLGA,KOTA SIBOLGA,KEC. SIBOLGA KOTA,JL. SUTOYO SISWOMIHARJO NO. 06 SIBOLGA
69940252,SMP ISLAM TERPADU DARUL HASAN,082363585398,smpitdarulhasanpsp@gmail.com,B,415,45,DARUL HASAN KOTA PADANGSIDIMPUAN,KOTA PADANG SIDEMPUAN,KEC. HUTAIMBARU,JALAN OMPU HUTA TUNJUL
69965309,SMP SWASTA INSAN TEKNOKRAT MANDUAMAS,082124496428,smpsitmanduamas@gmail.com,C,77,5,YAYASAN INSAN TEKNOKRAT MANDUAMAS,KAB. TAPANULI TENGAH,KEC. MANDUAMAS,JL. AMD DESA LAE MONONG
69911233,SMP TERPADU AL-FARABI,081362232237,smpterpadualfarabi@gmail.com,B,432,25,YAYASAN PENDIDIKAN MUTTAQIN AL-FARABI,KAB. DELI SERDANG,KEC. SUNGGAL,JL. PERJUANGAN NO. 177
10257517,SMP HARAPAN BANDAR MANIS,,azraazyura@gmail.com,C,89,11,YAYASAN SWASTA PERGURUAN DORA,KAB. LABUHANBATU UTARA,KEC. KUALUH HULU,JL PROTOKOL BANDAR MANIS
10202529,SMP SWASTA PTPN IV KEBUN MAYANG,082365951778,smpptpn4perkebunanmayang@yahoo.com,B,257,16,YAYASAN PENDIDIKAN PERKEBUNAN NUSANTARA IV,KAB. SIMALUNGUN,KEC. BOSAR MALIGAS,EMPLASMEN KEBUN MAYANG
10205154,SMPS. BUDAYA,081375117915,smpbudaya8@gmail.com,B,215,11,YAYASAN PENDIDIKAN BUDAYA,KAB. LABUHANBATU SELATAN,KEC. TORGAMBA,TORGAMBA
10257339,SMP SWASTA TRI BHAKTI,085374820375,smpstribhakti93@gmaik.com,C,42,12,YAYASAN PENDIDIKAN TRI BHAKTI,KAB. PADANG LAWAS,KEC. HUTA RAJA TINGGI,PIR TRANS SOSA IV
10205169,SMP S MUHAMMADIYAH-53 SUKARAME,,ahmad.simanjuntak@yahoo.co.id,B,97,12,PIMPINAN DAERAH MUHAMMADIYAH (PDM) KAB. LABUHAN BATU UTARA,KAB. LABUHANBATU UTARA,KEC. KUALUH HULU,JL. PASAR-III SUKARAME
10210032,SMP SWASTA HARAPAN 1 MEDAN,0614554242,smpharsa1medan@gmail.com,A,293,23,YAYASAN PENDIDIKAN HARAPAN,KOTA MEDAN,KEC. MEDAN MAIMUN,MEDAN
70036806,SMP SWASTA YABES SCHOOL,,,B,81,10,YAYASAN PENDIDIKAN YABES MEDAN DELI,KOTA MEDAN,KEC. MEDAN DELI,JL KRAKATAU UJUNG GANG TURI TANJUNG MULIA
10260522,SMP SWASTA BUDI DHARMA,062124989,smps_budidharma@yahoo.com,A,237,16,YAYASAN SOSIAL SUMBER BINA KASIH,KOTA TEBING TINGGI,KEC. TEBING TINGGI KOTA,JL. VETERAN NO.02 TEBING TINGGI
70053117,SMP IT NUR AL MUBAROK,085159295233,smpitnuralmubarok1@gmail.com,C,84,13,YAYASAN PENDIDIKAN ISLAM TERPADU NUR-AL MUBAROK,KAB. LABUHANBATU UTARA,KEC. NA. IX-X,JLN. KOBUL RIDA DSN. ID KAMPUNG PAJAK
70054188,SMP IT TAHFIZH AL-QURAN ZAMZAMI,,,,5,5,YAYASAN HAJI MUHAMMAD NASIR KARIM,KOTA MEDAN,KEC. MEDAN AMPLAS,JL.LUKAH /KOMPLEK PT.ARUN LINGKUNGAN IV
10214004,SMP SWASTA TRI KARYA SUNGGAL,0618468569,smp_swasta_tri_karya@yahoo.co.id,B,196,18,YAYASAN PERGURUAN TRI KARYA,KAB. DELI SERDANG,KEC. SUNGGAL,JL. PERTANIAN NO.1
10213948,SMP SWASTA SANTA LUSIA,081288700534,smpstlusia@gmail.com,A,254,14,SANTA LUSIA VIRGINI,KAB. DELI SERDANG,KEC. PERCUT SEI TUAN,JL. MEDAN BATANG KUIS KM 14 NO.123
10210202,SMPS AL ITTIHADIYAH,0617363699,alittihadiyahgedungarca@gmail.com,C,91,12,YAYASAN PERGURUAN AL-ITTIHADIYAH TELADAN,KOTA MEDAN,KEC. MEDAN KOTA,JL. GEDUNG ARCA NO. 55 MEDAN
70037660,SMP SWASTA IT QURRATA A YUN,,smpswastaqurrataayun22@gmail.com,C,48,11,LAPI NAIM,KOTA TEBING TINGGI,KEC. RAMBUTAN,JL. GUNUNG MARTIMBANG I LK. II
10208527,SMP SWASTA KARTINI PARSOBURAN,081210906947,smpswastakartinipsb@yahoo.co.id,A,204,15,YAYASAN SERI AMAL MEDAN,KAB. TOBA,KEC. HABINSARAN,JL. LUMBAN RAU
70052711,SMP SWASTA ISLAM TERPADU AISYAH MAKSUM,085358036992,smpitaisyahmaksum@gmail.com,B,42,8,YAYASAN PENDIDIKAN ISLAM TERPADU AISYAH MAKSUM,KOTA MEDAN,KEC. MEDAN MARELAN,JL. KAPT. RAHMAD BUDDIN LINGK. 13
70051683,SMP SWASTA OPTIMUS  PRIMEA SCHOOL,,,,1,1,YAYASAN PENDIDIKAN OPTIMUS PRIMA,KOTA MEDAN,KEC. MEDAN SUNGGAL,JL. T.B SIMATUPANG NO.78 ABCD
69980267,SMP SWASTA ISLAM TERPADU INDAH MEDAN,,smp_it@indahschool.sch.id,B,122,11,YAYASAN PENDIDIKAN SWASTA INDAH MEDAN,KOTA MEDAN,KEC. MEDAN KOTA,JL. SAUDARA UJUNG NO. 110
10211059,SMP SWASTA TRI MURNI,0616617530,trimurni@trimurnischool.org,B,4,3,YAYASAN PERGURUAN TRI MURNI,KOTA MEDAN,KEC. MEDAN DELI,"JL. YOS SUDARSO KM. 6,5 GG.FAMILI"
10203543,SMP SW. ABDI RAKYAT DAIRI,085372731561,smpabdirakyatdairi@gmail.com,C,24,2,YAYASAN PERGURUAN ABDI RAKYAT DAIRI,KAB. DAIRI,KEC. SUMBUL,BATUGANDA
69968382,SMP ISLAM AL-FADHLI,06142070716,smpislam.alfadhli@gmail.com,A,135,16,YAYASAN PERGURUAN ISLAM AL-FADHLI,KOTA MEDAN,KEC. MEDAN JOHOR,JL. EKA BAKTI NO. 86 LK. IV
10206503,SMP SW. OIKUMENE,085296851413,smpswastaoikumene01@gmail.com,C,35,6,,KAB. TAPANULI TENGAH,KEC. SARUDIK,JL. A.KS. TUBUN SARUDIK SIBOLGA
70055089,SMP PLUS ISLAM ISHLAHUL FIKRI,,,,38,8,YAYASAN MUTIARA RAHMAT PANDAN,KAB. TAPANULI TENGAH,KEC. PANDAN,JL. DANGOL L. TOBING GG. TERATAI
70055844,SMP SWASTA KARYA BAKTI AIR HITAM,,,B,38,5,KARYA BAKTI AIR HITAM,KAB. LABUHANBATU UTARA,KEC. KUALUH LEIDONG,JL. PROTOKOL PASAR VI
10220899,SMPS BUDDHIS BODHICITTA,0617365972,smp@bodhicitta.sch.id,B,445,25,YAYASAN PENDIDIKAN BUDDHIS BODHICITTA,KOTA MEDAN,KEC. MEDAN DENAI,JLN. SELAM NO. 39 - 41
10204129,SMP SWASTA SWADAYA P.RAKYAT,0623355504,smpsswadayapulaurakyat@gmail.com,A,224,14,YAYASAN PENDIDIKAN SWADAYA,KAB. ASAHAN,KEC. PULAU RAKYAT,JL.YASPENDA NO.37 P.RAKYAT PEKAN
10204033,SMP DAERAH SIMPANG EMPAT,085359317767,smpdaerah@ymail.com,B,105,15,YAYASAN PERGURUAN DAERAH SIMPANG EMPAT,KAB. ASAHAN,KEC. SIMPANG EMPAT,JL. PENDIDIKAN NO.18 SIMPANG EMPAT
10202011,SMP SWASTA ASISI TIGABINANGA,,smpasisitbkaro@gmail.com,A,305,16,YAYASAN SETIA MEDAN,KAB. KARO,KEC. TIGABINANGA,JL.KOTA CANE KM 02 TIGABINANGA
10201951,SMP SWASTA SANTO XAVERIUS 1 KABANJAHE,062820870,smpsantoxaverius1@gmail.com,A,315,23,YAYASAN PERGURUAN KATOLIK DON BOSCO KEUSKUPAN AGUNG MEDAN,KAB. KARO,KEC. KABANJAHE,JL KATEPUL NO. 2 KABANJAHE
10257926,SMP SWASTA FREE METHODIST-2,082162782785,smp.free.methodist.2@gmail.com,A,366,18,YAYASAN PENDIDIKAN  FREE METHODIST INDONESIA,KOTA MEDAN,KEC. MEDAN HELVETIA,"JL. GATOT SUBROTO KM 7,8 PASAR III"
10260237,SMP SWASTA PALAPA TELAGAH,085275494743,smpspalapatelagah@gmail.com,C,101,14,YAYASAN PERGURUAN PALAPA,KAB. LANGKAT,KEC. SEI BINGAI,JLN PEKAN TELAGAH
69900184,SMP SWASTA ISLAM YAPI SIPARE-PARE,,smpiyapi@yahoo.co.id,A,61,11,YAYASAN PENDIDIKAN ISLAM,KAB. BATU BARA,KEC. AIR PUTIH,JLN. MEDAN - KISARAN KM. 101
10213866,SMP MUHAMMADIYAH 16 LUBUK PAKAM,0617956258,smpmuhammadiyah16pakam@gmail.com,B,138,14,PIMPINAN DAERAH MUHAMMADIYAH (PDM) KAB. DELI SERDANG,KAB. DELI SERDANG,KEC. LUBUK PAKAM,JALAN RA KARTINI
10210226,SMP SWASTA AL IHSAN,0616639156,smpalihsan200@yahoo.com,B,53,10,YAYASAN AL-IHSAN JEMADI,KOTA MEDAN,KEC. MEDAN TIMUR,JALAN JEMADI NO.18 A
10213830,SMP SWASTA BINA AGUNG,081260992771,bina_agung@yahoo.com,B,149,12,BINA AGUNG,KAB. DELI SERDANG,KEC. SUNGGAL,JL. LEMBAGA PEMASYARAKATAN NO. 370
10202556,SMP SWASTA SANTO AGUSTINUS H.HORISON,082311601105,smp.st.agustinus@gmail.com,B,134,12,YAYASAN PERGURUAN KATOLIK DON BOSCO KEUSKUPAN AGUNG MEDAN,KAB. SIMALUNGUN,KEC. HARANGGAOL HORISON,HARANGGAOL
10257601,SMPS MUHAMMADYAH SUKARAMAI,085262041706,smpmsukaramai58@gmail.com,B,152,9,PIMPINAN DAERAH MUHAMMADIYAH (PDM) KOTA MEDAN,KOTA MEDAN,KEC. MEDAN AREA,JL.DENAI GG DUA NO 16
70005059,SMP SWASTA IT DHINUKUM ZHOLTAN,085297555105,smpdhinukumdzholtan@gmail.com,C,4,2,YAYASAN DHINUKUM ZHOLTAN,KAB. DELI SERDANG,KEC. PERCUT SEI TUAN,JL. PENDIDIKAN PASAR 12 GG. SEDULUR
70041993,SMP SWASTA QUR AN FATHAR,085835527845,smpquranfathar@gmail.com,B,14,15,YAYASAN BAITAL MAKMUR PAKPAK BHARAT,KAB. PAKPAK BHARAT,KEC. SALAK,"DESA BOANGMANALU, KEC. SALAK KAB. PAKPAK BHARAT"
70064475,SMP IT ALLAMAHUL BAYAN,,,,,0,,KAB. BATU BARA,KEC. LIMA PULUH,"DUSUN XII KAMPUNG TEMPEL, DESA SIMPANG GAMBUS KEC. LIMA PULUH"
69944516,SMP SWASTA ANUGERAH FULOLO SALOO,085372126876,fulolosaloosmpswastaanugerah@gmail.com,B,43,12,YAYASAN PERGURUAN SWASTA ANUGERAH,KAB. NIAS UTARA,KEC. SITOLU ORI,DESA FULOLO SALOO
10209271,SMP SETIA BUDI ABADI,0617990279,setiabudiabadi@yahoo.com,B,178,16,YAYASAN PERGURUAN SETIA BUDI ABADI PERBAUNGAN,KAB. SERDANG BEDAGAI,KEC. PERBAUNGAN,JL. SERDANG NO. 157 PERBAUNGAN
10208729,SMP SWASTA SANTO YOSEPH,06332345585,smpstyosephlintongnihuta@gmail.com,A,213,11,YAYASAN PENDIDIKAN KATOLIK SANTO YOSEPH MEDAN,KAB. HUMBANG HASUNDUTAN,KEC. LINTONGNIHUTA,JL. SISINGAMANGARAJA NO.19
70046680,SMP IT LUQMANUL HAKIM,,,B,162,11,SABILURRASYAAD,KAB. DELI SERDANG,KEC. SUNGGAL,JL. SEI MENCIRIM DUSUN 1A
10214005,SMP YPAK PTPN III SEI KARANG,0617980818,ypak.sk@gmail.com,B,377,22,YAYASAN PENDIDIKAN ANAK-ANAK KARYAWAN,KAB. DELI SERDANG,KEC. GALANG,JL. PONDOK BARU PERUMAHAN KARYAWAN SEI KARANG
10205260,SMP S SEI BEROMBANG,085361603930,smpswseiberombang@gmail.com,B,99,15,BADAN SWADAYA MASYARAKAT SEI BEROMBANG,KAB. LABUHANBATU,KEC. PANAI HILIR,JL. AHMAD YANI NO 86
10211018,SMP SWASTA RK MAKMUR,0617342069,smp_rkmakmur@yahoo.co.id,A,267,20,YAYASAN PERGURUAN KATOLIK DON BOSCO KEUSKUPAN AGUNG MEDAN,KAB. DELI SERDANG,KEC. PERCUT SEI TUAN,JALAN TERATAI NO. 21-A
10213869,SMP MULIA HAMPARAN PERAK,081361458430,smpmulia@gmail.com,B,124,13,YAYASAN PENDIDIKAN MULIA,KAB. DELI SERDANG,KEC. HAMPARAN PERAK,DESA KOTA RANTANG
70031165,SMP SWASTA MUTIARA BALIGE,,smpmutiara.balige@gmail.com,A,63,10,YAYASAN PENDIDIKAN MUTIARA ABADI BALIGE,KAB. TOBA,KEC. BALIGE,JL. OP. BATU TAHAN SIAHAAN
10257997,SMP SWASTA SANIAH,085373270775,smp_saniah@yahoo.co.id,B,77,7,YAYASAN SANIAH,KAB. ASAHAN,KEC. AEK SONGSONGAN,AEK SONGSONGAN
70041051,SMP SWASTA BINJAI ENGLISH SCHOOL,,,A,37,10,YAYASAN PENDIDIKAN BINJAI ENGLISH SCHOOL,KOTA BINJAI,KEC. BINJAI KOTA,JL. KOLONEL M. AHYAR (AIPTU RADIMAN)
70000712,SMP IT AL UMM SMART CENTRE,,halimatussadiah.amaliyah@gmail.com,A,80,10,YAYASAN HALIMATUSSA'DIAH AMALIYAH INDONESIA,KAB. DELI SERDANG,KEC. PERCUT SEI TUAN,JL. BERINGIN PASAR V GG MENTIMUN 16 NO. 8
69979815,SMP SWASTA JABAL RAHMAH MULIA,42566111,smppjabalrahmahmulia@gmail.com,A,328,36,YAYASAN JABAL RAHMAH MULIA,KOTA MEDAN,KEC. MEDAN SUNGGAL,JL. BALAI DESA NO. 24 H
10214006,SMP SWASTA KARYA JAYA,08196000837,smpskaryajaya@gmail.com,B,68,6,YAYASAN PENDIDIKAN KARYA JAYA,KAB. DELI SERDANG,KEC. TANJUNG MORAWA,"JL MEDAN - LUBUK PAKAM KM 22,5"
10210041,SMP KARTIKA I-1 MEDAN,0614533010,smpkartikam@yahoo.co.id,A,49,11,YAYASAN KARTIKA JAYA CABANG I BUKIT BARISAN,KOTA MEDAN,KEC. MEDAN PETISAH,JL. S. PARMAN NO.240 MEDAN
10210027,SMP SWASTA HKBP SIDORAME,0614158047,smphkbpsidorame@rocketmail.com,A,70,9,YAYASAN PENDIDIKAN HKBP SIDORAME,KOTA MEDAN,KEC. MEDAN PERJUANGAN,JL. DOROWATI LR. GEREJA NO. 35
10213940,SMP SWASTA DELI MURNI BANDAR BARU,062897218,smpdmbb@yahoo.co.id,A,387,30,YAYASAN PENDIDIKAN KATOLIK BETLEHEM,KAB. DELI SERDANG,KEC. SIBOLANGIT,JL. LETJEN DJAMIN GINTING KM.47
10210030,SMP SWASTA HARAPAN MEKAR,,smpharapanmekar@yahoo.co.id,A,123,10,YAYASAN PENDIDIKAN HARAPAN MEKAR,KOTA MEDAN,KEC. MEDAN MARELAN,JL. MARELAN RAYA NO. 77 MEDAN
10214022,SMP WIRASWASTA,0617388354,smpwiraswastabatangkuis@gmail.com,B,152,10,YAYASAN WIRASWASTA,KAB. DELI SERDANG,KEC. BATANG KUIS,JALAN AMPERA NO 1 BINTANG MERIAH
69896957,SMP SWASTA BINA ARTHA MAHKOTA,,smpsbinaarthamahkota@gmail.com,B,284,16,YAYASAN PENDIDIKAN BINA ARTHA MAHKOTA,KAB. MANDAILING NATAL,KEC. NATAL,DESA SIKARA-KARA IV
10258179,SMP SWASTA KRISTEN BNKP TELUK DALAM,,smpskbnkptelukdalam@gmail.com,B,273,23,YAYASAN PENDIDIKAN BNKP NIAS SELATAN,KAB. NIAS SELATAN,KEC. TELUK DALAM,JL. SAONIGEHO NO. 1
70042450,SMP SWASTA RIDO  BALAEKHA CEMERLANG,085119057866,alvapradiptondruru@gmail.com,C,52,18,YAYASAN RIDO BALAEKHA CEMERLANG,KAB. NIAS SELATAN,KEC. LAHUSA,SARAHILI
10220206,SMP SWASTA SINAR SENTOSA,081370700278,boy.sianturi25@gmail.com,B,99,6,YAYASAN PENDIDIKAN SINAR SENTOSA,KAB. DELI SERDANG,KEC. PERCUT SEI TUAN,JL. KERAMAT INDAH NO 8 SELAMBO
10205271,SMP SWASTA TASIK RAJA,081262966511,smp.tasikraja@gmail.com,A,165,10,YAYASAN PERGURUAN TASIK RAJA,KAB. LABUHANBATU SELATAN,KEC. TORGAMBA,DESA BUKIT TUJUH
10203545,SMP SWASTA ADVENT SUMBUL,,,B,49,7,YAYASAN PENDIDIKAN GEREJA MASEHI ADVENT HARI KETUJUH SUMATERA UTARA,KAB. DAIRI,KEC. SUMBUL,JL. PELITA ATAS NO 53 SUMBUL
10202743,SMP SWASTA ASSISI SIANTAR,06227551181,assisisiantars@gmail.com,A,286,17,YAYASAN PUTERI HATI KUDUS,KAB. SIMALUNGUN,KEC. SIANTAR,JL. ASAHAN KM.6 KEC. SIANTAR KABUPATEN SIMALUNGUN
10213954,SMP SWASTA BANDUNG,0617380823,smpswastabandung6@gmail.com,B,322,22,YAYASAN PERGURUAN BANDUNG,KAB. DELI SERDANG,KEC. PERCUT SEI TUAN,JL. PENGABDIAN NO. 72
70056300,SMP SWASTA ALIF INAYAH,,,,5,3,YAYASAN PENDIDIKAN NASYWA INAYAH,KOTA MEDAN,KEC. MEDAN JOHOR,JL IDI NO 2
10202622,SMP SWASTA TAMAN SISWA KEC.UJUNG PADANG,085262893900,smptamansiswa@yahoo.com,B,67,7,PERSATUAN PERGURUAN TAMANSISWA CABANG KP.LALANG,KAB. SIMALUNGUN,KEC. UJUNG PADANG,HUTA III KAMPUNG LALANG
10258183,SMP SWASTA NUSANTARA TELUK DALAM,081375890218,kristinasihura1991@gmail.com,B,35,14,PERGURUAN KARYA RAKYAT,KAB. NIAS SELATAN,KEC. TELUK DALAM,JL. SUDIRMAN NO.10 TELUK DALAM
10213950,SMP ADVENT LUBUK PAKAM,081376864160,palupa_lubukpakam@yahoo.com,C,13,7,YAYASAN PERGURUAN ADVENT LUBUK PAKAM,KAB. DELI SERDANG,KEC. LUBUK PAKAM,JL. RAYA MEDAN NO. 31 LUBUK PAKAM
10202515,SMP MUHAMMADIYAH-20,082267038764,smpmuhammadiyahdolokmalela@gmail.com,B,82,7,PIMPINAN DAERAH MUHAMMADIYAH (PDM) KAB. SIMALUNGUN,KAB. SIMALUNGUN,KEC. GUNUNG MALELA,JALAN PEMATANG NO.2 SILAU MALELA
10205264,SMP S PGRI 19 LOHSARI,081396198209,smps.pgri19lohsari@gmail.com,B,198,11,PERWAKILAN YPLP PGRI PROVINSI SUMATERA UTARA,KAB. LABUHANBATU SELATAN,KEC. KAMPUNG RAKYAT,LOHSARI
10205256,SMP S TANI JAYA SEI PENGGANTUNGAN,,smpstanijaya@yahoo.co.id,C,41,5,YAYASAN PERGURUAN TANI JAYA,KAB. LABUHANBATU,KEC. PANAI HILIR,SEI PENGGANTUNGAN
10201058,SMP SWASTA DHARMA BAKTI SELESAI,,smpdharmabaktiselesai@yahoo.co.id,B,137,14,YASPEND DHARMA BAKTI SELESAI,KAB. LANGKAT,KEC. SELESAI,JLN.MESJID RAYA NO.46
10258381,SMP SWASTA KARYA BOTOMBAWO,085358545063,fajarzeg@gmail.com,B,70,11,YAYASAN PERGURUAN KARYA BOTOMBAWO,KAB. NIAS UTARA,KEC. SITOLU ORI,DESA BOTOMBAWO
10213987,SMPS PGRI 51,082162157080,hemat51sembiring@gmail.com,B,71,11,PERWAKILAN YPLP PGRI PROVINSI SUMATERA UTARA,KAB. DELI SERDANG,KEC. PANCUR BATU,JL. JAMIN GINTING NO.21 PANCUR BATU
70039020,SMP IT AL KHAIR,085370653389,smpitalkhair72@gmail.com,A,42,9,YAYASAN PENDIDIKAN AL-KHAIR SUNGGAL,KAB. DELI SERDANG,KEC. SUNGGAL,JL. H.Z ABBAS DUSUN II BARAT
10213926,SMP SWASTA PEMDA LUBUK PAKAM,0617955464,yapemda4@gmail.com,B,72,4,PERGURUAN PEMBANGUNAN DAERAH,KAB. DELI SERDANG,KEC. LUBUK PAKAM,JLN.T.R.MUDA NO.11  LUBUK PAKAM
10205284,SMP S WIDIYA DHARMA,,smpwidyadharmaaj@gmail.com,A,185,17,YAYASAN WIDIYA DARMA,KAB. LABUHANBATU SELATAN,KEC. TORGAMBA,PT. ASAM JAWA
69935021,SMP-IT NURUL FADHILAH,081376777894,smp.it.nurulfadhilah@gmail.com,B,280,23,YAYASAN HAJJAH KARLINA HARAHAP,KAB. DELI SERDANG,KEC. PERCUT SEI TUAN,"JL. PEMBANGUNAN, DUSUN.III DESA BANDAR SETIA"
70062231,SMP IT NUR AL HIKMAH KOTA DATAR,,,,,0,,KAB. DELI SERDANG,KEC. HAMPARAN PERAK,JL. GUDANG ATAP DUSUN XII
69980020,SMPIT NURHYAT-IMAN AL-FALAH,081360623398,,C,71,6,YAYASAN PENDIDIKAN ALFALAH DUSUN JAWA,KAB. LABUHANBATU,KEC. BILAH HULU,DUSUN JAWA
69990585,SMP SWASTA IT ADZ DZAKIWAL HADI PULAU RAKYAT,081360128132,smpitadzdzakiwalhadi@gmail.com,B,149,14,YAYASAN ADZ DZAKI WAL HADI,KAB. ASAHAN,KEC. PULAU RAKYAT,JLN. ADZKIA NO. 3 DUSUN V
10259312,SMP SWASTA BNKP SIMON,085361731850,simonmerdeka12@gmail.com,C,87,10,YAYASAN PERGURUAN BNKP SIMON,KAB. NIAS,KEC. SOGAEADU,"JLN. ARAH IDANOGAWO KM. 28,8"
70051927,SMP SWASTA IT ADABIYAH,,,,72,12,YAYASAN PENDIDIKAN ADABIYAH ASAHAN,KAB. ASAHAN,KEC. SEI DADAP,JL. BESAR TANJUNG ALAM DUSUN III
70049353,SMP IT DARUL INSAN QURANI,081264391021,smpitdarulinsanqurani@gmail.com,,90,12,DARUL INSAN QURANI,KOTA BINJAI,KEC. BINJAI BARAT,JL. LETNAN UMAR BAKI LK. III
69980162,SMP SWASTA ISLAM TERPADU YAYASAN PENDIDIKAN TARBIYAH ISLAMIYAH,085261248743,smpitypti@yahoo.com,B,336,19,YAYASAN PENDIDIKAN TARBIYAH ISLAMIYAH (YPTI),KAB. SERDANG BEDAGAI,KEC. PERBAUNGAN,DUSUN I LUBUK CEMARA KEC.PERBAUNGAN
10213865,SMP SW METHODIST PANTAI LABU,06177824855,smpmethodistplabu@gmail.com,B,84,6,PERGURUAN KRISTEN METHODIST INDONESIA,KAB. DELI SERDANG,KEC. PANTAI LABU,PANTAI LABU PEKAN
10201039,SMP SWASTA GOTONG ROYONG,,smpgotongroyongkuala@gmail.com,B,37,7,YAYASAN PERGURUAN GOTONG ROYONG,KAB. LANGKAT,KEC. KUALA,JL. BINJAI - KUALA KM. 40 KUALA
69985460,SMP SWASTA ISLAM TERPADU UMMI A YUNI,082365858754,smpit.ummiayuni@gmail.com,A,247,22,YAYASAN PENDIDIKAN UMMI A'YUNI,KAB. SERDANG BEDAGAI,KEC. PERBAUNGAN,JL. WARINGIN
10210084,SMP SWT. NASRANI BELAWAN,081362394659,smpnasranibelawan01@gmail.com,B,125,12,YAYASAN PERGURUAN SWASTA NASRANI BELAWAN,KOTA MEDAN,KEC. MEDAN KOTA BELAWAN,LORONG PERSAUDARAAN BELAWAN
70026478,SMP ISLAM UTSMAN BIN AFFAN,,smpuba@gmail.com,B,70,6,YAYASAN AL-KAREEMAH,KAB. DELI SERDANG,KEC. PATUMBAK,JL. ROSO GG SEDULUR
10258169,SMP SWASTA BINTANG LAUT,081361029383,smpsbintanglautnisel@gmail.com,A,588,31,YAYASAN SANTU FIDELIS,KAB. NIAS SELATAN,KEC. TELUK DALAM,JL. DIPONEGORO NO. 26 B
70058298,SMP IT AR-RAHMAN SORKAM,,,,8,3,YAYASAN PERGURUAN TRI MULIA BHAKTI SORKAM,KAB. TAPANULI TENGAH,KEC. SORKAM BARAT,JL. SIBOLGA - BARUS KM. 37
60728994,SMP SWASTA BRIGJEND KATAMSO II,0616854666,smpbkdua.2011@gmail.com,A,469,16,YAYASAN PERGURUAN NASIONAL BRIGJEND KATAMSO,KOTA MEDAN,KEC. MEDAN MARELAN,JL. MARELAN RAYA NO.19 PSR III LINGK. XII
70040767,SMP IT ASMAH ZAIJULI HAMID,081263507906,smpasmahzai@gmail.com,B,71,5,YAYASAN ASMAH ZAIJULI HAMID,KAB. DELI SERDANG,KEC. HAMPARAN PERAK,JALAN M. YUSUF KOTOK DUSUN IV
10257315,SMP HKBP PULO BRAYAN,082160351754,pmaruwina@gmail.com,B,69,7,YAYASAN PERGURUAN SMP HKBP P.BRAYAN,KOTA MEDAN,KEC. MEDAN TIMUR,JLN.RUMAH SAKIT NO.4 P.BRAYAN
10259883,SMP SANTA LUSIA SIBORONGBORONG,063343243,smpsantalusiasiborongborong@rocketmail.com,A,386,20,SANTA LUSIA VIRGINI,KAB. TAPANULI UTARA,KEC. SIBORONGBORONG,JL. SISINGAMANGARAJA NO.258
70001625,SMP QURAN MUTIARA ILMU,,smpboardingmutiarailmu19@gmail.com,B,189,12,AL-USWAH SUMUT,KAB. LANGKAT,KEC. KUALA,JLN.BINJAI-KUALA LINGKUNGAN IV
10200320,SMP SWASTA AWAL KARYA PEMBANGUNAN,081376113445,smpakpgalang@gmail.com,A,469,29,AWAL KARYA PEMBANGUNAN,KAB. DELI SERDANG,KEC. GALANG,JL.PERJUANGAN LINKUNGAN VII
10202545,SMP SWASTA GKPS 13 SIBAROU,085261160076,smp_gkpssibarou@yahoo.co.id,B,42,7,YAYASAN PENDIDIKAN GKPS,KAB. SIMALUNGUN,KEC. PANEI,JL. SIDAMANIK
10257413,SMP SWASTA YAYASAN PENDIDIKAN PANGKALAN SUSU,,smpyaspenpsusu@yahoo.co.id,B,106,16,YAYASAN PENDIDIKAN,KAB. LANGKAT,KEC. PANGKALAN SUSU,JL. KESATRIA
70006749,SMP SWASTA RIAD MADANI,,smpswastariadmadani@gmail.com,B,61,14,YAYASAN PENDIDIDKAN RIAD MADANI,KAB. DELI SERDANG,KEC. PERCUT SEI TUAN,JL. REL NO. 6/34
10213976,SMP SWASTA NASIONAL LUBUK PAKAM,081370722242,nasionallubukpakam@gmail.com,B,37,10,YAYASAN PENDIDIKAN BUDIMAN KUNIMAH,KAB. DELI SERDANG,KEC. LUBUK PAKAM,JL. TENGKU FACHRUDDIN NO. 15 LUBUK PAKAM
69971246,SMP SWASTA BUNDA SITI BANUN,082363530404,smpbundasitibanun@gmail.com,B,105,7,YAYASAN BUNDA SITI BANUN,KAB. LABUHANBATU SELATAN,KEC. KAMPUNG RAKYAT,EMPLASMEN PERKEBUNAN PT. MUJUR LESTARI
10210245,SMP ALWASHLIYAH 31,082166270757,alwashliyah12331@gmail.com,B,35,5,,KOTA MEDAN,KEC. MEDAN DELI,JL. PLATINA I SIMPANG DOBI
70056500,SMP SWASTA KASIH TULUS,,,C,13,5,YAYASAN KASIH TULUS,KAB. DELI SERDANG,KEC. PANCUR BATU,"JL. H.M PUNA SEMBIRING, DUSUN II TANJUNG ANOM"
10202016,SMP SWASTA RK BUDI MURNI LAUBALENG,081370631175,smpbudimurnilaubaleng@gmail.com,B,78,6,YAYASAN PERGURUAN KATOLIK DON BOSCO KEUSKUPAN AGUNG MEDAN,KAB. KARO,KEC. LAUBALENG,LAUBALENG
10210036,SMP INDONESIA MEMBANGUN,0617864701,yapimtarmen59@yahoo.com,A,64,3,YAYASAN PERGURUAN INDONESIA MEMBANGUN TARUNA,KOTA MEDAN,KEC. MEDAN KOTA,JL. AIR BERSIH NO. 59 MEDAN
10202558,SMP SWASTA BUNDA MULIA,082370153965,smpbundamulia@ymail.com,A,708,35,YAYASAN PERGURUAN KATOLIK DON BOSCO KEUSKUPAN AGUNG MEDAN,KAB. SIMALUNGUN,KEC. SILIMAKUTA,JL. KABAN JAHE N0.50 SARIBUDOLOK
70062194,SMP PUTRI ALIIFAH,,,,,0,,KOTA MEDAN,KEC. MEDAN MARELAN,JL. MARELAN VI PASAR II TIMUR GANG AMAL LINGK. 24
70053289,SMP SWASTA PERJUANGAN HILIAMATOLA,082239295215,smpsperjuanganhiliamatola@gmail.com,,24,11,YAYASAN CAHAYA BERJUANG BERSAMA,KAB. NIAS SELATAN,KEC. SUSUA,HILIAMATOLA
70049812,SMP SWASTA DARUSSALAM ISLAMIC SCHOOL KISARAN,,,,45,7,DARUSSALAM ISLAMIC SCHOOL,KAB. ASAHAN,KEC. KISARAN TIMUR,JL. WAHID HASYIM KELURAHAN TELADAN
69990382,SMP ST.REGINA SCHOOL TELAGAH,081360385536,smp.stregina90@yahoo.com,C,76,7,,KAB. LANGKAT,KEC. SEI BINGAI,TELAGAH
10257885,SMP SWASTA ISLAM AL-ULUM TERPADU,0616642331,alulumterpadusmpislam@gmail.com,A,475,31,YAYASAN AMANAH KARAMAH,KOTA MEDAN,KEC. MEDAN TEMBUNG,JL. TUASAN NO 35 MEDAN
10210070,SMP DWIWARNA MEDAN,0617363771,smp.dwiwarna@yahoo.co.id,B,12,4,PENDIDIKAN DAN SOSIAL DWIWARNA,KOTA MEDAN,KEC. MEDAN KOTA,JL. GEDUNG ARCA NO. 52
10257319,SMP KARTIKA I-2,082166605827,smpkartikamedan@yahoo.co.id,A,201,23,YAYASAN KARTIKA JAYA CABANG I BUKIT BARISAN,KOTA MEDAN,KEC. MEDAN HELVETIA,JL. BRIGJEND H. A. MANAF LUBIS
10264636,SMP SWASTA PRESTASI UTAMA,081370115819,smpprestasi199@gmail.com,B,208,12,YAYASAN PENDIDIKAN PRESTASI UTAMA,KAB. DELI SERDANG,KEC. SUNGGAL,JL. KALI REJO UJUNG DSN II SIDODADI
10213993,SMP SWASTA SINAR HUSNI,06177825165,drs_juliardi@yahoo.co.id,A,208,18,YAYASAN PENDIDIKAN SINAR HUSNI,KAB. DELI SERDANG,KEC. LABUHAN DELI,JALAN VETERAN GANG UTAMA PASAR V HELVETIA
70054367,SMP SWASTA ISLAMIYAH,082267699710,smpswastaislamiyahterpadu@gmail.com,,12,5,YAYASAN PESANTREN ISLAMIYAH,KAB. DELI SERDANG,KEC. SUNGGAL,"JALAN. MEDAN BINJAI KM 16,5 DUSUN I"
69877602,SMP SWASTA HOYA SEJAHTERA,081361414263,smpshoyasejahtera96@yahoo.com,C,130,14,YAYASAN HOYA SEJAHTERA,KAB. NIAS SELATAN,KEC. SOMAMBAWA,OLADANO
69950738,SMP IT SWASTA BERANDAN BARAT,085296158750,smpitbrandanbarat@gmail.com,C,76,7,YAYASAN PENDIDIKAN ISLAM HUMAYYA,KAB. LANGKAT,KEC. BERANDAN BARAT,JLN.PANGKALAN BERANDAN
69992881,SMP SWASTA PEMBANGUNAN,,,B,59,10,HAFNAN SIMBOLON,KAB. DELI SERDANG,KEC. PATUMBAK,JL. ADVOKAD RAYA MARINDAL I
70009490,SMP SWASTA SURYA DIDIK BANGSA,,,,4,6,YAYASAN SURYA DIDIK BANGSA,KOTA MEDAN,KEC. MEDAN MAIMUN,JL SAMANHUDI NO 1 B
69896638,SMP SWASTA IMANUEL TELUKDALAM,081388184580,smps.imanuel@yahoo.com,B,84,9,YAYASAN IMANUEL SETITEL TELUKDALAM,KAB. NIAS SELATAN,KEC. TELUK DALAM,JL. SUDIRMAN
10200358,SMP SWASTA WIRA JAYA,085260701038,smpswastawirajaya@yahoo.co.id,B,221,11,YP. WIRA JAYA,KAB. DELI SERDANG,KEC. TANJUNG MORAWA,JL. RAYA MEDAN KM. 21 BLOK II WONOSARI
10205258,SMP SWASTA SANTO YOSEP AEK KANOPAN,082186901296,styosepaekkanopan@yahoo.co.id,A,234,14,YAYASAN PENDIDIKAN KATOLIK SANTO YOSEPH MEDAN,KAB. LABUHANBATU UTARA,KEC. KUALUH HULU,JL. SERMA MAULANA S NO. 48 AEK KANOPAN
69990138,SMP SWASTA IT AL-MAKSUM,082273039174,smpitalmaksum847@gmail.com,B,159,7,YAYASAN PENDIDIKAN AL MAKSUM SUNGGAL,KAB. DELI SERDANG,KEC. SUNGGAL,JL. SEI MENCIRIM DUSUN II
69822834,SMPS IMELDA,081360094617,smpimelda@gmail.com,B,78,12,YAYASAN IMELDA,KAB. LABUHANBATU,KEC. BILAH BARAT,DSN SIGABU JULU
70054950,SMP SWASTA IT CERIA AL FATTAH,,,,,3,,KAB. ASAHAN,KEC. BANDAR PASIR MANDOGE,DUSUN VIII
10210134,SMP SWASTA METHODIST 5,0616616635,smpmethodistlima@gmail.com,A,342,16,PENDIDIKAN GMI JEMAAT GLORIA,KOTA MEDAN,KEC. MEDAN BARAT,JL. KARYA RAKYAT NO. 67
10211400,SMP SWASTA ABDI NEGARA,0618829524,smpabdinegara204763@gmail.com,A,173,11,YAYASAN PUSAT PENGEMBANGAN SUMBER DAYA MANUSIA ABDI NEGARA BINJAI,KOTA BINJAI,KEC. BINJAI UTARA,JL. T. AMIR HAMZAH NO. 689
10257693,SMP NURUL HASANAH,0618218671,smpsnurulhasanahmedan@gmail.com,B,27,10,YAYASAN NURUL HASANAH,KOTA MEDAN,KEC. MEDAN BARU,JL. DJAMIN GINTING NO. 314
10210029,SMP SWASTA HKBP BELAWAN,085362268439,smpswastahkbpbelawan@rocketmail.com,B,160,12,DEPARTEMEN PENDIDIKAN HKBP JL. DELI RESSORT BELAWAN - I,KOTA MEDAN,KEC. MEDAN KOTA BELAWAN,JLN. KAMPAR NO. 3 BELAWAN
10212538,SMP SWASTA TENERA,082216878207,smp.tenera.sal@gmail.com,B,91,11,YAYASAN PENDIDIKAN PERKEBUNAN NUSANTARA IV,KAB. LANGKAT,KEC. PADANG TUALANG,PTPN IV KEBUN SAWIT LANGKAT KEC. PADANG TUALANG
69816269,SMPS ADVENT 5,082165515151,smpsadvent5medan@gmail.com,C,197,11,YAYASAN PENDIDIKAN GEREJA MASEHI ADVENT HARI KETUJUH SUMATERA UTARA,KOTA MEDAN,KEC. MEDAN AMPLAS,JL SISINGAMANGARAJA KM 10 NO 11A
69977541,SMP SWASTA MURNI VICTORY,081265236644,murninurhayati01@gmail.com,C,21,3,YAYASAN PENDIDIKAN KRISTEN MURNI VICTORY,KOTA MEDAN,KEC. MEDAN SELAYANG,JL. BUNGA HERBA III NGUMBAN SURBAKTI
10211765,SMP SWASTA GKPS 3 PEMATANGSIANTAR,081370206140,smpgkps3@gmail.com,B,88,13,YAYASAN PENDIDIKAN GKPS,KOTA PEMATANGSIANTAR,KEC. SIANTAR UTARA,JL.SISINGAMANGARAJA NO.26 PEMATANGSIANTAR
10210056,SMP SWASTA CINTA KASIH,06142902649,smpcintakasih@gmail.com,B,41,8,YAYASAN PERGURUAN KRISTEN CINTA KASIH MEDAN TEMBUNG,KOTA MEDAN,KEC. MEDAN TEMBUNG,JL.SAMA NO.20 MEDAN
69984695,SMP SWASTA BERLIANTA,,,C,25,8,YAYASAN PENDIDIKAN BERLIANTA,KAB. DELI SERDANG,KEC. PATUMBAK,JL. KONGSI
10213919,SMP SWASTA PAB 3 SAENTIS,0616990779,smppabsaentis@gmail.com,A,558,25,PERKUMPULAN AMAL BAKTI  SUMATERA UTARA,KAB. DELI SERDANG,KEC. PERCUT SEI TUAN,JL KALI SERAYU PTPN II PERKEBUNAN SAENTIS
10201137,SMP SWASTA SWAKARYA SALAPIAN,085372722663,smpswakarya.salapian@gmail.com,A,311,26,YAYAYASAN PERGURUAN SWAKARYA SALAPIAN,KAB. LANGKAT,KEC. SALAPIAN,JL. MERDEKA NO. 6
70044560,SMP IT HAFIZHAN AL - IRSYAD,,hafizhanirsyad01@gmail.com,A,74,15,YAYASAN PENDIDIKAN HAFIZHAN AL IRSYAD,KAB. DELI SERDANG,KEC. TANJUNG MORAWA,DUSUN V GANG PENDIDIKAN
70053846,SMP SWASTA ISLAM TERPADU RAHMAD,,,,32,7,YAYASAN RAHMAD HABIBI,KAB. SERDANG BEDAGAI,KEC. PERBAUNGAN,JL. GELATIK DUSUN I
10259395,SMP SWASTA BINA SATRIA MULIA,081370419797,yaspenbsm@yahoo.com,B,197,14,YAYASAN PENDIDIKAN  BINA SATRIA MULIA,KOTA MEDAN,KEC. MEDAN DELI,JLN. ALUMUNIUM I NO.10
69984607,SMP SWASTA ANNYSA,087777719200,imanlukmanhakim77@gmail.com,B,88,9,YAYASAN PENDIDIKAN ISLAM ANNYSA,KAB. DELI SERDANG,KEC. SUNGGAL,JL. KEMIRI NO. 62/64
69758998,SMP SWASTA ISLAM ANNUR PRIMA,06188818698,smpislam_ap@yahoo.co.id,B,368,33,YPI ANNUR PRIMA,KOTA MEDAN,KEC. MEDAN LABUHAN,JL RAWE IV NO 23 MEDAN
70052745,SMP - IT ABU SYAFA,,,B,197,16,YAYASAN PENDIDIKAN ABU SYAFA,KOTA BINJAI,KEC. BINJAI UTARA,JL. KOL. YOS SUDARSO LK IX
70025750,SMP ISLAM PLUS AL-IKHLAS TAQWA,,smpislamplusalikhlastaqwa@gmail.com,A,51,13,YAYASAN AL IKHLAS TAQWA,KOTA MEDAN,KEC. MEDAN AREA,JL MEDAN AREA SELATAN GG FAMILI NO 10
10206518,SMP SW ALWASHLIYAH 38,081362095264,smpsaw38@yahoo.co.id,C,56,6,AL JAMIATUL WASHLIYAH,KAB. TAPANULI TENGAH,KEC. KOLANG,"JL. SIBOLGA-BARUS KM. 20, HUTAIMBARU"
69895930,SMP SWASTA IMELDA,06180089414,smpswastaimelda01@gmail.com,A,280,19,YAYASAN IMELDA,KOTA MEDAN,KEC. MEDAN TIMUR,JALAN BILAL NO. 24
10257388,SMP SWASTA KARYA BHAKTI,082276386464,warta06mungkur@gmail.com,B,109,10,YAYASAN PENDIDIKAN KATOLIK SANTO YOSEPH MEDAN,KAB. HUMBANG HASUNDUTAN,KEC. TARABINTANG,SITANDUK
10202751,SMP SWASTA ABDI SEJATI PERDAGANGAN,062296877,smp_abdisejati@yahoo.co.id,A,380,19,YAYASAN PENDIDIKAN KATOLIK SANTO YOSEPH MEDAN,KAB. SIMALUNGUN,KEC. BANDAR,JL.JENDERAL SUDIRMAN NO. 273 PERDAGANGAN
10210028,SMP HKBP PADANG BULAN,082277443997,smps.hkbp.pbulan@gmail.com,B,44,10,YAYASAN PENDIDIKAN HKBP PADANG BULAN MEDAN,KOTA MEDAN,KEC. MEDAN SELAYANG,JL. LETJEN JAMIN GINTING GG. GEREJA NO. 24
10211759,SMP SWASTA METHODIST PEMATANGSIANTAR,062222314,smp.methodist@yahoo.co.id,A,548,42,YAYASAN PENDIDIKAN KRISTEN METHODIST INDONESIA BETLEHEM PEMATANGSIANTAR,KOTA PEMATANGSIANTAR,KEC. SIANTAR TIMUR,JL. PANE NO. 34 KECAMATAN SIANTAR TIMUR - KOTA PEMATANGSIANTAR
70030143,SMP SWASTA BUMI ALQURAN SIANTAR,082175135137,smpbumialquransiantar@gmail.com,A,87,12,YAYASAN BUMI ALQURAN SIANTAR,KOTA PEMATANGSIANTAR,KEC. SIANTAR MARTOBA,JLN. SUMBER JAYA II
10202520,SMP SWASTA KRIDA PEMBANGUNAN,,smpkridapembangunan@gmail.com,C,43,7,SMP SW KRIDA PEMBANGUNAN,KAB. SIMALUNGUN,KEC. BANDAR,JLN. ASAHAN PEMATANG BANDAR
69976584,SMP SWASTA ISLAM AN-NAHLU KISARAN,085372628926,smpannahlu@gmail.com,B,228,20,YAYASAN AN NAHLU KISARAN,KAB. ASAHAN,KEC. KISARAN TIMUR,JLN. SYECH ISMAIL KELURAHAN TELADAN
10259988,SMP SWASTA BAHAGIA,0616852264,smpbahagia@yahoo.com,A,551,20,YAYASAN PENDIDIKAN PERGURUAN BAHAGIA,KOTA MEDAN,KEC. MEDAN DELI,JALAN MANGAAN I NO. 60 MABAR
10211035,SMP SWASTA W.R. SUPRATMAN 2 MEDAN,7880109,wr_supratman2@yahoo.com,A,430,21,YAYASAN PERGURUAN WAGE RUDOLF SUPRATMAN,KOTA MEDAN,KEC. MEDAN JOHOR,JL BRIGJEND ZEIN HAMID N0 33
10211808,SMP SWASTA RK BINTANG TIMUR PEMATANGSIANTAR,0811620030,smpbtps@gmail.com,A,1116,55,YAYASAN PERGURUAN KATOLIK SANTO LAURENSIUS,KOTA PEMATANGSIANTAR,KEC. SIANTAR SELATAN,JALAN LAGUBOTI 4 PEMATANGSIANTAR
10201959,SMP SWASTA MUSYAWARAH PERBULAN,081260572060,smpmusyawarah@yahoo.com,B,166,14,PENDIDIKAN SMP SWASTA MUSYAWARAH,KAB. KARO,KEC. LAUBALENG,JL. RAKOETTA S. BRAHMANA NO. 1001
70047780,SMP-IT PERGURUAN BAITI JANNATI,,,B,47,8,YAYASAN PENDIDIKAN AISYAH RANGKUTI,KAB. DELI SERDANG,KEC. TANJUNG MORAWA,JL. TENGKU BERGALIT GG. UMARDIN LUBIS NO. 13
70061644,SMP SWASTA IT ELFATIH FIRNAS CENDEKIA ASAHAN,,,,,0,,KAB. ASAHAN,KEC. AIR JOMAN,JL. PROTOKOL DESA BANJAR
70011626,SMP ISLAM TERPADU CENDEKIA,,smpitcendikia2020@gmail.com,B,103,14,YAYASAN SOSIAL DAN DAKWAH CENDEKIA,KOTA PEMATANGSIANTAR,KEC. SIANTAR SITALASARI,JL. GURILLA
10257728,SMP SWASTA T.P DAYA CIPTA,,sd.smp99dayacipta@gmail.com,A,100,15,SMP SWASTA T.P DAYA CIPTA,KOTA MEDAN,KEC. MEDAN PETISAH,JL. MISTAR NO. 17 A
10211583,SMP SWASTA KATOLIK CINTA KASIH TEBING TINGGI,06213950979,smpkck40@yahoo.com,A,171,14,YAYASAN PERGURUAN KATOLIK DON BOSCO KEUSKUPAN AGUNG MEDAN,KOTA TEBING TINGGI,KEC. TEBING TINGGI KOTA,JALAN PUSARA PEJUANG NO. 5
70027593,SMP SWASTA PLUS NUSANTARA MEDAN,0617359999,smpplusnusantaramedan@gmail.com,A,59,12,YAYASAN TIASRA MEDAN,KOTA MEDAN,KEC. MEDAN AREA,JL BROMO NO 35
70058986,SMP ISLAMIYAH GUPPI KUALA BANGKA,,,,,0,,KAB. LABUHANBATU UTARA,KEC. KUALUH HILIR,JL. SELAT PEMATANG NO.59 DUSUN KP JAWA
70008410,SMP IT AL BAYAN,08137604909,smpswastaitalbayan@gmail.com,B,71,14,YAYASAN PENDIDIKAN SUPARDI MANDIRI,KAB. DELI SERDANG,KEC. PERCUT SEI TUAN,DUSUN XVII TAMBAK BAYAN
10211027,SMP SWASTA PUTRI CAHAYA,0614513285,smpputricahaya65@gmail.com,A,355,28,YAYASAN SERI AMAL MEDAN,KOTA MEDAN,KEC. MEDAN BARU,JL. HAYAM WURUK NO.11 MEDAN
10200283,SMP LKMD SIBOLANGIT,081263430473,smpswastalkmdsembahe@yahoo.com,B,18,4,,KAB. DELI SERDANG,KEC. SIBOLANGIT,JLN LETJEN DJAMIN GINTING SEMBAHE
10258050,SMP SW NU PASAR SORKAM,081370987164,smpswnupasarsorkam@yahoo.co.id,C,66,12,YAYASAN PENDIDIKAN MA'ARIF PASAR SORKAM,KAB. TAPANULI TENGAH,KEC. SORKAM BARAT,PASAR SORKAM
10210094,SMP SWT NASIONAL GULTOM,6612690,smpgultom1987@gmail.com,B,51,11,YAYASAN PENDIDIKAN PELITA GUNA MANDIRI,KOTA MEDAN,KEC. MEDAN PERJUANGAN,JL. PELITA IV NO. 90
70059078,SMP IT CAHAYA SALAPIAN,,,,,2,,KAB. LANGKAT,KEC. SALAPIAN,DUSUN V CANGKULAN
70054526,SMP ADZKIA ISLAMIC SCHOOL,082171304239,smpadzkiaislamicschool@gmail.com,,91,10,YAYASAN ADZKIA INTERNASIONAL,KOTA MEDAN,KEC. MEDAN BARU,JL DARAT NO 17C
69952086,SMP SWASTA RUHUL ANSHOR,085296200420,smp.ruhul.anshor@gmail.com,B,111,11,YAYASAN PENDIDIKAN RUHUL ANSHOR,KAB. LABUHANBATU SELATAN,KEC. TORGAMBA,DUSUN BUNUT PEKAN
70011176,SMP IT DEWANI AKBAR,,smpitdewaniakbar@gmail.com,B,238,14,YAYASAN BAKTI UNTUK NEGERI DAN AGAMA,KAB. SERDANG BEDAGAI,KEC. TEBING TINGGI,JL. BESAR PAYA LOMBANG
10212575,SMPS. NURUL ILMI PADANGSIDIMPUAN,063425614,smpnurulilmi8@gmail.com,A,918,54,LEMBAGA BM MUDA,KOTA PADANG SIDEMPUAN,KEC. PADANG SIDIMPUAN SELATAN,JLN. BM MUDA NO. 5
70000860,SMP ISLAM BINTANG,081361694230,yapend.bintang@gmail.com,B,34,6,YAYASAN PENDIDIKAN BINTANG,KAB. DELI SERDANG,KEC. BATANG KUIS,JL. LUBUK PAKAM-BATANG KUIS
10202649,SMP SWASTA SATRYA BUDI KARANG REJO,085262966654,smpsatryabudikr@yahoo.co.id,B,180,11,YAYASAN FAUZIAH ADNAN,KAB. SIMALUNGUN,KEC. GUNUNG MALIGAS,JL.ANJANGSANA NO.83 HUTA I
69728374,SMPS PESANTREN MODERN TERPADU AL-FATH SINGKUANG,081275371131,alfathsingkuang@yahoo.co.id,C,212,13,YAYASAN FATHI SIREGAR,KAB. MANDAILING NATAL,KEC. MUARA BATANG GADIS,JL. PENDIDIKAN SINGKUANG
69967367,SMP SATU PADU BOARDING SCHOOL,081269805281,smp1padubs@gmail.com,A,69,11,YAYASAN PENDIDIKAN KATOLIK BETLEHEM,KAB. DELI SERDANG,KEC. SINEMBAH TNJNG MUDA HULU,JL. VETERAN
10210106,SMP SWASTA LAKSAMANA MARTADINATA,0616619100,smpmartadinata@gmail.com,A,757,39,YAYASAN PERGURUAN LAKSAMANA MARTADINATA,KOTA MEDAN,KEC. MEDAN BARAT,JL.PERTEMPURAN NO. 125
10208072,SMP ISLAM TERPADU AL HUSNAYAIN,06363221155,smp_alhusnayain@yahoo.com,A,440,34,ALHUSNAYAIN,KAB. MANDAILING NATAL,KEC. PANYABUNGAN,JL.WILLEM ISKANDER / NUSANTARA II
69840998,SMP SWASTA TUNAS HARAPAN BANGSA,081210537151,smp.thbsirandorung@gmail.com,B,124,10,TUNAS HARAPAN BANGSA,KAB. TAPANULI TENGAH,KEC. SIRANDORUNG,JL. PERINTIS PENDIDIKAN NO.01 PASAR KAMIS
10211039,SMP SWASTA YASPENHAN-1 MEDAN,081264960081,smpyaspenhan1@yahoo.com,B,81,14,YAYASAN PENDIDIKAN MEDAN LABUHAN,KOTA MEDAN,KEC. MEDAN MARELAN,JLN KAPTEN RAHMAD BUDDIN PASAR V
10259297,SMP SWASTA DOREMA MEDAN,6261844889,smpdorema@gmail.com,C,15,5,YAYASAN DOREMA,KOTA MEDAN,KEC. MEDAN SUNGGAL,"JL. BINJAI KM 7,5"
10202563,SMP SWASTA HKI PULOSIBORNA,081377406606,smphki.siborna@gmail.com,C,4,4,PERGURUAN HKI PULOSIBORNA,KAB. SIMALUNGUN,KEC. PANEI,PULOSIBORNA
10210087,SMP SWASTA MULIA PRATAMA,0618362402,smps.muliapratama@gmail.com,A,205,20,YAYASAN PENDIDIKAN NASIONAL MULIA PRATAMA,KOTA MEDAN,KEC. MEDAN TUNTUNGAN,JL. JAHE RAYA NO. 1 PERUMNAS SIMALINGKAR MEDAN
10259559,SMP SWASTA PEMBANGUNAN NASIONAL,081362314666,smppembangunannasional@gmail.com,B,21,7,YAYASAN PERGURUAN PEMBANGUNAN NASIONAL,KOTA MEDAN,KEC. MEDAN TEMBUNG,JL. PUKAT BANTING II NO.2
10202538,SMP SWASTA PEMBANGUNAN SAIT BUNTU PAM.SIDAMANIK,,smpswastapembangunan@gmail.com,B,60,14,SMP SWASTA PEMBANGUNAN SAIT BUNTU,KAB. SIMALUNGUN,KEC. PAMATANG SIDAMANIK,SAIT BUNTU
10201056,SMP SWASTA NASIONAL NAMU TERASI,08126588495,nlingga04@gmail.com,A,96,8,NASIONAL NAMOTERASI,KAB. LANGKAT,KEC. SEI BINGAI,JL. LINGGA PASAR IV NAMU TERASI
10257713,SMP METHODIST 9,081260498797,jannessitohang@yahoo.com,B,83,8,YAYASAN PENDIDIKAN GEREJA METHODIST INDONESIA WILAYAH-1,KOTA MEDAN,KEC. MEDAN TEMBUNG,JL. TADUAN NO. 114 MEDAN
69991680,SMP SWASTA ISLAM TERPADU AN NAFIS,,smpit.annafistm@gmail.com,A,183,16,YAYASAN ISLAM TERPADU AN-NAFIS,KAB. SERDANG BEDAGAI,KEC. TELUK MENGKUDU,JL. DUSUN II
10211046,SMP SWASTA TUT WURI HANDAYANI,,smp_tutwurihandayani@yahoo.com,B,40,8,YAYASAN PERGURUAN TUT WURI HANDAYANI,KOTA MEDAN,KEC. MEDAN DELI,JL. MANGAAN III GG. PELAJAR NO. 25
70010724,SMP IT DARUSSALAM,085262494470,,B,94,9,YAYASAN PENDIDIKAN ALIGHAR,KAB. LANGKAT,KEC. SELESAI,DUSUN V PASAR 8
10257736,SMP SWASTA ZAKIYUN NAJAH,082274161208,smpzakiyunnajah2007@yahoo.com,B,96,14,PONDOK PESANTREN ZAKIYUN NAJAH,KAB. SERDANG BEDAGAI,KEC. SEI RAMPAH,JL.NEGARA KM 57
10220256,SMP SWASTA SANTA MARIA TARUTUNG,063321979,santamariatarutung@gmail.com,A,646,36,YAYASAN PENDIDIKAN KATOLIK SANTO YOSEPH MEDAN,KAB. TAPANULI UTARA,KEC. TARUTUNG,JL. D.I. PANJAITAN
70058407,SMP SWASTA IT UMMU KULTSUM,,,,14,10,HARAPAN AULIA KHALISAH,KAB. ASAHAN,KEC. AEK LEDONG,JL. FLAMBOYAN DESA LEDONG BARAT
10210023,SMP SWASTA SANTO PAULUS,0616841356,smpsantopaulus_martubung@yahoo.co.id,A,181,13,YAYASAN PERGURUAN SANTO PAULUS MARTUBUNG,KOTA MEDAN,KEC. MEDAN LABUHAN,"JL. PANCING I NO. 9 KEL. BESAR, KEC. MEDAN LABUHAN"
10210068,SMP ERA IBANG,0618364126,smpseraibang@gmail.com,B,66,10,YAYASAN PERGURUAN ERA IBANG (YAPERI),KOTA MEDAN,KEC. MEDAN JOHOR,JL. SIMALINGKAR KWALA BEKALA
69982010,SMP ISLAM TERPADU AL-ULUM,085265771664,smpalulumbesitang@gmail.com,B,82,10,YAYASAN PENDIDIKAN MIFTAHUL ULUM,KAB. LANGKAT,KEC. BESITANG,JL.SIMPANG LIMA
69733940,SMP SWASTA PAULY MANDIRI,,smppaulymandiri@gmail.com,C,33,5,YAYASAN PENDIDIKAN PAULY MANDIRI,KAB. DELI SERDANG,KEC. TANJUNG MORAWA,JL. BATANG KUIS GG. SOPONYONO UJUNG DUSUN II DESA BUNTU BEDIMBAR
10201034,SMP SWASTA KARYAWAN TURANGIE,081370730161,smpswastakaryawanturangie@gmail.com,B,179,11,YAYASAN PENDIDIKAN LANGKAT DISTRIK,KAB. LANGKAT,KEC. BOHOROK,SEI BATU CEMERLANG NO.2 TURANGIE BARU
70014659,SMP IT AL MAIDANI,,smpitalmaidani70014659@gmail.com,C,145,15,AL FALAH MIZAN SERDANG BEDAGAI,KAB. SERDANG BEDAGAI,KEC. PERBAUNGAN,DUSUN SUKUN
10205168,SMP S MUHAMMADIYAH-24 AEK KANOPAN,081361068545,smpmuhammadiyah24ak@gmail.com,B,279,22,PIMPINAN DAERAH MUHAMMADIYAH (PDM) KAB. LABUHAN BATU UTARA,KAB. LABUHANBATU UTARA,KEC. KUALUH HULU,JL. KH. AHMAD DAHLAN NO. 16 AEK KANOPAN
10257925,SMP SWASTA BERSINAR,081262703939,smpswastabersinar@gmail.com,C,64,5,YAYASAN BERSINAR,KAB. DELI SERDANG,KEC. PERCUT SEI TUAN,JL. PERKUSINO. 25 DUSUN III-A SELAMBO
10257731,SMP PEMBANGUNAN PERBAUNGAN,085362787882,smppembangunan1977@gmail.com,B,91,15,PERGURUAN PEMBANGUNAN PERBAUNGAN,KAB. SERDANG BEDAGAI,KEC. PERBAUNGAN,JLN. STASIUN NO.5
10239060,SMP WASHLIYANI,082304106622,washliyanismp@gmail.com,B,84,11,YAYASAN PENDIDIKAN WASHLIYANI ALMADIN,KOTA MEDAN,KEC. MEDAN LABUHAN,JL. PANCING V LINGKUNGAN III GG. WASHLIYANI NO. 1
10211761,SMP KRISTEN KALAM KUDUS,,smpkkps@yahoo.co.id,A,455,33,YAYASAN KALAM KUDUS INDONESIA CABANG PEMATANGSIANTAR,KOTA PEMATANGSIANTAR,KEC. SIANTAR TIMUR,JL. DALIL TANI II NO. 114
69821199,SMP SWASTA BAITUL AZIZ,081260500278,smpswastabaitulaziz@gmail.com,B,125,11,YP.BAITUL AZIZ,KAB. DELI SERDANG,KEC. PERCUT SEI TUAN,JL. PUSAKA / MUARA KOLAM NO. 313
10205158,SMP S BINA INSAN SIGAMBAL,,smpbinainsan28@gmail.com,C,39,6,,KAB. LABUHANBATU,KEC. RANTAU SELATAN,JL. H.M SAID
69967791,SMP SWASTA PENGHARAPAN,085270593061,smppengharapanmarindal2@gmail.com,B,93,9,LEMBAGA PENDIDIKAN INDONESIA-JERMAN,KAB. DELI SERDANG,KEC. PATUMBAK,JL. PASAR IV
10211781,SMP YP HKBP 1,082363353134,smphkbp1@yahoo.co.id,B,61,12,YAYASAN PENDIDIKAN HURIA KRISTEN BATAK PROTESTAN PEMATANG SIANTAR,KOTA PEMATANGSIANTAR,KEC. SIANTAR SELATAN,JL. GEREJA NO 24
10262018,SMP NURUL HADINA,08116074656,ypinurulhadina01@gmail.com,A,277,19,YAYASAN PERGURUAN ISLAMIYAH NURUL HADINA,KAB. DELI SERDANG,KEC. PATUMBAK,JL. PERTAHANAN KOMPLEK PERUMDAM NO. 93
10212438,SMP SWASTA MUHAMMADIYAH,,smpmuhammadiyah44tanjungbalai@gmail.com,B,41,8,PIMPINAN DAERAH MUHAMMADIYAH (PDM) KOTA TANJUNG BALAI,KOTA TANJUNG BALAI,KEC. TANJUNG BALAI SELATAN,JL. TAQWA NO.38
70062485,SMP IKHWATUL MUKMININ,,,,,0,,KAB. LABUHANBATU UTARA,KEC. NA. IX-X,"JL. LINTAS SIMONIS, DUSUN ADIAN KULIM"
10207045,SMPS KESUMA BANGSA,082160272097,smpswastakesumabangsa@gmail.com,B,130,14,YAYASAN PENDIDIKAN PERKEBUNAN NUSANTARA IV,KAB. PADANG LAWAS,KEC. HUTA RAJA TINGGI,EMPLASMEN PTPN - IV KEBUN SOSA
70047599,SMP SWASTA  IT BINA INSAN LUBUK PAKAM,,smpitbinainsanlubukpakam@gmail.com,,104,16,BINA INSAN,KAB. DELI SERDANG,KEC. LUBUK PAKAM,JL. MESJID I DESA SEKIP
10210065,SMP SWASTA GAJAH MADA,0614514978,ypgajahmada19@gmail.com,A,99,18,YAYASAN PERGURUAN GAJAH MADA SUMATERA UTARA,KOTA MEDAN,KEC. MEDAN TIMUR,JL. H. M. SAID NO. 19
70039083,SMP SWASTA IT MUHAMMADIYAH AEK KUASAN,,smpitmuhammadiyahaekkuasan@gmail.com,B,78,9,PIMPINAN DAERAH MUHAMMADIYAH (PDM) KAB. ASAHAN,KAB. ASAHAN,KEC. AEK KUASAN,JL. GERILYA DESA AEK LOBA AFDELING I
70061365,SMP SWASTA IT AZKA ALFALAH,,,,14,3,YAYASAN KHALIFAH AZKA ALFALAH,KAB. ASAHAN,KEC. AIR JOMAN,DUSUN V DESA PUNGGULAN
10211362,SMP SWASTA TELADAN,8822979,smpteladanbinjai@gmail.com,B,12,5,YAYASAN TELADAN BINJAI,KOTA BINJAI,KEC. BINJAI KOTA,JL. TELADAN
10258409,SMP SWASTA AGIOS NIKOLAUS,081269533981,smp.agiosnikolaos@gmail.com,B,89,9,YAYASAN SAHABAT IMAN ORTHODOX INDONESIA,KOTA GUNUNGSITOLI,KEC. GUNUNGSITOLI,"JL. YOSSUDARSO KM.4,5 GUNUNGSITOLI"
69956517,SMP PUSAKA BANDAR KLIPPA,08126095169,smppusakabandarklippa@gmail.com,B,293,10,YAYASAN PERGURUAN CAHAYA PUSAKA BANGSA,KAB. DELI SERDANG,KEC. PERCUT SEI TUAN,JL. PUSAKA DUSUN XVIII NO. 417
70004424,SMP ISLAM TERPADU HAMID HAMKA,,,B,127,11,YAYASAN HAMID HAMKA,KAB. MANDAILING NATAL,KEC. BUKIT MALINTANG,MALINTANG JAE
10201135,SMP SWASTA TAMAN SISWA,081396942220,smp.tamsis.sws@gmail.com,B,170,11,PERSATUAN PERGURUAN TAMANSISWA CABANG SAWIT SEBERANG,KAB. LANGKAT,KEC. SAWIT SEBERANG,SAWIT SEBERANG
69953552,SMP SWASTA TAMAN SISWA PADANG TUALANG,,smp.tamsis.patul@gmail.com,A,166,11,PERSATUAN PERGURUAN TAMANSISWA CABANG PADANG TUALANG,KAB. LANGKAT,KEC. PADANG TUALANG,JL. BATANG SERANGAN
10202519,SMP SWASTA METHODIST,062296194,smpmethodistperdagangan@gmail.com,B,83,5,YAYASAN PERGURUAN KRISTEN METHODIST IMMANUEL PERDAGANGAN,KAB. SIMALUNGUN,KEC. BANDAR,JL.GEREJA NO.62 PERDAGANGAN
70037362,SMP IT MIFTAHUL KHOIR,081370831919,smpitmiftahulkhoiralmarbawy@gmail.com,B,106,23,YAYASAN MIFTAHUL KHOIR AL MARBAWY LABUHANBATU UTARA,KAB. LABUHANBATU UTARA,KEC. MARBAU,JL. AHMAD YANI NO. 88
70043746,SMP SWASTA IQ AL-BUKHORI,0895333150065,smpiqalbukhari@gmail.com,B,43,6,YAYASAN KELUARGA BUKHARI USMAN,KAB. SERDANG BEDAGAI,KEC. SEI RAMPAH,JLN. PENDIDIKAN DUSUN III
69888522,SMP ROKITA SARI 2 BANDAR GUGUNG,,,C,19,11,YAYASAN PERGURUAN ROKITA SARI,KAB. DELI SERDANG,KEC. BANGUN PURBA,JL. PERLUASAN NO. 8 DUSUN I
70014262,SMP SWASTA PELANGI BUDI MANDIRI,,,A,41,7,PERKUMPULAN LEMBAGA PELANGI BUDI MANDIRI,KOTA MEDAN,KEC. MEDAN PETISAH,JL SAMPUL NO 29
69896004,SMP SWASTA MENTARI BANGSA,0614577289,smpsmentaribgsmdn@gmail.com,A,223,16,YAYASAN PENDIDIKAN MENTARI BANGSA,KOTA MEDAN,KEC. MEDAN PERJUANGAN,JALAN SULANG SALING NO. 7
10210204,SMP AL WASHLIYAH AMPERA II,082370056519,smpawampera2@gmail.com,B,212,14,PERKUMPULAN AL JAMI'ATUL WASHLIYAH,KOTA MEDAN,KEC. MEDAN HELVETIA,JL. ASRAMA  AMPERA II
69979030,SMP SWASTA PERGURUAN RA. KARTINI,,,TIDAK TERAKREDITASI,1,2,YAYASAN RADEN ADJENG KARTINI PERCUT SEI TUAN,KAB. DELI SERDANG,KEC. PERCUT SEI TUAN,JL. MAKMUR GG. TANJUNG 17 NO. 68 SAMBIREJO TIMUR
69733915,SMP SWASTA AL-KAFFAH,081362073761,smpit_alkaffahbinjai@ymail.com,B,169,18,YAYASAN WAKAF AL KAFFAH BINJAI,KOTA BINJAI,KEC. BINJAI SELATAN,JL. JAMIN GINTING NO. 131
10210136,SMP SWASTA METHODIST-2 MEDAN,0614565281,kusnomcw@gmail.com,A,732,27,YAYASAN PENDIDIKAN KRISTEN METHODIST THAMRIN,KOTA MEDAN,KEC. MEDAN KOTA,JALAN M. H. THAMRIN NO. 96 MEDAN
10213985,SMP SWASTA PABRI BERANTI,083164529585,hsofyan77@yahoo.com,B,47,9,YPN.PABRI,KAB. DELI SERDANG,KEC. STM HILIR,DUSUN BERANTI SIGUCI STM HILIR
70024477,SMPIT UMMU MARDIYAH,,,B,59,9,PENDIDIKAN BUDI UTOMO BINJAI,KOTA BINJAI,KEC. BINJAI BARAT,JL. T AMALUDDIN
69907567,SMP SWASTA ISLAM TERPADU NURUL IKHWAN,081375506555,nurulikhwanyp@gmail.com,B,63,11,YAYASAN PEMBANGUNAN PANTAI CERMIN,KAB. SERDANG BEDAGAI,KEC. PANTAI CERMIN,DUSUN IV DESA PANTAI CERMIN KANAN
10201082,SMP SWASTA YAYASAN PERGURUAN BERDIKARI,,smpsberdikari@gmail.com,B,70,14,SMP SWASTA BERDIKARI,KAB. LANGKAT,KEC. SERAPIT,JLN.JAMIN GINTING NO.3 TJ.KERIAHEN
10211997,SMP SWASTA DAR ALFALAH,,,B,71,6,PERGURUAN DAAR AL FALAH,KOTA TANJUNG BALAI,KEC. TANJUNG BALAI SELATAN,JL. JEND SUDIRMAN
69969438,SMP SWASTA INDAH MAJU JAYA,085369030707,smpswastaindahmajujaya@yahoo.com,A,87,8,YAYASAN INDAH MAJU JAYA GROUP,KAB. LANGKAT,KEC. BATANG SERANGAN,DUSUN RUMAH SEKOLAH
69967486,SMP SWASTA IT IKHWANUL MUSLIMIN,08126539481,khoirulramadhan4@gmail.com,B,254,16,YAYASAN PENDIDIKAN IKHWANUL MUSLIMIN II,KAB. DELI SERDANG,KEC. PERCUT SEI TUAN,JL. MEDAN BT. KUIS DUSUN XIII JATILUHUR II NO. 17B
10257692,SMP SWASTA MUHAMMADIYAH 06 MEDAN,082370396734,smpmuhammadiyahbelawan@gmail.com,B,644,23,PIMPINAN DAERAH MUHAMMADIYAH (PDM) KOTA MEDAN,KOTA MEDAN,KEC. MEDAN KOTA BELAWAN,"JL. MEDAN BELAWAN KM.22,5 KOMPLEK MASJID RAYA TAQWA BELAWAN"
69989134,SMP ISLAM TERPADU AL-AKRAM,085260689080,akmal.akram85@gmail.com,C,63,8,,KAB. DELI SERDANG,KEC. HAMPARAN PERAK,JL. BESAR KLUMPANG KEBUN DUSUN XVII KARANG SARI
70061852,SMP SWASTA PEMBINA SINAR FANAYAMA,,,,,3,,KAB. NIAS SELATAN,KEC. FANAYAMA,DESA BAWOFANAYAMA
69827642,SMP IT ALI BIN ABU THOLIB,081361022569,smpit.alibinabutholib@gmail.com,B,157,8,PENDIDIKAN ISLAM DAN DAKWAH GENERASI TERBAIK BANGSA,KAB. DELI SERDANG,KEC. TANJUNG MORAWA,JL. AMIR HAMZAH GG. ALI BIN ABI THOLIB DUSUN V
69734012,SMP SWASTA LENTERA HARAPAN,0617326799,smp.lenteraharapan@yahoo.com,B,160,10,YAYASAN PENDIDIKAN PELITA HARAPAN TANGERANG,KOTA MEDAN,KEC. MEDAN TEMBUNG,JL MESTIKA (PUKAT BANTING II) NO 37 - MANDALA BY PASS
70058970,SMP ALAM ISLAM TERPADU AN NAAS,,zulkheirisiregar80@gmail.com,,34,5,YAYASAN AN NAAS,KOTA MEDAN,KEC. MEDAN JOHOR,JL EKA SUKA XIV NO 11
70042367,SMP IT AL - YASIRIYAH BERSAUDARA,,yaspenalyasiriyahbersaudara@gmail.com,B,31,10,YAYASAN YASIRIYAH BERSAUDARA,KAB. DELI SERDANG,KEC. PERCUT SEI TUAN,JL. ENGGANG RAYA NO. 55
69962148,SMP PAB 23 BANDAR KLIPPA,085270262984,smppabbandarklippa@yahoo.co.id,C,188,11,PERKUMPULAN AMAL BAKTI  SUMATERA UTARA,KAB. DELI SERDANG,KEC. PERCUT SEI TUAN,JL. PUSAKA PASAR XIII
70011321,SMP SWASTA BUNAYYA SIBOLGA,082284994386,bunayyasmp@gmail.com,A,52,9,YAYASAN PENDIDIKAN HARAPAN UMMAT SIBOLGA,KOTA SIBOLGA,KEC. SIBOLGA SELATAN,"JL. WALET, AEK PAROMBUNAN, SIBOLGA SELATAN, KOTA SIBOLGA"
69963629,SMP SWASTA BAKTI II,0616622077,smpsbakti2@gmail.com,B,335,12,YAYASAN PERGURUAN BAKTI,KOTA MEDAN,KEC. MEDAN DELI,JL. KELADI NO. 61
69944642,SMP SWASTA CARNEGIE,085261324159,carnegieschoolsmp@gmail.com,B,108,6,YAYASAN BINA INSAN NEGARA,KOTA MEDAN,KEC. MEDAN AREA,JL. EMAS NO. 10
10257670,SMP JAMBI MEDAN,061738383936,smpswastajambi04@gmail.com,B,93,11,SMP SWASTA JAMBI MEDAN,KOTA MEDAN,KEC. MEDAN TEMBUNG,JL. PERTIWI NO.116 MEDAN
70031657,SMP IT PERMATA FIRDAUS,082213629427,,A,128,14,PERGURUAN MA'RIFATU ATTARBIYAH,KAB. SERDANG BEDAGAI,KEC. SEI RAMPAH,DUSUN IV
69969823,SMP SWASTA IT AD DURRAH,06142732158,smpitaddurrahmedan@gmail.com,A,418,39,YAYASAN PENDIDIKAN AD DURRAH,KOTA MEDAN,KEC. MEDAN MARELAN,"JL. MARELAN RAYA PASAR IV, JL. SELAMAT II NO. 7-B"
70005382,SMP SWASTA ALAM LEUSER,,,B,39,10,YAYASAN PENDIDIKAN LEUSER,KAB. LANGKAT,KEC. BESITANG,JL.DUSUN KODAM BAWAH
70043728,SMP SWASTA GALILEO PLUS MABAR,085379580582,welshagalileony@gmail.com,A,114,11,PAUD GALILEO PLUS,KOTA MEDAN,KEC. MEDAN DELI,JL MANGAAN I LINK VIII
10208529,SMP SWASTA BONAPASOGIT SEJAHTERA,063221310,smpb.sejahtera@gmail.com,A,427,27,YAYASAN BONAPASOGIT SEJAHTERA,KAB. TOBA,KEC. PARMAKSIAN,JL.PROF.DR.IR.BISUK SIAHAAN
10260296,SMP SWASTA TIARA,081397148940,smpswastatiara@gmail.com,B,275,10,YAYASAN PENDIDIKAN AISYAH,KAB. DELI SERDANG,KEC. PERCUT SEI TUAN,JL. LAPANGAN DUSUN VII NO. 1 PASAR 15
10210218,SMP SWASTA BAKTI,082247399528,baktismp23@gmail.com,B,72,8,YAYASAN PERGURUAN BAKTI,KOTA MEDAN,KEC. MEDAN TIMUR,JL. PERJUANGAN NO. 7
10260935,SMP SWASTA AL WASHLIYAH 40 TITI PUTIH,081361581273,smpaljamiyatulwashliyah40@gmail.com,C,88,12,AL-JAM'IYATUL  WASHLIYAH,KAB. BATU BARA,KEC. LIMA PULUH PESISIR,JL. H. HUSIN USMAN NO.8 DUSUN II DESA PASIR PERMIT
10220896,SMP SWASTA ASUHAN JAYA,0616626084,smpasuhanjaya@yahoo.com,B,124,9,YAYASAN PERGURUAN ASUHAN,KOTA MEDAN,KEC. MEDAN DELI,JL. KAYU PUTIH KEL. TANJUNG MULIA HILIR
10211013,SMP SWASTA SULTAN ISKANDAR MUDA,8457702,smpsim88@gmail.com,A,921,45,YAYASAN PERGURUAN SULTAN ISKANDAR MUDA,KOTA MEDAN,KEC. MEDAN SUNGGAL,JL.SUNGGAL GG.BAKUL LINGKUNGAN XI
10202013,SMP SWASTA BERSAMA BERASTAGI,062893726,smpbersamaberastagi@yahoo.co.id,B,97,10,YAYASAN PERGURUAN BERSAMA BERASTAGI,KAB. KARO,KEC. BERASTAGI,JL JAMIN GINTING SIMPANG UJUNG AJI BERASTAGI
10264652,SMP SWASTA MADANI MARINDAL I,08126365102,smpmadanimarindal@gmail.com,B,148,14,YAYASAN PENDIDIKAN MADANI MARINDAL I,KAB. DELI SERDANG,KEC. PATUMBAK,JL. PANTAI RAMBUNG GG. CAKRA 2 PASAR III DESA MARINDAL I
69820128,SMP BERSUBSIDI BUDI SUKAMAJU,081361123045,smpbersubsidibudisukamaju@gmail.com,B,148,16,SMP BERSUBSIDI BUDI SUKAMAJU,KAB. DELI SERDANG,KEC. SUNGGAL,JL. BANDAR MERIAH DESA SUKAMAJU
69733912,SMP SWASTA AL-FITYAH,082168152157,smpitalfityahbinjai@gmail.com,A,158,20,SIT AL-FITYAH BINJAI,KOTA BINJAI,KEC. BINJAI BARAT,JL. LET.UMAR BAKI LK. IV
10211359,SMP SWASTA MUHAMMADIYAH 56,0618828826,,B,201,15,PIMPINAN DAERAH MUHAMMADIYAH (PDM) KOTA BINJAI,KOTA BINJAI,KEC. BINJAI TIMUR,JALAN DANAU TEMPE NOMOR  40
10211031,SMP SWASTA SUTOMO 1,0614516054,smp@sutomo-mdn.sch.id,A,1921,87,YAYASAN PERGURUAN SUTOMO MEDAN,KOTA MEDAN,KEC. MEDAN KOTA,JL. MARTINUS LUBIS NO. 7
10260118,SMP SWASTA PTPN IV GUNUNG BAYU,082277620224,smpsptpnivgunungbayu@yahoo.com,B,38,9,YAYASAN PENDIDIKAN PERKEBUNAN NUSANTARA IV,KAB. SIMALUNGUN,KEC. BOSAR MALIGAS,PTPN IV GUNUNG BAYU
69896889,SMP SWASTA TUNAS BANGSA BAH GUNUNG,081396412692,tunasbangsa@yahoo.com,C,62,7,,KAB. SIMALUNGUN,KEC. BANDAR HULUAN,JALAN HUTA 3 BAH GUNUNG
10204034,SMP SWASTA DAERAH AIR JOMAN,,smp.daerah_ajo@yahoo.co.id,B,56,9,YAYASAN PENDIDIKAN SWASTA DAERAH AIR JOMAN,KAB. ASAHAN,KEC. AIR JOMAN,PASAR XII BINJAI SERBANGAN
10260246,SMP SWASTA SHINTA JAYA SEI PINANG,082163951747,shintajaya777@yahoo.com,C,30,7,YAYASAN SHINTA JAYA,KAB. LABUHANBATU UTARA,KEC. KUALUH HILIR,SEI PINANG
10205174,SMP KUALUH AEK KANOPAN,062492593,smps.kualuh@yahoo.com,B,98,14,YAYASAN PENDIDIKAN KUALUH LABUHANBATU UTARA,KAB. LABUHANBATU UTARA,KEC. KUALUH HULU,JL. ANGKATAN 66 AEK KANOPAN
69967213,SMP SWASTA ISLAM TERPADU KHOIRU UMMAH BATU BARA,082166624993,smpitkubatubara@gmail.com,B,18,7,YAYASAN PENDIDIKAN TAHFIZD QUR'AN KHOIRU UMMAH BATU BARA,KAB. BATU BARA,KEC. LIMA PULUH PESISIR,JL. MUHAMMAD SALEH AGUNG DUSUN II
10259120,SMP PERGURUAN KEBANGSAAN,0617343073,ernatalumbangaoul99@gmail.com,B,128,9,YAYASAN PENDIDIKAN KEBANGSAAN SUMATERA UTARA,KOTA MEDAN,KEC. MEDAN DENAI,JL. PERGURUAN TINGGI SWADAYA NO. 3
10211763,SMP SWASTA KARTIKA 1-4,062224159,smpkartikapematangsiantar@gmail.com,A,183,18,YAYASAN KARTIKA JAYA CABANG I BUKIT BARISAN,KOTA PEMATANGSIANTAR,KEC. SIANTAR BARAT,JLN KARTINI NO. 8 PEMATANGSIANTAR
10201957,SMP SWASTA METHODIST KABANJAHE,,smpmethodistkabanjahe3@gmail.com,A,461,28,YAYASAN KRISTEN METHODIST FILIPI KABANJAHE,KAB. KARO,KEC. KABANJAHE,JLN. SAMURA
70041714,SMP PLUS ISLAM TERPADU PADANGSIDIMPUAN,082124261854,smpplusislamterpadupsp@gmail.com,B,140,12,YAYASAN KELUARGA BESAR H.M SOMAN DAULAY,KOTA PADANG SIDEMPUAN,KEC. BATU NADUA,JL. PARDOMUAN LINGKUNGAN I AEK TUHUL
10201138,SMP SWASTA SRI LANGKAT,0618960216,smpsrilangkat@ymail.com,B,62,5,YAYASAN PENDIDIKAN SERI LANGKAT,KAB. LANGKAT,KEC. TANJUNG PURA,JL. MADRASAH NO. 7
10205267,SMP PEMBANGUNAN SILANGKITANG,081397957234,smppembangunan1987@gmail.com,B,61,9,PERGURUAN PEMBANGUNAN,KAB. LABUHANBATU SELATAN,KEC. SILANGKITANG,SILANGKITANG
10206501,SMP SW MUHAMMADIYAH 27,081362365504,smpswastamuhammadiyah27@gmail.com,B,94,15,PIMPINAN DAERAH MUHAMMADIYAH (PDM) KAB. TAPANULI TENGAH,KAB. TAPANULI TENGAH,KEC. SORKAM BARAT,JL MESJID TAQWA
10201084,SMP SWASTA AL WASHLIYAH 18,085370741114,smpaw18hinai@yahoo.com,C,3,7,MPK PW AL-WASHLIYAH,KAB. LANGKAT,KEC. HINAI,JALAN PENDIDIKAN
10220443,SMP SWASTA LETNAN JENDRAL JAMIN GINTING,062892178,smpletjen@yahoo.com,B,215,14,YAYASAN PERGURUAN NASIONAL LETJEN JAMIN GINTING,KAB. KARO,KEC. BERASTAGI,JL. VETERAN GANG SERASI NO 88 BERASTAGI
10213959,SMP SWASTA DHARMA KARYA,0617952926,smp_dharmakarya@yahoo.co.id,B,240,17,YAYASAN PERGURUAN DHARMA KARYA,KAB. DELI SERDANG,KEC. BERINGIN,JL. PANTAI LABU SIDODADI RAMUNIA
10211022,SMP PGRI 4 MEDAN,081375302424,pgrimedan4@gmail.com,B,96,12,PERWAKILAN YPLP PGRI PROVINSI SUMATERA UTARA,KOTA MEDAN,KEC. MEDAN KOTA,JL. TURI NO. 96 MEDAN
10202576,SMP SWASTA GKPS 6 H.HORISAN,081375891548,smpgkps6@yahoo.com,B,162,13,YAYASAN PENDIDIKAN GKPS,KAB. SIMALUNGUN,KEC. HARANGGAOL HORISON,BANDAR SARIBU
10202745,SMP SWASTA ALJAMIATUL WASHLIYAH,085372618432,aidil.sidragon@gmail.com,B,155,12,PERGURUAN AL JAMIATUL WASHLIYAH MARIHAT BANDAR,KAB. SIMALUNGUN,KEC. BANDAR,DEPAN PEKAN SIMPANG DOLOK SINUMBAH
10204022,SMP ALWASHLIYAH 22 PONDOK BUNGUR,081376222045,alwashliyah22@gmail.com,B,29,10,HJ. ABASRI,KAB. ASAHAN,KEC. RAWANG PANCA ARGA,JL. PROTOKOL PASAR 3 PONDOK BUNGUR
70041417,SMP IT ASH - SHIDDIQIN,081361760717,smpitashsiddiqin@gmail.com,B,22,9,YAYASAN PERSIS ASH SIDDIQIN HAMPARAN PERAK,KAB. DELI SERDANG,KEC. HAMPARAN PERAK,JL. LANGGAR NO. 88 DUSUN VII
70035089,SMP SWASTA ISLAM DAARUL SYUHADA,,,C,62,12,YAYASAN DAARUL SYUHADA INDONESIA,KOTA TEBING TINGGI,KEC. PADANG HULU,"JL. DANAU BELAIAN, KM. 4"
10259133,SMP SWASTA ANUGERAH PARULIAN,0627424489,smp.anugerah@yahoo.co.id,B,25,10,,KAB. DAIRI,KEC. SITINJO,"JL. SIDIKALANG-MEDAN KM 6,5 PANI BAKO"
10202009,SMP SWASTA ADVENT SUMBUL,062822087,neil_elmondo_sitompul@yahoo.com,C,66,5,YAYASAN PENDIDIKAN GEREJA MASEHI ADVENT HARI KETUJUH SUMBUL,KAB. KARO,KEC. KABANJAHE,JL. JAMIN GINTING NO. 7A
10258491,SMP SWT.ETIS LANDIA,,smpetislandiamedan@gmail.com,B,95,15,YAYASAN PERGURUAN NASIONAL ETIS LANDIA,KOTA MEDAN,KEC. MEDAN HELVETIA,JL.GAPERTA UJUNG GG BERKAT NO 32
10204154,SMP SWASTA NASIONAL PETATAL,,yapenaspetatal@yahoo.com,B,212,17,YAYASAN PERGURUAN NASIONAL,KAB. BATU BARA,KEC. DATUK TANAH DATAR,JLN. SIMPANG TELUK BAYUR DESA PETATAL
10211352,SMP SWASTA SATRIA,,satriasmps503@gmail.com,B,20,5,YAYASAN PENDIDIKAN SATRIA NUSANTARA,KOTA BINJAI,KEC. BINJAI TIMUR,"JL. SOEKARNO-HATTA KM. 19,5 BINJAI"
10258178,SMP SWASTA KRISTEN BNKP PULAU TELLO,081375009961,bnkptello27@gmail.com,C,284,20,YAYASAN PERGURUAN BNKP PULAU-PULAU BATU,KAB. NIAS SELATAN,KEC. PULAU-PULAU BATU,PULAU-PULAU BATU
70041492,SMP SWASTA PERSIAPAN NEGERI 4 ULU SUSUA,081360843625,smppersiapannegeri4ulususua@gmail.com,TIDAK TERAKREDITASI,51,11,YAYASAN PENDIDIKAN ULUSUSUA BERSATU,KAB. NIAS SELATAN,KEC. ULUSUSUA,ORUDUA SIBOHOU
10210206,SMP SWASTA AL WASHLIYAH 8,0617880711,alwashliyah8medan@gmail.com,A,299,26,PERKUMPULAN AL JAMI'ATUL WASHLIYAH,KOTA MEDAN,KEC. MEDAN AMPLAS,"JL. SISINGAMANGARAJA KM. 5,5 KAMPUS UNIVA"
10210073,SMPS DIANA,082164071144,smpswastadiana@gmail.com,C,19,6,YAYASAN PERGURUAN DIANA,KOTA MEDAN,KEC. MEDAN AREA,JL. AR. HAKIM GG. PENDIDIKAN
10211805,SMP CINTA RAKYAT 1,,smpcintarakyatsatu@ymail.com,A,1031,49,YAYASAN PENDIDIKAN KATOLIK SANTO YOSEPH MEDAN,KOTA PEMATANGSIANTAR,KEC. SIANTAR SELATAN,JL.SIBOLGA NO.21 PEMATANGSIANTAR
70010705,SMP PLUS MUHAMMADIYAH 63 SEI SUKA,,smpmuhammadiyah63seisuka@gmail.com,B,51,11,PIMPINAN DAERAH MUHAMMADIYAH (PDM) KAB. BATUBARA,KAB. BATU BARA,KEC. SEI SUKA,DUSUN 1
10260395,SMP SWASTA MUHAMMADIYAH PERDAGANGAN,0622697039,smpmuhammadiyahperdagangan@gmail.com,B,273,10,PIMPINAN DAERAH MUHAMMADIYAH (PDM) KAB. SIMALUNGUN,KAB. SIMALUNGUN,KEC. BANDAR,JL. STADION NO. 3 PERDAGANGAN
69960937,SMP LIFE SKILL AL-HIDAYAH,082364315378,smpsalhidayah1@gmail.com,B,67,5,KHAIRUL GHAZALI SUMATERA UTARA,KAB. DELI SERDANG,KEC. KUTAIIMBARU,JL. DUSUN IV
10213825,SMP PERGURUAN NASIONAL AMIR HAMZAH,0617349361,smpamirhamzah84@yahoo.com,B,175,7,YAYASAN PERGURUAN NASIONAL AMIR HAMZAH,KAB. DELI SERDANG,KEC. PERCUT SEI TUAN,JL PERTAHANAN UJUNG   SIMPANG BEO
10220505,SMP SWASTA TIGA BUKIT,082236533595,smpsw3bukit@gmail.com,C,109,4,SMP SWASTA TIGA BUKIT,KAB. TAPANULI TENGAH,KEC. BARUS,JL. PERJUANGAN NO. 55
10263523,SMP SWASTA TUNAS MANDIRI,081361720778,tunasmandiri262@gmail.com,C,102,11,TUNAS MANDIRI,KAB. LANGKAT,KEC. TANJUNG PURA,LANGKAT
69877344,SMP SWASTA FAJAR MAS LASORI II,,smpfajarmas14@gmail.com,C,82,12,YAYASAN PERGURUAN FAJAR MAS BAWONAURU,KAB. NIAS SELATAN,KEC. SOMAMBAWA,DESA GOLAMBANUA II
10207046,SMP SWASTA EKA PENDAWA SAKTI,082250905318,smpeps0@gmail.com,A,177,11,YAYASAN INTI KASIH ABADI,KAB. PADANG LAWAS UTARA,KEC. SIMANGAMBAT,PERKEBUNAN PT. ANJ AGRI SIMANGAMBAT
10202560,SMP SWASTA 2 BUDI UTOMO,081376619193,smpbudiutomo2@gmail.com,B,80,12,YAYASAN BUDI UTOMO,KAB. SIMALUNGUN,KEC. GUNUNG MALIGAS,HUTA II BANDAR MALELA
70059938,SMP IT AGUNG PERSADA,087873454207,smpitagungpersada047@gmail.com,C,60,3,AGUNG PERSADA,KAB. DELI SERDANG,KEC. PERCUT SEI TUAN,JALAN PENDIDIKAN DUSUN VIII ANGSANA
69964736,SMP SWASTA PUTRA LANGKAT,085297244453,smpputralangkat@gmail.com,C,176,9,YAYASAN PENDIDIKAN TELAGA SAID,KAB. LANGKAT,KEC. SEI LEPAN,JL.KRAMAT JAYA DUSUN II
69953949,SMP ISLAM TERPADU AL-FAKHRI,06180030630,smpitalfakhri@gmail.com,B,196,15,YAYASAN PENDIDIKAN ISLAM AL FAKHRI,KAB. DELI SERDANG,KEC. SUNGGAL,JL. SEI MENCIRIM DUSUN III
10210083,SMP SWASTA NASRANI 5,081397623811,smp.nasrani5@gmail.com,A,135,14,PERKUMPULAN PERGURUAN NASRANI MEDAN,KOTA MEDAN,KEC. MEDAN KOTA,JL. TURI NO. 108
69978640,SMP ISLAM JAFAR MUSLIM,,smpislamjafarmuslim2018@gmail.com,A,194,15,YAYASAN JA'FAR MUSLIM,KAB. LABUHANBATU,KEC. BILAH HULU,DUSUN LINGGA TIGA I
70059813,SMP SWASTA ISLAM TERPADU DARUL ADZKIA,,,,15,13,ADZKIA MATAHATI INDONESIA,KOTA TEBING TINGGI,KEC. PADANG HULU,JL. PULAU IRIAN NO. 21B LK. IV
10205287,SMP SWASTA TPI JANJI,085275680046,smpswasta_tpijanji@yahoo.com,B,116,7,TAMAN PENDIDIKAN ISLAM,KAB. LABUHANBATU,KEC. BILAH BARAT,PTPN 3 RANTAUPRAPAT
69979471,SMP SWASTA BHAKTI BANGSA,,smpbhaktibangsass@gmail.com,C,162,11,YAYASAN PENDIDIKAN TRI DHARMA,KAB. DELI SERDANG,KEC. SUNGGAL,"JLN. PASAR BESAR KM. 13,8 SEI SEMAYANG 14"
10214017,SMP TD PARDEDE FOUNDATION,0618459756,smptdpardedefoundation@yahoo.co.id,B,97,12,YAYASAN PERGURUAN TD PARDEDE FOUNDATION,KAB. DELI SERDANG,KEC. SUNGGAL,DESA LALANG
69956446,SMP BUDI UTOMO,081242362927,budiutomonsc@gmail.com,B,103,11,PERGURUAN BUDI UTOMO,KAB. DELI SERDANG,KEC. KUTAIIMBARU,DUSUN II
69979643,SMP SWASTA DELI TUA SCHOOL,06142671398,smpsds2908@gmail.com,B,118,12,YAYASAN PENDIDIKAN DELI TUA,KAB. DELI SERDANG,KEC. DELI TUA,JL. BAYUR NO. 1 LINGK. IV DELITUA
69901807,SMP SWASTA ISLAM TERPADU AR RAYHAN,,,B,48,3,YAYASAN PENDIDIKAN DAARUSSAKINAH,KAB. ASAHAN,KEC. SIMPANG EMPAT,DUSUN IX DESA SEI LAMA
70062785,SMP ADZKIA ISLAMIC SCHOOL 2,,,,,3,,KOTA MEDAN,KEC. MEDAN TEMBUNG,JL. KARYA BAKTI NO.15
10257921,SMP SWASTA VALENTINE,082165206023,smp.swasta.valentine@gmail.com,B,37,7,YAYASAN PENDIDIKAN VALENTINE,KAB. DELI SERDANG,KEC. SUNGGAL,JL PERINTIS KEMERDEKAAN NO. 31
10258059,SMPS KARYA BHAKTI,0616610993,ypkaryabhakti@gmail.com,B,194,10,,KOTA MEDAN,KEC. MEDAN BARAT,JL. KARYA UJUNG
10202547,SMP SWASTA GKPS 1 RAYA,081262613356,smpgkps1raya@gmail.com,B,98,13,YAYASAN PENDIDIKAN GKPS,KAB. SIMALUNGUN,KEC. RAYA,JLN.DR. JASAMEN SARAGIH NO. 02
69990733,SMP SWASTA QURAN ELTAHFIDH SIMALUNGUN,082369224866,smpqeltahfidhsimalungun@gmail.com,B,107,11,YAYASAN PESANTREN QUR'AN ELTAHFIDH SIMALUNGUN,KAB. SIMALUNGUN,KEC. TAPIAN DOLOK,"JL. VETERAN LINGKUNGAN III, SINAKSAK"
10205180,SMP S KARYA KUALA BANGKA,085372640655,smpskaryakualabangka@gmail.com,B,71,8,PERGURUAN KARYA,KAB. LABUHANBATU UTARA,KEC. KUALUH HILIR,KUALA BANGKA
70057949,SMP ISLAM TERPADU NUR ATHIFAH,085262243321,smpislamterpadunurathifah@gmail.com,,18,4,NUR ATHIFAH,KAB. DELI SERDANG,KEC. PERCUT SEI TUAN,JL. BENTENG HILIR/ JL. GURU SUMAN GG ABDUL MANAN
69986814,SMP SWASTA ASGA MANDIRI,085275115074,smpasgamandirimedan@gmail.com,B,54,7,YAYASAN ASGA DEWI LUBIS,KOTA MEDAN,KEC. MEDAN JOHOR,JL KARYA JAYA NO 196 KOMPLEK KARYA JAYA SHAFIRA
10213862,SMP MELATI,081376628302,smp_melati@ymail.com,B,139,13,YAYASAN PENDIDIKAN MELATI,KAB. DELI SERDANG,KEC. HAMPARAN PERAK,JALAN PASAR V
70057342,SMP SWASTA ISLAM ILHAMNAS,,,,22,5,YAYASAN NURHASANAH ISLAMIYAH PEMATANG JERING,KAB. BATU BARA,KEC. SEI SUKA,DUSUN IV DESA PEMATANG JERING KECAMATAN SEI SUKA
10220252,SMPS HKBP SIPOHOLON,082276068086,s.sipoholon@yahoo.com,B,53,7,YAYASAN PENDIDIKAN HKBP TAPANULI UTARA,KAB. TAPANULI UTARA,KEC. SIPOHOLON,SEMINARIUM SIPOHOLON
70035284,SMP IT AL-MAHRI,,,B,457,21,YAYASAN PENDIDIKAN KAYLA ALMAHRI,KAB. DELI SERDANG,KEC. TANJUNG MORAWA,"JALAN SULTAN SERDANG, GANG SEPAKAT, DUSUN VII"
70005530,SMP PUTRA BANGSA BERBUDI,,smppbb120@gmail.com,B,236,12,YAYASAN PENDIDIKAN PUTRA BANGSA BERBUDI,KAB. DELI SERDANG,KEC. DELI TUA,JL. KEBUN SAYUR/GANG BAYUR
10260093,SMP SWASTA PERGURUAN ADVENT NIAS,082360765275,tafonaoi@yahoo.com,A,204,5,YAYASAN PERGURUAN ADVENT NIAS,KAB. NIAS,KEC. IDANOGAWO,JLN. LINTAS TELUK DALAM KM 41
10257554,SMP MABAR,085276209966,smpswastamabar@yahoo.co.id,B,39,10,YAYASAN PENDIDIKAN KELUARGA PERGURUAN MABAR,KOTA MEDAN,KEC. MEDAN DELI,JL. KL. YOS SUDARSO KM. 9 NO. 2
10212528,SMP SWASTA DEWANTARA BOHOROK,,smpdewantara@yahoo.com,C,199,17,YAYASAN PENDIDIKAN DEWANTARA KUTA PARIT,KAB. LANGKAT,KEC. BOHOROK,JLN.PROTOKOL DUSUN I DESA SEBERTUNG
10205163,SMP S AL WASHLIYAH 12 GUNTING SAGA,081360256896,smp.alwashliyah@yahoo.com,C,53,12,ALJAMI IYATUL WASHLIYAH,KAB. LABUHANBATU UTARA,KEC. KUALUH SELATAN,JL. PERGURUAN NO. 41 GUNTING SAGA
10206521,SMP SWASTA BUDI MULIA,,smpbudimulia79@gmail.com,A,359,21,YAYASAN BUDI MULIA LOURDES,KAB. TAPANULI TENGAH,KEC. MANDUAMAS,TUMBA JAE
70062784,SMP ADZKIA ISLAMIC SCHOOL 1,,,,,3,,KOTA MEDAN,KEC. MEDAN PETISAH,"JL. BUKU NO. 45, SEI PUTIH BARAT, KEC. MEDAN PETISAH, KOTA MEDAN"
69992034,SMP SWASTA BANGUN MULIA,081265545151,smpbangunmulia123@gmail.com,B,518,21,YAYASAN PENDIDIKAN BANGUN MULIA,KAB. LANGKAT,KEC. BABALAN,JL. DATUK
10258811,SMP PADAMU NEGERI MEDAN,,smp_padamunegeri@yahoo.com,B,132,9,PENDIDIKAN GAJAH MADA MEDAN,KOTA MEDAN,KEC. MEDAN DENAI,JL. MENTENG VII NO. 125 MEDAN
10206502,SMP SWASTA MUHAMMADIYAH 28 BARUS,,smpmuhammadiyah28barus@gmail.com,B,150,15,PIMPINAN DAERAH MUHAMMADIYAH (PDM) KAB. TAPANULI TENGAH,KAB. TAPANULI TENGAH,KEC. BARUS,JL. R.A. KARTINI NO. 51
70037566,SMP IT SHOHIBUL ARBAAH,,smpitshohibularbaahsiamporik@gmail.com,B,193,20,YAYASAN PONDOK PESANTREN SHOHIBUL ARBAAH,KAB. LABUHANBATU UTARA,KEC. KUALUH SELATAN,DUSUN X BUKIT DAME
70013011,SMP IT WALI SONGO,085360669107,,C,25,12,YAYASAN PONDOK PESANTREN WALI SONGO NAHDLATUL ARIFIN ASAHAN,KAB. ASAHAN,KEC. SILAU LAUT,JL. PESANTREN NO. 9 DESA BANGUN SARI
10204133,SMP SWASTA PTPN IV BP. MANDOGE,,smpptpnivpam@yahoo.co.id,B,226,15,YAYASAN PENDIDIKAN PERKEBUNAN NUSANTARA IV,KAB. ASAHAN,KEC. BANDAR PASIR MANDOGE,BP. MANDOGE
10259542,SMP SWASTA DR CIPTO MANGUNKUSUMO,0622697109,smpdrciptomangunkusumoperdagan@gmail.com,B,142,9,PERGURUAN DR. CIPTO MANGUN KUSUMO,KAB. SIMALUNGUN,KEC. BANDAR,JL.KARYA BAKTI PERDAGANGAN
10257317,SMP SWASTA IKAL,0618459335,smp.ikal@gmail.com,A,248,22,YAYASAN PENDIDIKAN IKAL BULOG SUMUT,KOTA MEDAN,KEC. MEDAN HELVETIA,JL. SAWAH HALUS NO.18 A KOMP. BULOG MEDAN
10260479,SMP SWASTA AN NIZAM,0617333817,smpannizam3@gmail.com,A,233,20,YAYASAN SECH OEMAR BIN SALMIN BAHADJADJ,KOTA MEDAN,KEC. MEDAN DENAI,JL. TUBA II/ PERJUANGAN NO. 62 MEDAN
69964954,SMP SWASTA JERISA MANDIRI,,smpsjerisamandiri@gmail.com,B,85,11,JERISA SARI HUSADA,KOTA MEDAN,KEC. MEDAN TUNTUNGAN,JL. FLAMBOYAN RAYA NO. 116
70035356,SMP SWASTA ISLAM TERPADU HL LUBIS,,,B,35,3,YAYASAN SAKINAH AZZAHRAN HALIM LUBIS,KAB. BATU BARA,KEC. DATUK LIMA PULUH,JL. SERAMBINGAN DUSUN MARTUBUNG
10204025,SMP SWASTA ADVENT TANJUNG KASAU,081221111767,sekolahadventtks@ymail.com,B,13,5,YAYASAN PENDIDIKAN GEREJA MASEHI ADVENT HARI KETUJUH SUMATERA UTARA,KAB. BATU BARA,KEC. LAUT TADOR,JL. SEI LANGGEI
10264679,SMP SWASTA ANAK BANGSA,082272701258,asiatilia@yahoo.com,B,78,7,YAYASAN PENDIDIKAN ANAK BANGSA,KAB. LABUHANBATU SELATAN,KEC. TORGAMBA,DUSUN SUMBER SARI
10212534,SMP SWASTA MAJU TELAGA JERNIH,085210912086,smpmajusecanggang@gmail.com,B,106,10,YAYASAN PENDIDIKAN MAJU,KAB. LANGKAT,KEC. SECANGGANG,JL. KARANG GADING
69967983,SMP IT YAYASAN HAJJAH FAUZIAH BINJAI,0618831540,smpit.unggulan@gmail.com,B,87,9,YAYASAN HAJJAH FAUZIAH,KOTA BINJAI,KEC. BINJAI TIMUR,JL. DANAU SENTANI NO  1
69733890,SMPS GLORIA INTERNATIONAL,085158846558,smpsgloria@gmail.com,C,36,9,GLORIA INTERNATIONALA SUMATERA UTARA,KAB. DELI SERDANG,KEC. SUNGGAL,JL. TANI ASLI NO. 10
10210243,SMP AL HIDAYAH,,smpalhidayah31@gmail.com,B,129,7,YAYASAN PERGURUAN AL - HIDAYAH,KOTA MEDAN,KEC. MEDAN POLONIA,JL. STARBAN GG. SAHABAT NO. 139
10257423,SMP SWASTA AL-MA SUM STABAT,081375553374,smpalmaksum@gmail.com,B,298,23,YAYASAN HAJI MAKSUM ABIDIN  SHALEH,KAB. LANGKAT,KEC. STABAT,JL. SEI BATANG SERANGAN NO.4
70064578,SMP SWASTA ISLAM AL-AZHAR ASY-AZHAR ASY-SYARIF MEDAN,,,,,0,,KOTA MEDAN,KEC. MEDAN BARU,JL SEI ASAHAN NO 37
10200296,SMP NILA HARAPAN,0618457561,smpnilaharapan@yahoo.co.id,B,128,13,YAYASAN PERGURUAN NILA HARAPAN,KAB. DELI SERDANG,KEC. SUNGGAL,JL. BINJAI KM-11.2
69981295,SMP SWASTA ABDI PUSAKA INDONESIA,,,B,9,5,ABDI PUSAKA INDONESIA,KAB. NIAS,KEC. GIDO,DESA UMBU
70012461,SMP ISLAM TERPADU ALKAROMAH,082370041133,smpitalkaromah@gmail.com,B,46,10,YAYASAN DARUL TAHFIDZ ALKAROMAH,KAB. DELI SERDANG,KEC. GALANG,JL. PERTEMUAN DUSUN I DESA PETUMBUKAN GALANG
70059824,SMPS IT AL FATH BIMA UTOMO BS,,,,5,0,YAYASAN PERGURUAN BIMA UTOMO BS,KAB. DELI SERDANG,KEC. BATANG KUIS,JL. AMPERA DUSUN I
69991471,SMP IT PRIMA MANDIRI,081376044909,smpprimamandiriterbaik1@gmail.com,B,129,8,YAYASAN PENDIDIKAN PRIMA MANDIRI,KAB. DELI SERDANG,KEC. PERCUT SEI TUAN,JL. RUKUN NO. 38 DUSUN X
10202534,SMP SWASTA DR CIPTO MANGUNKUSUMO,0622697109,smpdrciptomkbdrjawa@gmail.com,B,86,10,PERGURUAN DR. CIPTO MANGUN KUSUMO,KAB. SIMALUNGUN,KEC. BANDAR,BANDAR JAWA
10202532,SMP SWASTA PTPN IV BAH JAMBI,,smpptpnivbahjambi@ymail.com,B,100,12,YAYASAN PENDIDIKAN PERKEBUNAN NUSANTARA IV,KAB. SIMALUNGUN,KEC. JAWA MARAJA BAH JAMBI,EMPLASMEN BAH JAMBI
70004083,SMP MUHAMMADIYAH 62 TANJUNG GUSTA,091299135401,smpmuhammadiyah2010@gmail.com,B,29,4,PIMPINAN DAERAH MUHAMMADIYAH (PDM) KAB. DELI SERDANG,KAB. DELI SERDANG,KEC. SUNGGAL,JL. KELAMBIR V GANG RIZQI
10258719,SMPS NUR HASANAH,082122767859,nurhasanah8850@yahoo.com,B,40,14,YAYASAN PENDIDIKAN NUR HASANAH MEDAN,KOTA MEDAN,KEC. MEDAN AMPLAS,JLN. GARU I NO. 28 MEDAN
10257741,SMP SWASTA AN-NAAS SUKA BERAS,085260184555,ishak1.smpannaas@gmail.com,C,45,10,YAYASAN AL FIRDAUS SUMATERA UTARA,KAB. SERDANG BEDAGAI,KEC. PERBAUNGAN,JALAN LINTAS SUMATERA
10204045,SMP HKBP PARDOMUAN,,pardomuansmphkbp@yahoo.co.id,C,134,7,DEPARTEMEN PENDIDIKAN HKBP,KAB. ASAHAN,KEC. SEI KEPAYANG,JL. PASAR V SEI LEBAH DUSUN III
70002728,SMP SWASTA KRISTEN BNKP ULUSUSUA,082369302770,smpskrbnkpus@gmail.com,B,49,3,YAYASAN PENDIDIKAN BNKP NIAS SELATAN,KAB. NIAS SELATAN,KEC. ULUSUSUA,"DESA HILIWOSI, KEC. ULUSUSUA, KAB. NIAS SELATAN, PROV. SUMATERA UTARA"
10202017,SMP SWASTA GBKP KABANJAHE,062820382,smpgbkp_kabanjahe@gmail.com,B,205,19,YAYASAN PENDIDIKAN KRISTEN GEREJA BATAK KARO PROTESTAN,KAB. KARO,KEC. KABANJAHE,JL MARIAM GINTING NO. 3 KABANJAHE
10202647,SMP SWASTA YAYASAN KERASAAN,082280545536,smpyayasankerasaan@yahoo.co.id,C,42,12,YAYASAN KERASAAN,KAB. SIMALUNGUN,KEC. PEMATANG BANDAR,KERASAAN
10257552,SMP SWASTA HARAPAN BARU,0618361654,smpharapanbarumedan@yahoo.com,B,86,14,YAYASAN PENDIDIKAN HARAPAN BARU SUMATERA UTARA,KOTA MEDAN,KEC. MEDAN JOHOR,JL. PINTU AIR IV / LINGGA RAYA
70006372,SMP SWASTA SEJAHTERA,082294095450,garudajabbar_10@yahoo.com,C,23,1,YAYASAN PENDIDIKAN GARUDA JABBAR,KOTA MEDAN,KEC. MEDAN MARELAN,JL BEMO/TAKSI MATRA 23 KOMP KPUM
70046691,SMP TAHFIDZ QURAN KARIMAH,085373895452,smptahfizhqurankarimah@gmail.com,C,60,7,YAYASAN ISLAM MULIA,KAB. KARO,KEC. BERASTAGI,JL. JAMIN GINTING DESA SEMPAJAYA KECAMATAN BERASTAGI KABUPATEN KARO
70015736,SMP SWASTA KRISTEN PROVIDENSIA HIBALA,085240284446,smpkristenprovidensia.hibala@gmail.com,C,14,19,YAYASAN KRISTEN PROVIDENSIA,KAB. NIAS SELATAN,KEC. HIBALA,DESA HILIOROMAO
10211038,SMP SWASTA YASPENHAN -2,0852700051270,smpyaspenhan_2@yahoo.com,B,175,19,YAYASAN PENDIDIKAN MEDAN LABUHAN,KOTA MEDAN,KEC. MEDAN LABUHAN,JL. JERMAL RAYA NO. 21 A
10208894,SMP SW. KARYA MURNI SIDIHONI,082165445637,smpkaryamurnisidihoni@gmail.com,C,203,16,KARYA MURNI SIDIHONI,KAB. SAMOSIR,KEC. RONGGUR NIHUTA,SIDIHONI
70046566,SMP ISLAM PLUS AL KHAIRI,,smpalkhairimedan@gmail.com,,26,6,YAYASAN PENDIDIKAN AL KHAIRI LIL UMMAH,KOTA MEDAN,KEC. MEDAN JOHOR,JL. EKA RASMI NO. 48-A
69733913,SMP SWASTA KHAIDIR NUR,0618824817,smpkn62@gmail.com,B,75,6,SMP SWASTA KHAIDIR NUR,KOTA BINJAI,KEC. BINJAI SELATAN,JLN. SAMANHUDI NO.213
70064505,SMP SWASTA SINAR PEMBAHARUAN HIDUP,,,,,1,YAYASAN SINAR PEMBAHARUAN HIDUP,KOTA MEDAN,KEC. MEDAN DELI,JL KAWAT III GANG PADI
10257419,SMP SWASTA YONESTA,081361464032,smpswastayonesta@ymail.com,B,66,12,LEMBAGA PENDIDIKAN YONESTA,KAB. LANGKAT,KEC. SEI BINGAI,SIMP. NAMOTATIMG
10208085,SMP SWASTA BERKAT,085372300815,fk_manajemen@yahoo.co.id,B,184,13,YAYASAN PERGURUAN SUTAN GUNUNG MULIA,KAB. MANDAILING NATAL,KEC. PANYABUNGAN UTARA,JLN.GEREJA HUTATINGGI
10210048,SMP SWT ISLAMIYAH,06177816074,,B,130,11,YAYASAN PERGURUAN SWASTA ISLAMIYAH,KOTA MEDAN,KEC. MEDAN TEMBUNG,JL. PERDAMEAN / TADUAN NO. 74
69918618,SMP IT AL-MANAH MAMIREGI,082367072074,smpitalmanahmamiregi@gmail.com,C,133,13,AL-MANAH MAMIREGI,KAB. DELI SERDANG,KEC. KUTAIIMBARU,JL. GLUGUR DISKI DESA SAWIT REJO
69899315,SMP SWASTA TALITAKUM,0614579567,smpstalitakum15@yahoo.co.id,B,43,11,YAYASAN PEDULI KARAKTER BANGSA,KOTA MEDAN,KEC. MEDAN PETISAH,JALAN DAMAR NO. 9G
10209273,SMP SATRIA DHARMA PERBAUNGAN,0617990730,smpsw_sadhar@yahoo.co.id,B,170,17,YAYASAN PENDIDIKAN SATRIA DHARMA PERBAUNGAN,KAB. SERDANG BEDAGAI,KEC. PERBAUNGAN,JL AKASIA JAMBUR PULAU
10211350,SMP SWASTA TAMAN SISWA,0618821958,m.alisyahfitraapit@yahoo.co.id,B,59,11,PERSATUAN PERGURUAN TAMANSISWA CABANG BINJAI,KOTA BINJAI,KEC. BINJAI KOTA,JL. SUDIRMAN NO 11 BINJAI
10214024,SMP SWASTA YAPIM MABAR,0616854981,yapim.mbr007@gmail.com,A,63,5,YAYASAN PERGURUAN INDONESIA MEMBANGUN TARUNA,KAB. DELI SERDANG,KEC. PERCUT SEI TUAN,"JL MANGAAN VII, PSR 3, LINGKUNGAN 16 MABAR"
10260228,SMP SWASTA IT ISLAMILILLAH,,smpitislamilillah@gmail.com,B,200,13,YAYASAN ISLAMILILLAH,KAB. LANGKAT,KEC. BERANDAN BARAT,JL. BESITANG NO. 19 SIMPANG TIGA SUSU
10210142,SMP KATOLIK TRISAKTI 2,0617349245,smp_ts2_medan@yahoo.co.id,A,178,20,YAYASAN PERGURUAN KATOLIK DON BOSCO KEUSKUPAN AGUNG MEDAN,KOTA MEDAN,KEC. MEDAN DENAI,JL.KENARI RAYA II PERUMNAS MANDALA
69956697,SMP SWASTA CERDAS MANDIRI,,,C,62,8,YAYASAN PERGURUAN CERDAS MANDIRI,KAB. DELI SERDANG,KEC. PERCUT SEI TUAN,JL. CEMARA ABADI
10206507,SMP SWASTA SANTU FRANSISKUS,0631371112,fransiskussmp@gmail.com,A,136,11,YAYASAN BUDI BAKTI KEUSKUPAN SIBOLGA,KAB. TAPANULI TENGAH,KEC. PANDAN,JLN. PROF. DR. M. HAZAIRIN
10210059,SMPS BUDI UTOMO,0614528473,smpbudiutomomedan@yahoo.com,A,46,21,BUDI UTOMO ABDI NUSA,KOTA MEDAN,KEC. MEDAN AREA,JL. JURUNG NO. 33
70037651,SMP SWASTA IT HAJJAH ROHANA,,smpithajjahrohana@gmail.com,A,174,16,YAYASAN WAKAF HAJJAH ROHANA BERBAGI,KAB. ASAHAN,KEC. KISARAN TIMUR,JL. WILLIAM ISKANDAR NO 36 LK. 1
69900207,SMP SWASTA BINTANG LANGKAT,081361936051,smpbintanglangkat@gmail.com,B,148,9,VIVINA HUDA,KAB. LANGKAT,KEC. STABAT,JL. STABAT - SECANGGANG DUSUN I ARA CONDONG
69968137,SMP TAHFIDZUL QURAN AMANAH,081397727705,info@amanah.sch.id,A,74,13,YAYASAN PENDIDIKAN DAN SOSIAL HELVETIA,KAB. DELI SERDANG,KEC. SUNGGAL,JL. PELITA
69962910,SMP IT SUARA DAI MUDA LANGKAT,083177136123,suaramudalkt@gmail.com,B,133,13,SUARA DA'I MUDA LANGKAT,KAB. LANGKAT,KEC. HINAI,DUSUN VII
69970814,SMP SWASTA METHODIST PELITA KASIH,0616628296,yppk.smpmuen@gmail.com,A,64,6,YAYASAN PENDIDIKAN PELITA KASIH METHODIST MU EN,KOTA MEDAN,KEC. MEDAN TIMUR,JL. JATI NO. 96
10260524,SMP SWASTA AIR LANGGA,082361931999,smpswastaairlangga@gmail.com,B,231,10,YAYASAN PENDIDIKAN AIRLANGGA,KAB. LANGKAT,KEC. SEI BINGAI,JALAN BATU MENJAH NO. 3 D NAMU UKUR
70056732,SMP IT DAAR YUNUS INTERNATIONAL TAHFIZH,,,,10,8,SENTRA CAHAYA ILMU,KOTA BINJAI,KEC. BINJAI SELATAN,JL.SAMANHUDI 117
10202522,SMP SWASTA KARYA SIMANTIN,082183480831,smpkaryasimantin@gmail.com,B,169,13,YAYASAN PENDIDIKAN KARYA SIMANTIN,KAB. SIMALUNGUN,KEC. PANEI,SIMANTIN PANE DAME
70047813,SMP SWASTA IT RAHMATUL FALAH PULAU RAKYAT,082277979760,rahmatulfalah13@gmal.com,B,28,9,YAYASAN RAHMATUL FALAH PULAU RAKYAT,KAB. ASAHAN,KEC. PULAU RAKYAT,DUSUN IX PULAU RAKYAT TUA
69969994,SMP SWASTA MUHAMMADIYAH DANAU SIJABUT,085361450050,smpmuhammadiyahdanausijabut@gmail.com,C,81,11,PIMPINAN DAERAH MUHAMMADIYAH (PDM) KAB. ASAHAN,KAB. ASAHAN,KEC. AIR BATU,DUSUN VII DESA DANAU SIJABUT
70036802,SMP SWASTA ISLAM TERPADU KHAIRUNNAS IV NEGERI,,,C,53,12,YAYASAN PAJAR ABDUL RAHMAN,KAB. BATU BARA,KEC. DATUK LIMA PULUH,DUSUN VII
69932740,SMP IT  MARIFATUL HIKMAH,082183583529,smpit.marifatulhikmah@gmail.com,B,119,12,PERGURUAN MA'RIFATUL HIKMAH,KAB. SERDANG BEDAGAI,KEC. SEI BAMBAN,DUSUN III DESA SEI BULUH SEI BAMBAN
70063224,SMP ISLAM PLUS AL AQSHO,,,,,0,,KAB. DELI SERDANG,KEC. DELI TUA,JL. DELI TUA GG. ASOKA DUSUN IV
10214001,SMP SWASTA TAMORA 2,0617945009,smps_tamora2@yahoo.co.id,B,93,12,YAYASAN PENDIDIKAN PURNAKARYA HARAPAN,KAB. DELI SERDANG,KEC. TANJUNG MORAWA,JL. LIMAU MUNGKUR NO. 52 TANJUNG MORAWA
69995753,SMP ISLAM TERPADU SAHABAT AL-QUR’AN,085270461294,smpitsahabatquran@gmail.com,B,107,15,SAHABAT ANAK BANGSA,KOTA BINJAI,KEC. BINJAI UTARA,JL. KEMUNING GG. MADRASAH
10210135,SMP SWASTA METHODIST 4,0614512475,smpmethodistpolonia@yahoo.com,B,87,8,YAYASAN PENDIDIKAN GEREJA METHODIST INDONESIA 4,KOTA MEDAN,KEC. MEDAN POLONIA,JL. POLONIA GG. PEKONG NO. 31
10211049,SMP TAMAN SISWA BELAWAN,081264007262,smpstamansiswabelawan@gmail.com,B,153,9,YAYASAN PERSATUAN TAMAMANSISWA,KOTA MEDAN,KEC. MEDAN KOTA BELAWAN,JL. KAKAP NO.1 BELAWAN BAHAGIA
10201071,SMP SWASTA ABDI MADYA,082161623566,smpsabdimadya@gmail.com,B,22,6,YAYASAN ABDI MADYA,KAB. LANGKAT,KEC. SERAPIT,JL. LETJEND. JAMIN GINTING TANJUNG NGUDA
70051339,SMP SWASTA ELIM KAIROS SMART BERASTAGI,089629995873,smpelimkairos22@gmail.com,,23,5,YAYASAN PENDIDIKAN EZRA BERASTAGI,KAB. KARO,KEC. BERASTAGI,JL. KENANGAN LINGKUNGAN IV
10210095,SMP PENCAWAN,0618363786,medansmppencawan@gmail.com,A,257,16,PENDIDIKAN NASIONAL MASTY PENCAWAN,KOTA MEDAN,KEC. MEDAN TUNTUNGAN,JLN BUNGA NCOLE NO 50
10211601,SMP SWASTA DIPANEGARA TEBING TINGGI,062122484,smps.dipanegara@gmail.com,A,4,2,YAYASAN DIPANEGARA,KOTA TEBING TINGGI,KEC. BAJENIS,JALAN K.F. TANDEAN NO. 204
10239040,SMP SWASTA RAJA GARUDA MAS,085277564140,smprajagarudamasbesitang@gmail.com,B,107,7,YAYASAN PARASIDDHAWARGA RAGAMAS,KAB. LANGKAT,KEC. BESITANG,JLN SEI PUCUK
10213912,SMP NUR AZIZI TANJUNG MORAWA,0617943535,smpnuzi@gmail.com,A,359,25,YAYASAN PENDIDIKAN NUR AZIZI TANJUNG MORAWA,KAB. DELI SERDANG,KEC. TANJUNG MORAWA,JALAN PAHLAWAN TANJUNG MORAWA
10204024,SMP ALWASHLIYAH 10 MERANTI,,smpalwashliyah10meranti@yahoo.com,C,73,11,AL-JAM'IYATUL WASHLIYAH,KAB. ASAHAN,KEC. MERANTI,JL. PERINTIS KEMERDEKAAN NO.346 MERANTI
70051337,SMP SWASTA KINGSLEY,,,,24,3,YAYASAN LENTERA KREASI CEMERLANG,KOTA MEDAN,KEC. MEDAN DELI,JL.PLATINA KOMPLEK RUKO KOTA BARU  BLOK A NO.35-37-39
70057530,SMP ISLAM TERPADU BAITUL QURAN AL AZHAR,082249942772,smpitbaitulquranalazhar@gmail.com,,24,14,YAYASAN PONDOK PESANTREN BAITUL QURAN AL AZHAR,KAB. BATU BARA,KEC. TALAWI,DUSUN BUNGA MAWAR DESA DAHARI INDAH KECAMATAN TALAWI
10202624,SMP SWASTA TAMAN ILMU PERLANAAN,0622697193,smptamil1987@yahoo.com,A,135,11,YAYASAN PERGURUAN TAMAN ILMU,KAB. SIMALUNGUN,KEC. BANDAR,JL.LESTARI PERLANAAN
69990868,SMP SWASTA MUHAMMADIYAH AHMAD DAHLAN AEK KANOPAN,06246940004,smp.adaekkanopan@gmail.com,B,238,21,PIMPINAN DAERAH MUHAMMADIYAH (PDM) KAB. LABUHAN BATU UTARA,KAB. LABUHANBATU UTARA,KEC. KUALUH HULU,JL. PEJUANG 45 NO 28 AEK KANOPAN
10211019,SMP SWASTA PGRI-1 MEDAN,081361057057,smpspgri1medan@gmail.com,C,56,8,PERWAKILAN YPLP PGRI PROVINSI SUMATERA UTARA,KOTA MEDAN,KEC. MEDAN PETISAH,JL. D.I. PANJAITAN
10200314,SMP HARAPAN KITA,082294856007,smpharapankita@yahoo.com,B,57,6,SMP SWASTA HARAPAN KITA,KAB. DELI SERDANG,KEC. KUTAIIMBARU,JL.PROTOKOL
10210040,SMP SWASTA KATOLIK ASSISI,081260413916,smpassisimedan24@gmail.com,A,385,27,YAYASAN PUTERI HATI KUDUS,KOTA MEDAN,KEC. MEDAN TUNTUNGAN,JL. AGGREK NO. 24A MEDAN
10202516,SMP SWASTA MUHAMMADIYAH 55 KANDANGAN,082167357389,smpmuhammadiyah55kandangan@gmail.com,B,108,10,PIMPINAN DAERAH MUHAMMADIYAH (PDM) KAB. SIMALUNGUN,KAB. SIMALUNGUN,KEC. PEMATANG BANDAR,JL. SONA NO. 11 KANDANGAN
10261763,SMP NURFADHILAH,0616851422,smpnurfadhilah@gmail.com,B,99,9,YPI NUR FADHILAH,KOTA MEDAN,KEC. MEDAN MARELAN,JL.MARELAN III NO.51 A
70024115,SMP ISLAM TERPADU AL FIKRI,,,A,53,11,DAKWAH ISLAM PENDIDIKAN DAN SOSIAL AL FIKRI,KAB. LABUHANBATU UTARA,KEC. NA. IX-X,"JL. INPRES DUSUN II AEK MARBATU, DESA KAMPUNG PAJAK"
10201051,SMP PAB 16 GOHOR LAMA,081376285269,smppab16@gmail.com,C,45,11,PERKUMPULAN AMAL BAKTI  SUMATERA UTARA,KAB. LANGKAT,KEC. WAMPU,AFD II PTPN II GOHOR LAMA
70052784,SMP SWASTA DIAN HARAPAN MEDAN,,,,19,6,YAYASAN PENDIDIKAN PELITA HARAPAN TANGERANG,KOTA MEDAN,KEC. MEDAN PETISAH,JL. IMAM BONJOL NO. 6 GEDUNG LIPPO PLAZA LANTAI 10
10212415,SMP SWASTA TRISAKTI,06227436254,yp.trisakti@yahoo.com,B,31,7,YP. TRISAKTI,KOTA PEMATANGSIANTAR,KEC. SIANTAR UTARA,JL.PDT. J. WISMAR SARAGIH
70008984,SMPIT MARDHIYAH,,smpitmardhiyah@gmail.com,B,60,10,YAYASAN PENDIDIKAN MARDHIYAH,KOTA BINJAI,KEC. BINJAI TIMUR,JL. DANAU TONDANO NO. 103
70061040,SMP NANDA AL MANAF,,,,,2,,KAB. DELI SERDANG,KEC. SUNGGAL,JL. PAYABAKUNG MULIOREJO DUSUN XIX PERUM. SUMBER MELATI DISKI PERMAI BLOK F 16
10257320,SMP SWASTA KATOLIK MARIANA,,smpkatolikmariana3@gmail.com,B,106,8,,KOTA MEDAN,KEC. MEDAN HELVETIA,JL. KAPTEN MUSLIM
10258167,SMP SWASTA AMAL MAS 1 LAHUSA,081361200503,smps_amalmas1@yahoo.com,C,84,14,YAYASAN AMAL-MAS SUMATERA UTARA,KAB. NIAS SELATAN,KEC. LAHUSA,GOLAMBANUA I
10211782,SMP SWASTA TELADAN PEMATANGSIANTAR,062222210,smpteladanpemsiantar@yahoo.com,A,200,20,PENDIDIKAN TELADAN,KOTA PEMATANGSIANTAR,KEC. SIANTAR BARAT,JALAN SINGOSARI NO.3 PEMATANGSIANTAR
10202742,SMP BENS GROUP,081397805103,smpsbensgroup2@gmail.com,B,100,12,SMP BENS GROUP,KAB. SIMALUNGUN,KEC. HATONDUHAN,BUNTU BAYU
69787008,SMPS SMART,0616640800,sstmedan@yahoo.com,,1,3,WIRA WIDYA UTAMA,KAB. DELI SERDANG,KEC. PERCUT SEI TUAN,"KOMP. GRAND CEMARA ASRI NO 88 AD, JL. CEMARA"
10209297,SMP SWASTA GELORA PANCASILA,,smp.gelorapancasila@gmail.com,B,138,17,YAYASAN GELORA PANCASILA PEGAJAHAN,KAB. SERDANG BEDAGAI,KEC. PEGAJAHAN,JL. BESAR PEGAJAHAN
10208710,SMP SWASTA HKBP DOLOKSANGGUL,085372911555,smpswastahkbpdoloksanggul@yahoo.co.id,B,160,13,DEWAN SEKOLAH HURIA (DSH),KAB. HUMBANG HASUNDUTAN,KEC. DOLOKSANGGUL,JL.LETKOL GA. MANULLANG
70060191,SMP SWASTA TANWIR AL MADANI,,,,,5,,KAB. BATU BARA,KEC. NIBUNG HANGUS,JL. HAJI IDRIS HAMIDAH DUSUN IV KAMPUNG PETANI
10205181,SMP S ALWASHLIYAH 28 AEK KANOPAN,,smpalwashliyah28@gmail.com,C,47,14,AL JAM'IYATUL WASHLIYAH,KAB. LABUHANBATU UTARA,KEC. KUALUH HULU,JL. GHAZALI KARIM NO. 104 AEK KANOPAN
10210047,SMP ISLAMIYAH BELAWAN,,islamiyah.belawan@gmail.com,B,137,8,YAYASAN ISLAM AT TAQWA,KOTA MEDAN,KEC. MEDAN KOTA BELAWAN,JL. CILEDUK SAMP. KANTOR KUA BELAWAN
69788538,SMPS PT MAZUMA AGRO INDONESIA,082366996611,smpmazuma@gmail.com,B,120,8,SMP S YAYASAN PT.MAI,KAB. PADANG LAWAS,KEC. HUTA RAJA TINGGI,KEBUN BATARI SUNGAI KORANG
69991174,SMP SWASTA GENERASI BANGSA,0895334029657,,B,193,19,YPP GENERASI BANGSA,KOTA MEDAN,KEC. MEDAN LABUHAN,JL RAWE 4 LINGKUNGAN 6 MARTUBUNG
70031557,SMP ISLAM TERPADU BUNAYYA PANDAN,082366008851,bambangsuwandi17@gmail.com,B,53,10,YAYASAN ISHLAHUL UMMAH,KAB. TAPANULI TENGAH,KEC. PANDAN,JL. PADANGSIDIMPUAN KM. 8
70049077,SMPIT DOD MEDAN,,,A,38,10,YAYASAN PENDIDIKAN ISLAM DOD MEDAN,KAB. DELI SERDANG,KEC. SUNGGAL,JL. KLAMBIR LIMA KOMPLEK PERUMAHAN GRAHA INDAH KELAPA GADING
10210253,SMP SWASTA  ADHYAKSA MEDAN,0614529114,smpadhyaksakejatisu@gmail.com,A,177,15,YAYASAN ADHYAKSA DHARMAKARINI KEJAKSAAN TINGGI SUMATERA UTARA,KOTA MEDAN,KEC. MEDAN TIMUR,JL. H.M. SAID NO. 23 MEDAN
10211025,SMP PRAYATNA MEDAN,0617382459,smpprayatna_medan@yahoo.com,B,105,13,,KOTA MEDAN,KEC. MEDAN TEMBUNG,LETDA SUJONO 403
10211764,SMP SWASTA HARAPAN,06225891438,smpharapan72@yahoo.com,B,34,9,YAYASAN PENDIDIKAN HARAPAN,KOTA PEMATANGSIANTAR,KEC. SIANTAR MARIMBUN,JL.BAHKORA II
10257321,SMP SWASTA S. PARMAN,4555279,ypspmedan@gmail.com,B,43,11,YAYASAN PERGURUAN LETJEN S.PARMAN,KOTA MEDAN,KEC. MEDAN AREA,JL. WAHIDIN NO. 170
69947200,SMP SWASTA HARAPAN SUSUA,081362091502,faatulol@gmail.com,C,56,12,HARAPAN SUSUA,KAB. NIAS SELATAN,KEC. ULUSUSUA,DESA FOIKHU FONDRAKO
10201139,SMP SWASTA SINI SUKA SEI BINGAI,081262565053,smpswastasinisuka19@gmail.com,C,28,11,YAYASAN PENDIDIKAN SINI SUKA,KAB. LANGKAT,KEC. SEI BINGAI,JLN. BINJAI NAMU TERASI
70049235,SMP SWASTA ISLAM TERPADU RIYADHUL  HABIBI,,smpitriyadhulhabibi@gmail.com,B,142,13,YAYASAN RAUDHATUSH SHOLIHIN HABIBI,KAB. SERDANG BEDAGAI,KEC. PERBAUNGAN,JLN. KEBUN MELATI LINGK I KEL. TUALANG
70061074,SMP BINTANG SOLAGRATIA TOBASA KECAMATAN SILAEN,,,,,0,,KAB. TOBA,KEC. SILAEN,JL. PARLUASAN
10211810,SMP ADVENT 2,,advent.perguruan@yahoo.co.id,B,21,5,YAYASAN PENDIDIKAN GEREJA MASEHI ADVENT HARI KETUJUH SUMATERA UTARA,KOTA PEMATANGSIANTAR,KEC. SIANTAR SELATAN,JLN. NIAS UJUNG NO. 67
10201083,SMP SWASTA AMPERA B. SERANGAN,085270372345,smps.ampera@gmail.com,B,223,16,YAYASAN PENDIDIKAN AMPERA,KAB. LANGKAT,KEC. BATANG SERANGAN,EMPLSEMEN KEBUN BATANG SERANGAN
10211045,SMP SWASTA WAGE RUDOLF SUPRATMAN 1,0617345093,wr_supratman1@yahoo.com,A,166,17,YAYASAN PERGURUAN WAGE RUDOLF SUPRATMAN,KOTA MEDAN,KEC. MEDAN KOTA,JL ASIA NO 143 MEDAN
10212510,SMP S HKBP,081370216994,hkbppadangsidimpuan@gmail.com,B,36,6,YAYASAN PERGURUAN HKBP,KOTA PADANG SIDEMPUAN,KEC. PADANG SIDIMPUAN SELATAN,JL. GEREJA NO.1A
70050563,SMP SWASTA IT REFAH,,smpitrefah@gmail.com,,59,5,YAYASAN PENDIDIKAN DAN DAKWAH ISLAM REFAH,KAB. LABUHANBATU SELATAN,KEC. KOTA PINANG,JL. BANGUN JADI DUSUN BESILAM BARU DESA SOSOPAN KEC. KOTAPINANG
69955541,SMP IT BUNAYYA,085275891644,smpitbunayyapsp@gmail.com,B,270,18,YAYASAN PENDIDIKAN BINA UL UMMAH PADANGSIDIMPUAN,KOTA PADANG SIDEMPUAN,KEC. PADANG SIDIMPUAN UTARA,"JL. OMPU TOGA LANGIT, KEL.LOSUNG BATU"
10202566,SMP SWASTA HKBP SIMANTIN PANEI,081396953617,smpswthkbp@gmail.com,B,138,12,DEWAN SEKOLAH HURIA,KAB. SIMALUNGUN,KEC. PANEI,SIMANTIN PANEI DAME
10211041,SMP YOS SUDARSO,0616624751,ypyos.sudarso@gmail.com,A,162,14,PENDIDIKAN BUDIMAN KUNIMAH,KOTA MEDAN,KEC. MEDAN BARAT,JL. K.L. YOS SUDARSO NO. 50
10200355,SMP SWASTA TAMAN SISWA,082267342956,smptamansiswadiskisunggal@gmail.com,B,165,17,PERSATUAN PERGURUAN TAMANSISWA CABANG DISKI,KAB. DELI SERDANG,KEC. SUNGGAL,"JL.BINJAI KM. 15 SEI SEMAYANG-DISKI, KEC. SUNGGAL, KAB. DELI SERDANG"
10210034,SMP SWASTA HANG KESTURI,0617369484,smpshangkesturi@yahoo.com,A,35,10,YAYASAN PERGURUAN HANG KESTURI,KOTA MEDAN,KEC. MEDAN KOTA,JL. SUTOMO NO. 144 - A
70042363,SMP ISLAM ULUWWUL HIMMAH,,smpislamuluwwulhimmahofficial@gmail.com,A,95,14,YAYASAN ULUWWUL HIMMAH MEDAN,KAB. DELI SERDANG,KEC. PATUMBAK,JL. STASIUN GG. CEMARA
70042262,SMP IT AL IHSAN,,,B,72,11,YAYASAN PENDIDIKAN AL IHSAN,KAB. LANGKAT,KEC. WAMPU,JL.ABADI
10202525,SMP SWASTA ORASI INDO SINASIH,,smporsin@gmail.com,B,110,10,ORASI INDO,KAB. SIMALUNGUN,KEC. SILAU KAHEAN,JLN. LINGGADEI
10212752,SMP SWASTA BNKP MARANATA,,smps_bnkpmaranata@yahoo.com,B,131,22,YAYASAN PERGURUAN BNKP DISTRIK FOFOLA,KAB. NIAS UTARA,KEC. SAWO,JALAN DESA ONOZITOLI SAWO
10258370,SMP SWASTA BUNGA MAWAR,063922369,smp.bungamawar@gmail.com,A,538,28,YAYASAN BUDI BAKTI KEUSKUPAN SIBOLGA,KOTA GUNUNGSITOLI,KEC. GUNUNGSITOLI,JL. NILAM NO.3 GUNUNGSITOLI
10201038,SMP SWASTA GOTONG ROYONG MARYKE,,smpsgotongroyongmaryke@gmail.com,C,33,10,YAYASAN PERGURUAN GOTONG ROYONG MARYKE,KAB. LANGKAT,KEC. KUTAMBARU,DESA KUTAMBARU MARYKE
10205166,SMP S MUHAMMADIYAH 35 SIGAMBAL,,smps.mhd35@gmail.com,B,120,9,PIMPINAN DAERAH MUHAMMADIYAH (PDM) KAB. LABUHAN BATU,KAB. LABUHANBATU,KEC. RANTAU SELATAN,JL. H.M SAID NO. 316
69754601,SMP SWASTA SATRYA MANDIRI,082165843296,smpsatryamandiri@gmail.com,B,68,10,YAYASAN BONA SIMALUNGUN MANDIRI,KAB. SIMALUNGUN,KEC. BANDAR HULUAN,JLN. BANDAR TONGAH
10213850,SMP SWASTA KARYA BERSAMA,081370306492,juarditarigan@gmail.com,B,69,12,KARYA BERSAMA SUKAMAKMUR,KAB. DELI SERDANG,KEC. SIBOLANGIT,JL.LETJEN JAMIN GINTING KM.45
10202578,SMP SWASTA GKPS 7 RAYA BAYU,082164426798,smpswastagkps7rayabayu@gmail.com,C,20,6,YAYASAN PENDIDIKAN GKPS,KAB. SIMALUNGUN,KEC. RAYA,JALAN BESAR NO 1 DESA RAYA BAYU
69812069,SMP SWASTA KITA MEMBANGUN YADIKA,082354142130,smpswastakitamembangun@gmail.com,B,162,11,YAYASAN ABDI KARYA,KAB. LABUHANBATU UTARA,KEC. AEK KUO,PERK. TAHUAN GANDA
10213824,SMP AL-WASHLIYAH 11,,smpawpercut11@gmail.com,B,73,13,AL-JAMIATUL WASHLIYAH,KAB. DELI SERDANG,KEC. PERCUT SEI TUAN,JL. BESAR SIMPANG TIGA NO. 330 DESA PERCUT KEC. PERCUT SEI TUAN
70050437,SMP SWASTA PERSIAPAN NEGERI 5 SOMAMBAWA,,,,47,12,YAYASAN KASIH SOLOMASI SEJAHTERA,KAB. NIAS SELATAN,KEC. SOMAMBAWA,JL. LINTAS GUNUNGSITOLI - TELUK DALAM KM. 68 SIHAREO
70014476,SMP INSANI SORKAM,,,C,58,15,YAYASAN INSAN BIJAK ISLAM,KAB. TAPANULI TENGAH,KEC. SORKAM,JL. MESJID TAQWA LINGK. I KELURAHAN SORKAM KEC. SORKAM KABUPATEN TAPANULI TENGAH
10202020,SMP SWASTA ADVENT BARUS JULU,081361567010,sembiringstepanus05@gmail.com,B,87,8,YAYASAN PENDIDIKAN GEREJA MASEHI ADVENT HARI KETUJUH SUMATERA UTARA,KAB. KARO,KEC. BARUSJAHE,BARUS JULU
10259232,SMP SWASTA DHARMA PUTRA,0614155423,opsionaldharput67@gmail.com,C,15,6,,KOTA MEDAN,KEC. MEDAN BARU,JL. DARAT NO. 67
10211356,SMP SWASTA PALAPA,081265864414,smpswastapalapabinjai@yahoo.com,B,85,10,PERGURUAN PALAPA BINJAI,KOTA BINJAI,KEC. BINJAI SELATAN,JL. SEI MUSI NO. 19 BINJAI
10204035,SMP SWASTA DAERAH BUNTU PANE,085261241159,,C,3,8,SMP SWASTA DAERAH BUNTU PANE,KAB. ASAHAN,KEC. BUNTU PANE,JALAN BESAR SEI SILAU TIMUR
10205153,SMP SWASTA BUDI UTOMO CIKAMPAK,0624491216,smpbudiutomo87@yahoo.com,B,101,10,YAYASAN PERGURUAN BUDI UTOMO,KAB. LABUHANBATU SELATAN,KEC. TORGAMBA,JL. BUDI UTOMO CIKAMPAK
10257698,SMP S PURNAYUDHA SEI RAKYAT,085260092706,smp_purnayudha@yahoo.co.id,C,56,10,PURNAYUDHA,KAB. LABUHANBATU,KEC. PANAI TENGAH,SEI RAKYAT
10212120,SMP SWASTA TRI RATNA SIBOLGA,063121003,smptri_ratna@yahoo.co.id,A,213,11,YAYASAN VIHARA BUDDHA SIBOLGA,KOTA SIBOLGA,KEC. SIBOLGA KOTA,JL. S. PARMAN NO.58 SIBOLGA
10212441,SMP SWASTA TRITUNGGAL,,smpswasta_tritunggal@yahoo.co.id,A,180,12,YAYASAN PENDIDIKAN KATOLIK SANTO YOSEPH MEDAN,KOTA TANJUNG BALAI,KEC. TANJUNG BALAI SELATAN,JL. GEREJA NO 12
69814795,SMP KRISTEN JOHANNES PRODROMOS,082362621101,smpjohannespodromos@gmail.com,C,91,10,YAYASAN SAHABAT IMAN ORTHODOX,KAB. DAIRI,KEC. SUMBUL,JL. PLTA DESA PERJUANGAN SUMBUL
69981939,SMP SWASTA MEDAN MULIA / MIAN ZHONG,,,A,494,17,YAYASAN PENDIDIKAN MEDAN MULIA/MIAN ZHONG,KOTA MEDAN,KEC. MEDAN SUNGGAL,JL. BANGAU NO 1 / JL. GAGAK HITAM RING ROAD
69956698,SMP SWASTA HOLY KIDS BERSINAR,,holykidssmp@gmail.com,C,73,6,YAYASAN SEMPAKATA BERSINAR,KAB. DELI SERDANG,KEC. SINEMBAH TNJNG MUDA HULU,JL. PASAR BARU
10257662,SMP SWASTA ST. ANTONIUS MEDAN,081377491584,smpstantoniusmedan@yahoo.co.id,B,321,21,YAYASAN PERGURUAN KATOLIK DON BOSCO KEUSKUPAN AGUNG MEDAN,KOTA MEDAN,KEC. MEDAN AMPLAS,JLN SM RAJA KM.11 NO.68 MEDAN
10205201,SMP ADVENT BULU TOLANG,081360477064,smpadvent_buluhtolang@yahoo.com,B,42,3,YAYASAN PENDIDIKAN GEREJA MASEHI ADVENT HARI KETUJUH SUMATERA UTARA,KAB. LABUHANBATU,KEC. PANAI TENGAH,BULU TOLANG
10220781,SMP SWASTA NASRANI 1 MEDAN,061453624,smpnasarni1@yahoo.com,B,55,8,PERKUMPULAN PERGURUAN NASRANI MEDAN,KOTA MEDAN,KEC. MEDAN BARU,JL. MOJOPAHIT NO. 16 MEDAN
10209332,SMP SWASTA YAPENDAK PTPN IV,,smpswyapendak@gmail.com,A,112,15,YAYASAN PENDIDIKAN PERKEBUNAN NUSANTARA IV,KAB. SERDANG BEDAGAI,KEC. TEBING TINGGI,PTPN IV KEBUN PABATU
10210244,SMP SWASTA AL FATTAH,0616612747,smpswastaalfattah@rocketmail.com,A,41,10,YAYASAN PERGURUAN AL-FATTAH MEDAN,KOTA MEDAN,KEC. MEDAN TIMUR,JL. CEMARA NO.172 PULO BRAYAN DARAT
10201950,SMP SWASTA SANTO XAVERIUS 2 KABANJAHE,062821877,smpsantoxav2kabanjahe@yahoo.co.id,A,461,27,YAYASAN PERGURUAN KATOLIK DON BOSCO KEUSKUPAN AGUNG MEDAN,KAB. KARO,KEC. KABANJAHE,JL. IRIAN KABANJAHE
10213831,SMP SWASTA BINA SISWA,081376832378,yantinani326@gmail.com,B,137,10,YAYASAN PERGURUAN SWASTA BINA SISWA,KAB. DELI SERDANG,KEC. PERCUT SEI TUAN,JL PERHUBUNGAN NO 42
70052840,SMP SWASTA PERGURUAN RA KARTINI,,,C,77,14,YAYASAN RADEN ADJENG KARTINI PERCUT SEI TUAN,KAB. DELI SERDANG,KEC. TANJUNG MORAWA,JL. PAYANIBUNG DUSUN IX
10205261,SMP RK BINTANG TIMUR RANTAUPRAPAT,,smpbintangtimurrantauprapat@yahoo.co.id,A,418,25,YAYASAN PERGURUAN KATOLIK SANTO LAURENSIUS,KAB. LABUHANBATU,KEC. RANTAU UTARA,JL. CUT MEUTIA UJUNG NO. 48 RANTAUPRAPAT
10202746,SMP AL WASHLIYAH-39,,smpaw39@yahoo.com,B,104,7,AL JAMIYATUL WASHLIYAH,KAB. SIMALUNGUN,KEC. DOLOK BATU NANGGAR,BAHUNG KAHEAN
10210064,SMP SWASTA DARMA SAKTI,80039028,dharmasakti6@gmail.com,C,11,10,,KOTA MEDAN,KEC. MEDAN DENAI,JL. M. NAWI HARAHAP/SEKSAMA NO. 130
10257768,SMP SWASTA CIPTA KARYA BESILAM,,ciptakaryasmp@gmail.com,B,93,11,YAYASAN CIPTA KARYA,KAB. LANGKAT,KEC. WAMPU,JLN. BATANG SERANGAN
10206520,SMP SWASTA ARION,,smpswastaarion1@gmail.com,B,135,8,YAYASAN MANGARADJA HUTAGALUNG,KAB. TAPANULI TENGAH,KEC. SITAHUIS,JL.SIBOLGA-TARUTUNG KM. 24.5
60726808,SMP SWASTA MUHAMMADIYAH PANAI HULU 59,085270316655,smpsmd59@gmail.com,C,60,7,PIMPINAN DAERAH MUHAMMADIYAH (PDM) KAB. LABUHAN BATU,KAB. LABUHANBATU,KEC. PANAI HULU,CINTA MAKMUR
70015383,SMPIT ALQURAN BAITUL IZZAH,082167731161,smpitbaitulizzah62@gmail.com,B,72,13,YAYASAN BAITUL IZZAH BINJAI,KOTA BINJAI,KEC. BINJAI KOTA,JL. GUGUS DEPAN LK. II
69883493,SMP SWASTA DR. CIPTO MANGUN KUSUMO MANDIRI,,smpciptomkmandiri@gmail.com,B,120,14,PERGURUAN DR.CIPTO MANGUN KUSUMO MANDIRI,KAB. BATU BARA,KEC. LIMA PULUH,DSN. VII
69727259,SMP SWASTA ISLAM NUR IHSAN,0617341704,pesantren.nur.ihsan@gmail.com,A,256,16,YAYASAN PINTA HARAPAN,KOTA MEDAN,KEC. MEDAN TEMBUNG,JL.BERSAMA NO.83 A MEDAN
10201129,SMP SWASTA YAPEKSI,081263056859,yapeksi@gmail.com,A,376,22,YAYASAN PENDIDIKAN PANCASILA,KAB. LANGKAT,KEC. SAWIT SEBERANG,JL. MESJID SUBULUSSALAM
69926443,SMP IT ADZKIA BABALAN,,2014smpitadzkiababalan@gmail.com,B,187,20,YAYASAN DAKWAH DAN PENDIDIKAN ISLAM PERMATA BANGSA P. BRANDAN,KAB. LANGKAT,KEC. BABALAN,JALAN. CENDRAWASIH
10257530,SMP SWASTA KARYA BERSAMA,,smpkaryabersamahalimbe@yahoo.co.id,B,63,15,PERGURUAN KARYA BERSAMA,KAB. LABUHANBATU UTARA,KEC. AEK NATAS,DESA HALIMBE
10210085,SMP SWASTA NASRANI 2 MEDAN,082160132608,smpnasrani2mdn@gmail.com,B,103,15,PERKUMPULAN PERGURUAN NASRANI MEDAN,KOTA MEDAN,KEC. MEDAN PERJUANGAN,JL. SEHATI / PENDIDIKAN NO. 88 MEDAN
10205259,SMP S SEI KUBUNG,081262448481,smpswastaseikubung19@gmail.com,C,30,10,YAYASAN SEI KUBUNG,KAB. LABUHANBATU,KEC. PANAI HILIR,JL.BLOK VI SEI KUBUNG
10210227,SMP SWASTA  AL-HIKMAH,0616841769,smp_al_hikmah@yahoo.co.id,A,817,40,YAYASAN PERGURUAN AL-HIKMAH,KOTA MEDAN,KEC. MEDAN MARELAN,JL. MARELAN PSR. IV MARELAN
10202531,SMP SWASTA PTPN IV BUKIT LIMA,081375734282,smswastaptpnivbukitlima@gmail.com,B,129,11,YAYASAN PENDIDIKAN PERKEBUNAN NUSANTARA IV,KAB. SIMALUNGUN,KEC. BOSAR MALIGAS,EMPLASMEN  BUKIT LIMA
10211784,SMP SWASTA ERLANGGA,062222926,smperlangga64@gmail.com,C,37,11,YAYASAN ERLANGGA,KOTA PEMATANGSIANTAR,KEC. SIANTAR TIMUR,JLN. MERDEKA NO. 280-286
10212541,SMP SWASTA YPT PANGKALAN BRANDAN,085270047170,smpswastayptberandan@gmail.com,B,66,4,,KAB. LANGKAT,KEC. BABALAN,JL. SYAHYAN ZAINUDDIN NO. 9A
10211029,SMP SWASTA RAKSANA,0614524356,smpraksanamedan@gmail.com,A,108,11,YAYASAN PENDIDIKAN RAKSANA,KOTA MEDAN,KEC. MEDAN PETISAH,JL. GAJAH MADA MEDAN
10211364,SMP SWASTA TUNAS PELITA,0618830348,smptunaspelita@gmail.com,B,30,8,YAYASAN PENDIDIKAN TUNAS PELITA,KOTA BINJAI,KEC. BINJAI UTARA,JALAN PERINTIS KEMERDEKAAN NO166 BINJAI
70061200,SMP SWASTA IT DARUSSALAM,,,,30,4,YAYASAN PERGURUAN DARUSSALAM ARDAGUSEMA,KAB. DELI SERDANG,KEC. DELI TUA,JL. PENDIDIKAN ARDAGUSEMA
10261044,SMP SWASTA MULIA SECURAI,085275649591,mulialangkat@ymail.com,A,98,11,YAYASAN PENDIDIKAN MULIA SECURAI,KAB. LANGKAT,KEC. BABALAN,JL. MEDAN - PANGKALAN BRANDAN KM. 77 SECURAI UTARA
10210067,SMP SWASTA ERIA,0617866341,smperia@yahoo.com,A,73,12,YAYASAN PENDIDIKAN ANI IDRUS PERGURUAN ERIA,KOTA MEDAN,KEC. MEDAN KOTA,JLN. SISINGAMANGARAJA NO.195 MEDAN
10204138,SMP SWASTA UMUM SENTOSA,082210511525,smpswastaumumsentosa@gmail.com,B,260,19,YAYASAN PERGURUAN UMUM SENTOSA 1986,KAB. ASAHAN,KEC. BANDAR PASIR MANDOGE,JLN. BENJAMIN HUTA PADANG
10210252,SMP ADVENT 1,,advent1medan@gmail.com,B,47,6,YAYASAN PENDIDIKAN GEREJA MASEHI ADVENT HARI KETUJUH SUMATERA UTARA,KOTA MEDAN,KEC. MEDAN TIMUR,JL. VETERAN NO. 34
10260027,SMP S AGRO NUSA,081361771791,timbul.saragih@yahoo.co.id,C,51,8,YP.SP.BUN,KAB. LABUHANBATU SELATAN,KEC. TORGAMBA,JL EMPLASMEN PTPN-3 KEBUN BUKIT TUJUH
10213939,SMP RIZKI ANANDA,,smprizki12345@gmail.com,B,147,7,YAYASAN PENDIDIKAN ELVA SYOFYAN,KAB. DELI SERDANG,KEC. PATUMBAK,JL. MEKATANI MARINDAL
70052682,SMP IT MAGHFIRAH,,,,13,7,TAMAWI PADANG TUALANG,KAB. LANGKAT,KEC. PADANG TUALANG,DUSUN PROYEK RAYA  DESA BULUH TELANG
70005253,SMP SWASTA ISLAM TERPADU PERMATA HATI BANGSA,,permatahatibangsasmpit@gmail.com,A,208,4,YAYASAN PEDIDIKAN ISLAM TERPADU PERMATA HATI BANGSA,KOTA TEBING TINGGI,KEC. RAMBUTAN,JL. GUNUNG MARTIMBANG
69980021,SMP SWASTA SANTO NICHOLAS,082360013389,st.nicholas.medan.dkns@gmail.com,B,65,11,YAYASAN PENDIDIKAN CINTA KASIH STELLA,KOTA MEDAN,KEC. MEDAN BARU,JL. MOJOPAHIT NO. 117
10201032,SMP SWASTA MAJU BESITANG,08126396191,ypmajubesitang@gmail.com,B,54,9,PERGURUAN MAJU BESITANG,KAB. LANGKAT,KEC. BESITANG,JLN. MEDAN - BANDA ACEH KM 105
70011741,SMP SWASTA IT AL QODIRIYAH,082366298726,,B,20,9,YAYASAN PENDIDKAN QODIRIYAH TELUK  PANJI,KAB. LABUHANBATU SELATAN,KEC. KAMPUNG RAKYAT,JL. CENDANA
10209298,SMP SWASTA DHARMA UTAMA,085261658216,smp_dharmautama@yahoo.co.id,B,146,13,YAYASAN PENDIDIKAN DHARMA UTAMA,KAB. SERDANG BEDAGAI,KEC. PEGAJAHAN,JL.SUKAMAJU NO.1 SUKASARI
10239039,SMP SWASTA MUHAMMADIYAH 10,085262074317,smpsmuh10@gmail.com,B,133,14,PIMPINAN DAERAH MUHAMMADIYAH (PDM) KAB. LANGKAT,KAB. LANGKAT,KEC. SECANGGANG,JL. KH. AHMAD DAHLAN TANJUNG TIGA
70029060,SMP SWASTA IP DAARUL ARQAM,082310820114,,B,143,12,YAYASAN PENDIDIKAN DAARUL ARQAM,KOTA MEDAN,KEC. MEDAN DELI,JL PLATINA 7E KAMPUNG DALAM
69919751,SMP SWASTA BAKTI,081361654740,baktismp@yahoo.com,B,40,11,BAKTI,KAB. DELI SERDANG,KEC. PANCUR BATU,JL. TUKANG BESI NO. 80 PANCUR BATU
10213967,SMP SWASTA KARYA SEDAR,081370279656,smp.karyasedar.bb@gmail.com,B,45,8,YAYASAN PERGURUAN KARYA SEDAR,KAB. DELI SERDANG,KEC. SIBIRU-BIRU,"JL. DELITUA PENEN KM. 25,5 BIRUBIRU"
69726017,SMP SWASTA KEJAYAAN INDONESIA,0618825705,smpkejayaan1@gmail.com,A,118,7,YAYASAN AGAPE KEJAYAAN INDONESIA,KOTA BINJAI,KEC. BINJAI BARAT,JL. MAYJEND SUTOYO
10210080,SMP NURANI BELAWAN,,smpnuranibelawan@yahoo.com,B,111,9,PERGURUAN NURANI,KOTA MEDAN,KEC. MEDAN KOTA BELAWAN,JL. KAKAP NO. 2
69981849,SMP ISLAM TERPADU AZIZIYAH BINJAI,06142365138,aziziyah_binjai18@yahoo.com,B,258,18,YAYASAN AZIZIYAH BINJAI,KOTA BINJAI,KEC. BINJAI BARAT,JL LETNAN UMAR BAKI
70025903,SMP SWASTA IT PERMATA CENDEKIA,081396122022,smpitpercenarrisalah@gmail.com,A,70,12,YPSDI AR RISALAH,KAB. SIMALUNGUN,KEC. GUNUNG MALELA,JL. AEK NAULI
10209260,SMP SWASTA MUSDA,0617990658,smpsmusda71@gmail.com,B,169,14,MUSDA PERBAUNGAN,KAB. SERDANG BEDAGAI,KEC. PERBAUNGAN,PERBAUNGAN
10220889,SMP SWASTA AL - ULUM,0617364083,smp_alulum@yahoo.com,A,589,46,YAYASAN PEMBANGUNAN DAN PENDIDIKAN JIHADUL ILMI,KOTA MEDAN,KEC. MEDAN AREA,JLN.AMALIUN GG.JOHAR NO.21-23
70039207,SMP IT AL MUJAHIDIN HAFIDZ QURAN,,,C,76,11,YAYASAN PENDIDIKAN ISLAM NUR HASANAH,KAB. LANGKAT,KEC. BINJAI,JL.MELATI DUSUN SIDOMULYO
10211360,SMP SWASTA METHODIST,8821418,info@methodistbinjai.sch.id,A,640,46,YAYASAN METHODIST INDONESIA BINJAI,KOTA BINJAI,KEC. BINJAI KOTA,BINJAI KOTA
10201030,SMP METHODIST KUALA,0618930106,smpmethodistkuala@gmail.com,B,106,10,YPGMI WIL. I PKMI KUALA,KAB. LANGKAT,KEC. KUALA,JL.GEREJA NO.41 KUALA
10211752,SMP SWASTA SURYA,081397011431,smpswastasurya.pematangsiantar@gmail.com,B,23,6,YAYASAN PENDIDIKAN SURYA PEMATANGSIANTAR,KOTA PEMATANGSIANTAR,KEC. SIANTAR TIMUR,JLN. DALIL TANI NO. 55 P.SIANTAR
10212532,SMP SWASTA DHARMA PATRA P. BRANDAN,062021275,smpdharmapatrapberandan@gmail.com,A,222,16,YAYASAN PENDIDIKAN DHARMA PATRA P. BERANDAN,KAB. LANGKAT,KEC. SEI LEPAN,JL. BALIK PAPAN PURAKA II P. BERANDAN
10210215,SMP SWASTA BINA BERSAUDARA,7861588,smpsbinabersaudara@gmail.com,A,207,18,PENDIDIKAN BINA BERSAUDARA,KOTA MEDAN,KEC. MEDAN JOHOR,JL. BRIGJEND KATAMSO TITI KUNING 43 MEDAN
69969524,SMP SWASTA ANUGRAH TANJUNG MEDAN,085362525405,tanjungmedananugrah@gmail.com,B,201,13,ANUGRAH TANJUNG MEDAN,KAB. LABUHANBATU SELATAN,KEC. KAMPUNG RAKYAT,"JL. MERANTI, DESA TANJUNG MEDAN"
10211010,SMP SWASTA SANTO PETRUS MEDAN,082277052317,smpstpetrusmedan@yahoo.co.id,A,362,21,YAYASAN PERGURUAN KATOLIK DON BOSCO KEUSKUPAN AGUNG MEDAN,KOTA MEDAN,KEC. MEDAN JOHOR,JL.LUKU.I.NO.1 MEDAN
10213943,SMP SWASTA RK SERDANG MURNI,0617951545,smp_rksmurni@yahoo.com,A,316,20,YAYASAN PERGURUAN KATOLIK DON BOSCO KEUSKUPAN AGUNG MEDAN,KAB. DELI SERDANG,KEC. LUBUK PAKAM,JL. P. SIANTAR NO. 142 A LUBUK PAKAM
10212751,SMP SWASTA BNKP LUZAMANU,081260420604,smpsbnkpluz01@yahoo.com,A,210,18,YAYASAN BANUA NIHA KERISO PROTESTAN GUNUNGSITOLI,KAB. NIAS UTARA,KEC. LOTU,DESA HILIGEO AFIA
70054151,SMP IT ABU AL FATIH,,,,17,9,YAYASAN ABU ALFATIH DELI SERDANG,KAB. DELI SERDANG,KEC. GALANG,JL. SUKASARI DUSUN I
10209329,SMP SWASTA TELADAN BINTANG BAYU,082363041984,smpteladanbb@gmail.com,B,55,8,YAYASAN TELADAN BINTANG BAYU,KAB. SERDANG BEDAGAI,KEC. BINTANG BAYU,BINTANG BAYU
70057997,SMP ISLAM TERPADU AL-FURQON BATU BARA,,,,8,10,YAYASAN PENDIDIKAN AL-FURQON BATU BARA,KAB. BATU BARA,KEC. DATUK TANAH DATAR,JALAN LINTAS SUMATERA KM. 131 DUSUN II DESA PETATAL KEC. DATUK TANAH DATAR
10210140,SMP SWASTA MASEHI,0618364365,smp.masehimedan@yahoo.com,B,50,9,SMP SWASTA MASEHI,KOTA MEDAN,KEC. MEDAN SELAYANG,JL. KAPTEN NGUMBAN SURBAKTI
10211767,SMP SWASTA TAMANSISWA,,smptamsis.siantar18@gmail.com,A,213,21,PERSATUAN PERGURUAN TAMANSISWA CABANG PEMATANGSIANTAR,KOTA PEMATANGSIANTAR,KEC. SIANTAR BARAT,JL. KARTINI NO.18
10212529,SMP SWASTA PEMBANGUNAN NASIONAL,062051527,smppemnas_pangsus@yahoo.com,B,66,4,PEMBANGUNAN NASIONAL,KAB. LANGKAT,KEC. PANGKALAN SUSU,JL.KM 100 BUKIT RATA
70060219,SMP SWASTA METHODIST BANDAR KLIPPA,,,,46,6,YAYASAN DAUN PALEM INDONESIA,KAB. DELI SERDANG,KEC. PERCUT SEI TUAN,JL. LAPANGAN BESAR PASAR II
10259059,SMP SWASTA PEMBANGUNAN PANTAI CERMIN,082168093592,smps.pembangunan@yahoo.co.id,B,39,8,CHALID ANZARI,KAB. SERDANG BEDAGAI,KEC. PANTAI CERMIN,JALAN PANTAI CERMIN KIRI
70061381,SMP SWASTA AMAL-MAS 2 LAHUSA,,,,,0,,KAB. NIAS SELATAN,KEC. LAHUSA,DESA ANGORUDUA BALAEKHA
10259738,SMP SWASTA DARUSSALAM,0616853404,yaspendarlabuhan@gmail.com,B,428,23,YAYASAN PENDIDIKAN DARUSSALAM,KOTA MEDAN,KEC. MEDAN LABUHAN,JL. PANCING I NO. 19 KEL. BESAR
69954870,SMP SWASTA AL RAZI SINAR HARAPAN,085360448813,smp.alrazi@gmail.com,A,431,23,YAYASAN AL RAZI SINAR HARAPAN,KOTA MEDAN,KEC. MEDAN JOHOR,JL. MELINJO I NO. 19 KOMPLEK JOHOR PERMAI
70015863,SMP SWASTA WIJAYANTA TIGAPANAH,,,A,63,9,YAYASAN PENDIDIKAN WIJAYANTA,KAB. KARO,KEC. TIGAPANAH,"JLN. SEBERAYA NO 10, TIGAPANAH"
10210201,SMP SWASTA ALWASHLIYAH,0618447030,smpalwashliyahpinangbaris@gmail.com,B,32,10,PERKUMPULAN AL JAMI'ATUL WASHLIYAH,KOTA MEDAN,KEC. MEDAN SUNGGAL,JL. TB. SIMATUPANG NO. 67
69947321,SMP SWASTA AL AMJAD,06142085547,perguruanalamjad@gmail.com,A,490,32,YAYASAN HAJI HASBALLAH YUNUS,KOTA MEDAN,KEC. MEDAN SUNGGAL,JALAN MERPATI NO. 81
69756821,SMPS NUPELA,081264638393,smpswasta_nupela@yahoo.co.id,B,127,16,YAYASAN NURANI PELITA AGUNG,KAB. NIAS,KEC. GIDO,LOLOZASAI
10205266,SMP SWASTA PEMDA LABUHANBATU,0624325825,smppemdarantauprapat@gmail.com,B,64,13,PENDIDIKAN PEMDA LABUHANBATU,KAB. LABUHANBATU,KEC. RANTAU UTARA,JL. BINARAGA RANTAUPRAPAT
10204128,SMP SWASTA TAMAN SISWA SEI SUKA,081361151230,smptamsisseisuka18@gmail.com,C,142,12,PERSATUAN PERGURUAN TAMANSISWA CABANG BANDAR TINGGI,KAB. BATU BARA,KEC. SEI SUKA,DUSUN TAMSIS NO. 49 DESA SIMPANG KOPI
10261209,SMP IT AL - HIJRAH,06180028321,smpsit.alhijrah@gmail.com,A,241,21,YAYASAN AL HIJRAH DELI SERDANG,KAB. DELI SERDANG,KEC. PERCUT SEI TUAN,JL. PERHUBUNGAN
70060649,SMP SWASTA ISLAM TERPADU SAINS AN-NUR,,,,9,4,YAYASAN ANNUR DOLOK MERAWAN,KAB. SERDANG BEDAGAI,KEC. SEI RAMPAH,JL SENTOSA DUSUN VI DESA FIRDAUS
10261668,SMP SWASTA IT AL FATTAH,081397956100,smpswastait.alfattah@yahoo.co.id,B,128,7,YAYASAN PENDIDIKAN ISLAM AL FATTAH DELI SERDANG,KAB. DELI SERDANG,KEC. HAMPARAN PERAK,JL. DESA LAMA DUSUN II
10258024,SMP SWASTA BUDISATRYA,7366899,smpbudisatrya@gmail.com,A,201,18,,KOTA MEDAN,KEC. MEDAN TEMBUNG,JL. LETDA SUJONO NO. 166
10213846,SMP PLUS DARUL ILMI MURNI,0617033061,darulilmimurnismpswasta@gmail.com,B,26,8,YAYASAN PENDIDIKAN ISLAM HAJI MASRI DARUL ILMI MURNI,KAB. DELI SERDANG,KEC. NAMO RAMBE,JL. KARYA JAYA UJUNG
10210216,SMP BETANIA,,sekolahbetania@yahoo.com,B,45,5,YAYASAN PENDIDIKAN BETANIA,KOTA MEDAN,KEC. MEDAN DENAI,JL. TANGGUK BONGKAR 3 NO. 57
10211056,SMP SWASTA TEUKU UMAR,0617326537,smpswastateukuumar@gmail.com,C,62,11,YAYASAN DARUL AITAM,KOTA MEDAN,KEC. MEDAN AREA,JL. MEDAN AREA SELATAN NO. 333 A MEDAN
69949357,SMP IT DARUL FIKRI,081376495412,smpitdf.2016@gmail.com,B,285,23,YAYASAN PERGURUAN ISLAM TERPADU TARBIYATUL AULAD DARUL FIKRI,KOTA TANJUNG BALAI,KEC. DATUK BANDAR,JL.LETJEND JAMIN GINTING
69980923,SMP SWASTA CITA LUHUR,085358037674,sekolahcitaluhur@gmail.com,B,24,7,KEMUNING PAREGA,KOTA MEDAN,KEC. MEDAN POLONIA,JL. IR. JUANDA NO. 14-A6 MEDAN
10213921,SMP PAB-5 PATUMBAK-I,082361631409,smppab5patumbak@ymail.com,B,495,26,PERKUMPULAN AMAL BAKTI  SUMATERA UTARA,KAB. DELI SERDANG,KEC. PATUMBAK,JL.PERTAHANAN UJUNG
70052539,SMP SWASTA ISLAM QURRATAAYUN ISLAMIC QURAN BOARDING SCHOOL,085261302961,smpislamqurrataayun@gmail.com,,21,7,YAYASAN RAUDHOH MUJTAHIDIL QURAN,KAB. ASAHAN,KEC. KISARAN TIMUR,"JALAN SYECH HASAN NO. 56, LK. VIII, KEL. TELADAN"
10209263,SMP SWASTA MELATI,,zulkarnaen_melati@yahoo.co.id,B,16,4,PERGURUAN MELATI,KAB. SERDANG BEDAGAI,KEC. PERBAUNGAN,JL. ISTANA DESA KOTA GALUH
69774644,SMPS ROMALBEST,0616612998,smp.methodist.romalbest@gmai.com,B,273,8,YAYASAN PERGURUAN KRISTEN MPH ROMALBEST (METHODIST ROMALBEST),KOTA MEDAN,KEC. MEDAN TEMBUNG,JL SUKARIA NO 90
10220904,SMP FREE METHODIST 1,,smp.sw.freemethodist1@gmail.com,B,420,21,YAYASAN PENDIDIKAN  FREE METHODIST INDONESIA,KOTA MEDAN,KEC. MEDAN HELVETIA,JL. BERINGIN RAYA NO. 152-E HELVETIA
10209282,SMP SWASTA ALWASHLIYAH 3 DOLOK MASIHUL,081260197247,smpaw03dolokmasihul@gmail.com,B,63,6,YAYASAN   ALWASHLIYAH,KAB. SERDANG BEDAGAI,KEC. DOLOK MASIHUL,JLN. BESAR NO.036 PEKAN DOLOK MASIHUL KEC. DOLOK MASIHUL
10211050,SMP SWASTA TAMAN SISWA MEDAN,7320536,smptamansiswamedan@gmail.com,A,87,8,PERSATUAN PERGURUAN TAMANSISWA CABANG MEDAN,KOTA MEDAN,KEC. MEDAN AREA,JALAN BAKARAN BATU NO. 18 MEDAN
10209280,SMP KARTINI UTAMA,082362046000,smpkartini.utama@gmail.com,B,61,11,YAYASAN PERGURUAN KARTINI UTAMA,KAB. SERDANG BEDAGAI,KEC. SEI RAMPAH,JL. TERATAI DUSUN III SEI RAMPAH
10259948,SMPS NANYANG ZHI HUI,0614534328,nanyangzh@yahoo.com,A,121,8,YAYASAN PENDIDIKAN NANYANG INDONESIA,KOTA MEDAN,KEC. MEDAN BARU,JL. ABDULLAH LUBIS NO.15 MEDAN
10213945,SMP SWASTA SABILINA,06177200015,sabilina_sekolahku@yahoo.com,B,561,40,YAYASAN PENDIDIKAN SABILINA,KAB. DELI SERDANG,KEC. PERCUT SEI TUAN,JL SABILINA PASAR VII
10208926,SMP SW. ADVENT SIMBOLON,,adventsimbolon@gmail.com,B,49,7,YAYASAN PENDIDIKAN GEREJA MASEHI ADVENT HARI KETUJUH SUMATERA UTARA,KAB. SAMOSIR,KEC. PALIPI,SIGAOL SIMBOLON
10202631,SMP SWASTA SATRYA BUDI PERDAGANGAN,0622697512,smpsatryabudi_1957@yahoo.com,B,126,8,PERGURUAN SATRYA BUDI PERDAGANGAN,KAB. SIMALUNGUN,KEC. BANDAR,JLN.AMAL NO.5 PERDAGANGAN
69989771,SMP SWASTA PUTRI DELI,081397913852,smp.yppd@gmail.com,C,111,10,YAYASAN PENDIDIKAN PUTRI DELI,KAB. DELI SERDANG,KEC. NAMO RAMBE,JL. PERJUANGAN GG. SEKOLAH SIMPANG PERUMNAS PUTRI DELI NAMORAMBE
69888729,SMP SWASTA MARDI WIYATA UTAMA,081396583045,mardiwiyatautama@gmail.com,C,43,10,YAYASAN MARDI WIYATA UTAMA,KAB. SIMALUNGUN,KEC. BOSAR MALIGAS,JL. NUSA INDAH EMPLASMEN GUNUNG BAYU
10259030,SMP BUNGA BANGSA 6,082114531070,ramadanhasibuan@ymail.com,B,27,6,YAYASAN PENDDIKAN BUNGA BANGSA,KOTA MEDAN,KEC. MEDAN SUNGGAL,JL. T. AMIR HAMZAH
10214021,SMP TUNAS KARYA,06179749099,smptunaskarya@gmail.com,B,130,14,YAYASAN PERGURUAN TUNAS KARYA,KAB. DELI SERDANG,KEC. BATANG KUIS,JL.BATANG KUIS -TANJUNG MORAWA DESA TANJUNG SARI
70035688,SMP ISLAM TERPADU BUSTANUL ULUM,083809224336,smpitbustanululum22@gmail.com,A,55,8,YAYASAN PENDIDIKAN BUSTANUL ULUM SULAIMAN,KAB. DELI SERDANG,KEC. BERINGIN,JL. BAKARAN BATU DUSUN SEMPALI
10257821,SMP SWASTA PERTIWI,0616615576,smpspertiwi@gmail.com,A,229,20,YAYASAN PERGURUAN PERTIWI KOTA MEDAN,KOTA MEDAN,KEC. MEDAN BARAT,JL. BUDI KEMASYARAKATAN NO. 4
69981582,SMP MUHAMMADIYAH SIBABANGUN,,,B,79,10,PIMPINAN DAERAH MUHAMMADIYAH (PDM) KAB. TAPANULI TENGAH,KAB. TAPANULI TENGAH,KEC. SIBABANGUN,JL. PADANG SIDEMPUAN
69964324,SMP ISLAM TERPADU (IT) HARAPAN BANGSA,081376042107,smpitharapanbangsa.tm@gmail.com,B,141,7,YAYASAN SELAMAT AMANAH PERGURUAN HARAPAN BANGSA,KAB. DELI SERDANG,KEC. TANJUNG MORAWA,JL. DARMO SARI
69971491,SMP IT DAARUL ISTIQLAL MARINDAL-I,081265720288,smpitdaarulistiqilalmarindal1@gmail.com,B,454,20,YAYASAN PENDIDIKAN DAARUL ISTIQLAL,KAB. DELI SERDANG,KEC. PATUMBAK,JLN. PANTAI RAMBUNG GG. CAKRA II PASAR III
70032543,SMP ISLAM TERPADU BAITUL QURAN,085277816339,smpitbaitulquran4@gmail.com,A,47,9,YAYASAN PENDIDIKAN ISLAM BAITUL QURAN DELI SERDANG,KAB. DELI SERDANG,KEC. STM HILIR,DUSUN III KOMPLEK GRANIT INDAH RESIDENCE
10211756,SMP KELUARGA,06227436563,smpypk95@yahoo.com,A,172,22,YAYASAN PERGURUAN KELUARGA,KOTA PEMATANGSIANTAR,KEC. SIANTAR BARAT,JLN. SERAM
70056211,SMP SWASTA IT AL KAFFAH ISLAMIC SCHOOL KISARAN,,,,24,6,MARKAZ EL IMAN,KAB. ASAHAN,KEC. KISARAN TIMUR,JL. KECIPIR LINGKUNGAN I
10201052,SMP SWASTA PAB 13,085359258910,smp.swasta.pab13@gmail.com,B,247,21,PERKUMPULAN AMAL BAKTI  SUMATERA UTARA,KAB. LANGKAT,KEC. STABAT,"JALAN BINJAI - STABAT KM. 35,5"
10209268,SMP SWASTA NUSANTARA,082167139955,smpnusantara55@gmail.com,B,273,10,YAYASAN PENDIDIKAN NUSANTARA,KAB. SERDANG BEDAGAI,KEC. TEBING TINGGI,JALAN PASAR TIGA
10210102,SMP SWT PARULIAN 1,0617369740,smp.parulian1.sumut@gmail.com,A,141,22,YAYASAN PENDIDIKAN PARULIAN MEDAN,KOTA MEDAN,KEC. MEDAN KOTA,JL. STADION NO.23
69896519,SMP SWASTA NOBLE SCHOOL,06180016272,nobleschool46@gmail.com,A,109,11,YAYASAN NOBLE PLUS,KOTA MEDAN,KEC. MEDAN PERJUANGAN,JALAN PELITA II NO. 46
10213972,SMP SWASTA MASEHI SIBOLANGIT,08126407320,jaminginting476@gmai.com,B,73,11,YAYASAN PENDIDIKAN KRISTEN GEREJA BATAK KARO PROTESTAN,KAB. DELI SERDANG,KEC. SIBOLANGIT,JLN.JAMIN GINTING
70045442,SMP ISLAM TERPADU ELIANDY PUTRA BANGSA,085362425113,smpiteltrasa@gmail.com,B,60,7,YAYASAN ELIANDY PUTRA BANGSA,KAB. LANGKAT,KEC. PADANG TUALANG,JL. TITI BESI DUSUN KELINGAN
70036324,SMP SWASTA IT SAINS ALQURAN,085762927151,smpitsainsalquran03@gmail.com,C,63,17,PERGURUAN NURUL IKHLAS,KAB. BATU BARA,KEC. DATUK TANAH DATAR,DUSUN III DPR MULIA
10204130,SMP SWASTA SEPAKAT,062351129,smpsepakatseibalai@yahoo.co.id,C,22,9,YAYASAN PERGURUAN PENDIDIKAN SEPAKAT SEI BALAI,KAB. BATU BARA,KEC. SEI BALAI,JL. BESAR NO.26 SEI BALAI
10201036,SMP SWASTA HARAPAN STABAT,081376839808,smpharapanschool@yahoo.com,A,13,4,YAYASAN PERGURUAN HARAPAN,KAB. LANGKAT,KEC. STABAT,STABAT
10208526,SMP SWASTA RAKYAT MERANTI TIMUR,0822277912189,smpsw_rakyatmerantitimur02@yahoo.com,B,110,8,SMP SWASTA RAKYAT MERANTI TIMUR,KAB. TOBA,KEC. PINTU POHAN MERANTI,MERANTI TIMUR
70046484,SMP EDU GLOBAL MEDAN,,,A,108,18,YAYASAN KREASI EDULAB INDONESIA,KOTA MEDAN,KEC. MEDAN SELAYANG,KOMPLEK OCBC RINGROAD JL. GAGAK HITAM NO. A1A-A4B
10202514,SMP SWASTA MUHAMMADIYAH - 21 DOLOK BATU NANGGAR,062264052,smpmuhdolokbatunanggar@gmail.com,A,429,32,PIMPINAN DAERAH MUHAMMADIYAH (PDM) KAB. SIMALUNGUN,KAB. SIMALUNGUN,KEC. DOLOK BATU NANGGAR,JALAN MERDEKA NO. 16 SERBALAWAN
10220892,SMPS AL ITTIHADIYAH,081260019653,ninaangraini.14@gmail.com,B,122,10,YAYASAN AMAL DAN SOSIAL PANTI ASUHAN MAMIYAI AL ITTIHADIYAH,KOTA MEDAN,KEC. MEDAN AREA,JL. BROMO NO. 25 MEDAN
69981289,SMP SWASTA AL - AMIN,,smpalamin7@gmail.com,C,72,12,YAYASAN BONA SIMALUNGUN MANDIRI,KAB. SIMALUNGUN,KEC. BANDAR MASILAM,JALAN TAPAK KUDA NO.12
10210212,SMP AMAL LUHUR,06184709544,smpamalluhur82@gmail.com,B,130,14,YAYASAN PERGURUAN AMAL LUHUR,KOTA MEDAN,KEC. MEDAN HELVETIA,JL. AMAL LUHUR NO. 116 MEDAN
10213938,SMP SWASTA RAKYAT SEI GLUGUR,,smprakyatsgl2@gmail.com,B,178,16,YAYASAN PERGURAUN RAKYAT SEI GLUGUR,KAB. DELI SERDANG,KEC. PANCUR BATU,JL. TANJUNG ANOM - LAU BAKERI
70042693,SMP IT RUHUL JADID,,smpinterrujad@gmail.com,C,78,11,YAYASAN PENDIDIKAN RUHUL JADID,KAB. LABUHANBATU SELATAN,KEC. TORGAMBA,DUSUN TEMPEL
10213845,SMP HKBP LUBUK PAKAM,0617952379,hkbplubukpakam1956@gmail.com,B,43,7,,KAB. DELI SERDANG,KEC. LUBUK PAKAM,JLN T.IMAM BONJOL LUBUK PAKAM NO.14
10258055,SMP SWASTA BINA SEJAHTERA MEDAN,081269451876,smpbinasejahtera@yahoo.com,B,47,14,YAYASAN BINA SEJAHTERA,KOTA MEDAN,KEC. MEDAN SUNGGAL,"JL. SUNGGAL NO, 320 MEDAN SUNGGAL"
69939551,SMP IT IQRO,085276820379,iqrosmpit@gmail.com,A,256,18,YAYASAN SARANA HIDAYAH,KAB. LANGKAT,KEC. STABAT,JLN.KENANGA LINGKUNGAN I
70051444,SMP SWASTA ISLAM TERPADU GHAFA,,smpsitghafamedan@gmail.com,B,55,4,YAYASAN PENDIDIKAN GHAFA MEDAN,KOTA MEDAN,KEC. MEDAN DELI,JL SUASA TENGAH PASAR IV
10213923,SMP PAB 8 SAMPALI,,smppabsampali@yahoo.co.id,B,333,15,PERKUMPULAN AMAL BAKTI  SUMATERA UTARA,KAB. DELI SERDANG,KEC. PERCUT SEI TUAN,JL. PASAR HITAM NO.69
69984272,SMP IT DARUL HIKMAH,,smpitdarulhikmah2018@gmail.com,B,99,8,YAYASAN DARUL HIKMAH SEI LEPAN,KAB. LANGKAT,KEC. SEI LEPAN,DUSUN SUKA MAJU
10259334,SMP HKBP PARDAMEAN MEDAN,081263745125,smphkbppardamean@gmail.com,B,59,9,YAYASAN SD-SMP HKBP PARDAMEAN MEDAN,KOTA MEDAN,KEC. MEDAN TEMBUNG,JL. PARDAMEAN NO. 94 MEDAN
10210119,SMP SWASTA LETJEN HARYONO MT,0618460390,smpletjen.haryonomt@yahoo.co.id,B,125,9,YAYASAN PERGURUAN LETJEN HARYONO M.T,KOTA MEDAN,KEC. MEDAN SUNGGAL,JALAN PINANG BARIS GANG SEKATA
10210137,SMPS METHODIST-12,061787981,smpswastamethodist12medan@gmail.com,B,168,19,YAYASAN DAUN PALEM INDONESIA,KOTA MEDAN,KEC. MEDAN AMPLAS,JL. PANCA NO. 28 MARENDAL MEDAN
10204043,SMP SWASTA KARYA,081375553133,edi_gunawan1994@yahoo.com,B,103,14,YAYASAN PERGURUAN KARYA,KAB. ASAHAN,KEC. AEK KUASAN,DESA RAWASARI
10214010,SMP SWASTA TANJUNG MORAWA BERSUBSIDI,0617943880,smp_bersubsidi@yahoo.co.id,B,50,10,YAYASAN PENDIDIKAN PEMBANGUNAN MASYARAKAT TANJUNGMORAWA,KAB. DELI SERDANG,KEC. TANJUNG MORAWA,"JL. PASAR BARU NO. 5 KM. 16,5 TANJUNG MORAWA"
69915736,SMP SWASTA UMBUL MAS WISESA,081287680234,smps_umbulmaswisesa@yahoo.co.id,B,317,14,YAYASAN PENDIDIKAN UMBUL MAS WISESA,KAB. LABUHANBATU SELATAN,KEC. KAMPUNG RAKYAT,PT. UMBUL MAS WISESA
10208711,SMP SWASTA RK SANTA MARIA PAKKAT,,smprkpakkat@gmail.com,A,247,15,YAYASAN PENDIDIKAN KATOLIK SANTO YOSEPH MEDAN,KAB. HUMBANG HASUNDUTAN,KEC. PAKKAT,JL. PERG. KATOLIK PAKKAT
10210130,SMP SWASTA  MADYA UTAMA,0616634847,riduanjamal04@gmail.com,B,35,10,,KOTA MEDAN,KEC. MEDAN PERJUANGAN,JL. MADIO  UTOMO NO. 25 MEDAN
10210203,SMP ALI IMRON,7367272,smpaliimronmedan@gmail.com,B,73,10,PERGURUAN ALI IMRON,KOTA MEDAN,KEC. MEDAN TEMBUNG,JL. BERSAMA NO. 21
70003428,SMP SW. MUALLIMIN NU PANDAN,,,B,78,15,YAYASAN PENDIDIKAN MA'ARIF NAHDATUL ULAMA KABUPATEN TAPANULI TENGAH,KAB. TAPANULI TENGAH,KEC. PANDAN,"JL. PADANGSIDIMPUAN KM. 8,2"
10202633,SMP SWASTA YAPENDAK TINJOWAN,,smpyapendaktin123@gmail.com,A,339,20,YAYASAN PENDIDIKAN PERKEBUNAN NUSANTARA IV,KAB. SIMALUNGUN,KEC. UJUNG PADANG,TINJOWAN
10203485,SMP SW. HARAPAN TIGABARU,081360592547,smpswharapantigabaru@gmail.com,C,46,7,YP. HARAPAN TIGABARU,KAB. DAIRI,KEC. PEGAGAN HILIR,TANGGARUBE
60702887,SMP SWASTA IT PERMATA HATI,062124764,smpit2permatahati@gmail.com,A,305,26,YAYASAN PERGURUAN ISLAM TERPADU PERMATA HATI,KOTA TEBING TINGGI,KEC. PADANG HILIR,JL. ABDURRAHIM LUBIS NO. 40.A
10258174,SMP SWASTA FAJAR MAS LASORI I,082374242066,smpsfajarmaslahusa@gmail.com,C,125,17,YAYASAN PERGURUAN FAJAR MAS LAHUSA,KAB. NIAS SELATAN,KEC. LAHUSA,LAHUSA
10210086,SMP SWASTA MULIA,085359987254,smpswastamulia267@gmail.com,B,85,7,YAYASAN PENDIDIKAN MUSLIM LEWAT ILMU DAN AKHLAK,KOTA MEDAN,KEC. MEDAN SELAYANG,JL KENANGA SARI NO 33
10212252,SMP S AL MANAR,,smpsalmanar@yahoo.com,B,48,10,YAYASAN PENDIDIKAN AL MANAR UJUNG GURAP,KOTA PADANG SIDEMPUAN,KEC. BATU NADUA,"PANTI ASUHAN AL MANAR, JALAN JENDERAL ABDUL HARIS NASUTION."
10262174,SMP ADVENT PULO HARAPAN,,smpadventpuloharapan01@gmail.com,C,50,7,YAYASAN PENDIDIKAN GEREJA MASEHI ADVENT HARI KETUJUH SUMATERA UTARA,KAB. LABUHANBATU UTARA,KEC. KUALUH HILIR,PULO HARAPAN
69972635,SMP SWASTA MUSLIM AL-SYAHRIN,085261512448,smpmuslimalsyahrin@gmail.com,C,87,10,PENDIDIKAN MUSLIM AL-SYAHRIN AMBALUTU,KAB. ASAHAN,KEC. BUNTU PANE,JALAN BESAR AMBALUTU
10259142,SMP AL WASHLIYAH 20,0614554847,smpitalwashliyah20@yahoo.com,B,73,11,AL JAM'IYATULWASHLIYAH,KOTA MEDAN,KEC. MEDAN PERJUANGAN,JL. MABAR NO. 2
10203484,SMP SWASTA  BUKIT CAHAYA SIDIKALANG,082165280448,smpcahayasidikalang@gmail.com,A,32,6,YAYASAN PENDIDIKAN BUKIT CAHAYA,KAB. DAIRI,KEC. SIDIKALANG,JL. MAKMUR NO 10 SIDIKALANG
10259710,SMP SWASTA HARAPAN BANDAR PULO,08137630130,banpolsmpharapan@gmail.com,B,279,23,YAYASAN PENDIDIKAN IR.H.MAULANA,KAB. LANGKAT,KEC. BATANG SERANGAN,DUSUN BANDAR PULO
69960758,SMP IT SWASTA KHANSA KHALIFAH,081370060461,smpitkhansakhalifah@gmail.com,B,68,9,YPI KHANSA KHALIFAH,KAB. DELI SERDANG,KEC. SUNGGAL,JL. SENTOSA GG. SEKOLAH NO. 105
10211584,SMP SWASTA IR.H.DJUANDA TEBING TINGGI,062121364,smpjuandatebing@gmail.com,A,228,21,PERGURUAN SWASTA IR.H.DJUANDA,KOTA TEBING TINGGI,KEC. TEBING TINGGI KOTA,JALAN THAMRIN NOMOR 125
10210037,SMP SWASTA ISLAM AZIZI,085359493391,smpswastaislamazizi@yahoo.com,B,25,4,YAYASAN PERGURUAN ISLAM AZIZI,KOTA MEDAN,KEC. MEDAN PERJUANGAN,JL.KESATRIA NO.70 MEDAN
10257673,SMP MARISI,0618451885,smps.marisi@yahoo.com,A,142,14,YAYASAN PENDIDIKAN NASIONAL MARISI MEDAN,KOTA MEDAN,KEC. MEDAN HELVETIA,JL. GURU SINUMBA NO.2 HELVETIA TIMUR MEDAN
69980201,SMP SMART SCHOOL SWARI,081260131790,smpswastasmartschool@yahoo.com,C,72,10,YAYASAN SMART SCHOOL SWARI,KAB. DELI SERDANG,KEC. PERCUT SEI TUAN,JL. BHINNEKA TUNGGAL IKA DUSUN I DESA BANDAR KLIPPA
70023546,SMP SWASTA IT MIFTAHUL ILMI,,,B,32,8,YAYASAN MIFTAHUL ILMI,KAB. SIMALUNGUN,KEC. PEMATANG BANDAR,PEKAN KERASAAN
10257325,SMP MUHAMMADIYAH 7,0616621557,smpm7medan@gmail.com,A,432,31,PIMPINAN DAERAH MUHAMMADIYAH (PDM) KOTA MEDAN,KOTA MEDAN,KEC. MEDAN PERJUANGAN,JALAN PELITA II NO.3-5 MEDAN
10211809,SMP SWASTA ADVENT,062227627,smpsadvent@yahoo.com,A,76,11,YAYASAN PENDIDIKAN GEREJA MASEHI ADVENT HARI KETUJUH SUMATERA UTARA,KOTA PEMATANGSIANTAR,KEC. SIANTAR MARTOBA,JL. RAKUTA SEMBIRING
10259147,SMP NU MEDAN,081375655345,smpsnu.medan@gmail.com,B,95,9,YAYASAN PERGURUAN NAHDLATUL ULAMA,KOTA MEDAN,KEC. MEDAN HELVETIA,JL. BRIGJEND. H. A. MANAF LUBIS NO. 2 MEDAN
10202619,SMP SWASTA TAMANSISWA PERLANAAN,081362342843,tamansiswa_smp@yahoo.com,B,107,7,TAMANSISWA,KAB. SIMALUNGUN,KEC. BANDAR,JL. PONDOK LAUT PERDAGANGAN II
69969890,SMP SWASTA IT BINA INSAN,081375318506,smpitbkbinainsan@gmail.com,A,284,28,BINA INSAN,KAB. DELI SERDANG,KEC. BATANG KUIS,JL. NUSA INDAH GG. MELATI NO.47
10211786,SMP SWASTA CINTA RAKYAT 2 PEMATANGSIANTAR,,smpcintarakyat82@gmail.com,A,183,19,YAYASAN PENDIDIKAN KATOLIK SANTO YOSEPH MEDAN,KOTA PEMATANGSIANTAR,KEC. SIANTAR TIMUR,JL.ASAHAN
10208061,SMP MUHAMMADIYAH 40 KOTANOPAN,,ismawatilubis@gmail.com,C,24,7,PIMPINAN DAERAH MUHAMMADIYAH (PDM) KAB. MANDAILING NATAL,KAB. MANDAILING NATAL,KEC. KOTANOPAN,JLN. MEDAN-PADANG KM. 8 TAMIANG
70001876,SMP IT MUTIARA,,,B,114,15,YAYASAN PENDIDIKAN MUTIARA AULIA,KAB. DELI SERDANG,KEC. SUNGGAL,JL. JATI NO. 125 A
70053925,SMP SWASTA IT PLUS AN NUR MEDAN,,,,19,9,YAYASAN LENTERA KALAM ILAHI,KOTA MEDAN,KEC. MEDAN TIMUR,JL. DAMAR RAYA NO. 9
10257691,SMP SWASTA METHODIST - 8 MEDAN,0616622138,ypkmyosafat@yahoo.co.id,A,172,11,YAYASAN PERGURUAN KRISTEN METHODIST YOSAFAT MEDAN,KOTA MEDAN,KEC. MEDAN BARAT,JL KL YOS SUDARSO MEDAN
70010345,SMP IT AZZAM DARUSSAADAH,082213616365,smpitazzamlkt20@gmail.com,B,60,10,PENDIDIKAN AL ISLAM,KAB. LANGKAT,KEC. PANGKALAN SUSU,JL. PKL. BERANDAN DUSUN IV
10201079,SMP SWASTA BINA SIANTA,085277550303,smpbinasiata@gmai.com,B,52,5,SMP SWSATA OSNI,KAB. LANGKAT,KEC. PANGKALAN SUSU,JL TUNGKAM ABADI PANGKALAN SIANTA
70057679,SMP IT AL-HAFIDZI,082165365558,smp.it.al.hafidzi2023@gmail.com,C,55,6,YAYASAN PENDIDIKAN AL HAFIDZI,KAB. DELI SERDANG,KEC. PERCUT SEI TUAN,JL. SEDERHANA DUSUN X RAYA
69968055,SMP SWASTA CAHAYA KASIH,8912891,smpswastacahayakasih@yahoo.com,B,39,8,YAYASAN PENDIDIKAN CAHAYA KASIH,KAB. LANGKAT,KEC. STABAT,JLN.MUSYAWARAH NO.2 PAYA MABAR
10210207,SMP ALWASHLIYAH 30,,ypsukoharjosmpsaw30@gmail.com,A,718,35,PERKUMPULAN AL JAMI'ATUL WASHLIYAH,KOTA MEDAN,KEC. MEDAN LABUHAN,JL.PANCING I NO.2
10239058,SMP SWASTA SUTOMO 2,0616615133,smpsutomo2@sutomo-mdn.sch.id,A,612,30,YAYASAN PERGURUAN SUTOMO MEDAN,KOTA MEDAN,KEC. MEDAN BARAT,JL. DELI INDAH IV NO. 6
10213828,SMP SWASTA AN-NUR,085372298803,smp.annur16@gmail.com,B,161,13,YAYASAN PERGURUAN AN-NUR,KAB. DELI SERDANG,KEC. TANJUNG MORAWA,JL. BANDAR LABUHAN DUSUN III
10210205,SMP SWASTA AL WASHLIYAH 9 MEDAN,0616943713,smpsalwashliyah9belawan@gmail.com,B,293,16,PERKUMPULAN AL JAMI'ATUL WASHLIYAH,KOTA MEDAN,KEC. MEDAN KOTA BELAWAN,JL. SELEBES NO. 40 BELAWAN
10208060,SMP MUHAMMADIYAH 31 PANYABUNGAN,081396909080,smpmuhammadiyah31@gmail.com,B,272,19,PIMPINAN DAERAH MUHAMMADIYAH (PDM) KAB. MANDAILING NATAL,KAB. MANDAILING NATAL,KEC. PANYABUNGAN,JL. BHAYANG KARA I GUNUNG TUA
10202029,SMP SWASTA IMMANUEL KABANJAHE,06287003290,ypiimmanuel@yahoo.com,B,27,4,YAYASAN PERGURUAN IMMANUEL KABANJAHE,KAB. KARO,KEC. KABANJAHE,JL. KATEPUL NO. 92
69733888,SMP SWASTA SALSA,082160339390,smpswasta_salsa@yahoo.com,A,140,8,YAYASAN BINA INSANI GEMILANG,KAB. DELI SERDANG,KEC. PERCUT SEI TUAN,JL. DIPONEGORO CINTA RAKYAT
70006851,SMP SWASTA ISLAM TERPADU AL IKHLAS,,smpalikhlas13@gmail.com,C,39,8,YAYASAN AL - IKHLAS,KOTA MEDAN,KEC. MEDAN SELAYANG,JL. JAMIN GINTING PASAR VII
10211351,SMP SWASTA SETIA BUDI,0618823716,smpsetiabudibinjai@gmail.com,A,91,12,YAYASAN PENDIDIKAN SETIA BUDI BINJAI,KOTA BINJAI,KEC. BINJAI UTARA,JLN PERINTIS KEMERDEKAAN NO.III A
10201958,SMP SWASTA MUHAMMADIYAH 43 KABANJAHE,,smpmuhammadiyah43@gmail.com,B,70,9,PIMPINAN DAERAH MUHAMMADIYAH (PDM) KAB. KARO,KAB. KARO,KEC. KABANJAHE,JL JAMIN GINTING DESA SUMBER MUFAKAT
10210223,SMP APIPSU MEDAN,0618451508,smpapipsu@gmail.com,A,40,9,APIPSU,KOTA MEDAN,KEC. MEDAN HELVETIA,JL  GATOT SUBROTO GG.RASMI NO 28 MEDAN
10208910,SMP SW. BAKTI MULIA ONANRUNGGU,081260505877,smp_baktimulia@yahoo.co.id,A,251,16,YAYASAN PUTERI HATI KUDUS,KAB. SAMOSIR,KEC. ONANRUNGGU,JL. SUSTERAN ONANRUNGGU
10208528,SMP SWASTA BUDHI DHARMA BALIGE,063221534,info@smpbudhidharma.sch.id,A,680,40,YAYASAN DON BOSCO  MANADO,KAB. TOBA,KEC. BALIGE,JALAN PASTOR SYBRANDUS VAN ROSSUM BALIGE
10211760,SMP SWASTA MARS,062221104,smpswasta.mars@yahoo.com,A,139,14,YAYASAN PERGURUAN MARS,KOTA PEMATANGSIANTAR,KEC. SIANTAR TIMUR,JL. A. YANI NO. 400
10210104,SMP SWT MUHAMMADIYAH 48,0617322982,smpmuhammadiyah48@gmail.com,B,116,12,PIMPINAN DAERAH MUHAMMADIYAH (PDM) KOTA MEDAN,KOTA MEDAN,KEC. MEDAN DENAI,JL. TANGGUK BONGKAR X NO. 2
70054023,SMP SWASTA ISLAM TERPADU ALMISHBAH,,,,34,5,ALMISHBAH PEMATANG KUALA,KAB. SERDANG BEDAGAI,KEC. TELUK MENGKUDU,DUSUN I DESA PEMATANG KUALA
60725261,SMP AL WASHLIYAH,081375528033,smpalwashliyahsunggal@gmail.com,B,245,11,PERGURUAN AL WASHLIYAH,KAB. DELI SERDANG,KEC. SUNGGAL,JL. PEMBANGUNAN DESA MULIREJO
10205148,SMPS. ADVENT TELADAN,082218041762,smpadventteladan@yahoo.co.id,B,61,8,YAYASAN PENDIDIKAN PERGURUAN ADVENT TELADAN,KAB. LABUHANBATU SELATAN,KEC. TORGAMBA,KAMPUNG BARU III
10210109,SMP SWASTA NASRANI 3,,vid.19.07.80@gmail.com,B,47,12,PERKUMPULAN PERGURUAN NASRANI MEDAN,KOTA MEDAN,KEC. MEDAN BARAT,JL. PENGAYOMAN NO. 9
70005040,SMP SWASTA TELADAN JAYA,,smpteladanjaya@gmail.com,A,64,11,YAYASAN PENDIDIKAN TELADAN JAYA BANGUN,KAB. SIMALUNGUN,KEC. GUNUNG MALELA,JL. ASAHAN KM 17 BANGUN
69967076,SMP SWASTA IT HANDAYANI,081397460981,smpithandayani123@gmail.com,B,75,12,YAYASAN PENDIDIKAN REMAJA,KAB. SIMALUNGUN,KEC. BANDAR,JALAN TARUNA NO.09 SIMP.REMAJA
69989777,SMP SWASTA ARINA SIDIKALANG,,,A,40,8,YAYASAN ARINA RONATIO,KAB. DAIRI,KEC. SIDIKALANG,JL EMPAT LIMA - SIDIKALANG
69982289,SMP SWASTA ADVENT AIR BERSIH MEDAN,06188807439,smpadventab72@yahoo.com,B,89,7,YAYASAN PENDIDIKAN GEREJA MASEHI ADVENT HARI KETUJUH SUMATERA UTARA,KOTA MEDAN,KEC. MEDAN KOTA,JL. AIR BERSIH NO. 98 A
10213994,SMP SWASTA SINGOSARI DELITUA,0617030119,smp.swasta.singosari1989@gmail.com,A,154,10,YAYASAN PENDIDIKAN SINGOSARI,KAB. DELI SERDANG,KEC. DELI TUA,JL. BESAR MEDAN-DELITUA KM. 11 NO. 1
10210211,SMP SWASTA AMAL BAKTI,081370443441,sugih.toyo@yahoo.com,C,99,7,YAYASAN AMAL BAKTI,KOTA MEDAN,KEC. MEDAN DELI,JL. KAYU PUTIH
10220884,SMP SWASTA AL- AZHAR,0618361911,smpalazhar1984@gmail.com,A,529,53,YAYASAN HAJJAH RACHMAH NASUTION,KOTA MEDAN,KEC. MEDAN JOHOR,JL. PINTU AIR NO. 214
10200349,SMP SWASTA RK SANTA MARIA,082276249481,smpsantamariasibirubiru@gmail.com,B,110,10,YAYASAN PERGURUAN KATOLIK DON BOSCO KEUSKUPAN AGUNG MEDAN,KAB. DELI SERDANG,KEC. SIBIRU-BIRU,DESA PENEN
70010403,SMP SWASTA IT IBNU KHALDUN,,,B,24,8,YAYASAN CAHAYA KEBAIKAN INSANI,KOTA MEDAN,KEC. MEDAN MARELAN,JL ILENG GG MANGGIS
10209344,SMP SWASTA SWADAYA GUNUNG MONAKO,081361366542,smpswadayagm.2020@gmail.com,B,170,11,YAYASAN PENDIDIKAN SWADAYA GUNUNG MONAKO,KAB. SERDANG BEDAGAI,KEC. SIPISPIS,JL. BESAR GUNUNG MONAKO
10202552,SMP SWASTA DARMA PERTIWI,081362298580,smpswastadarmapertiwi@gmail.com,B,23,13,YAYASAN PENDIDIKAN PERKEBUNAN NUSANTARA IV,KAB. SIMALUNGUN,KEC. SIDAMANIK,PTP NUSANTARA IV BAH BUTONG
10209259,SMP SWASTA SILINDA,082173370787,ypssilinda@gmail.com,B,68,14,YAYASAN PERGURUAN SILINDA,KAB. SERDANG BEDAGAI,KEC. SILINDA,JALAN BESAR GUNUNG MERIAH
10259698,SMP HIKMATUL FADHILLAH,081375806369,hikmatulfadhillahsmp@gmail.com,B,308,19,YAYASAN PENDIDIKAN ISLAM HIKMATUL FADHILLAH,KOTA MEDAN,KEC. MEDAN DENAI,JL. JERMAL VII GG. MURNI XII
70061433,SMP SWASTA AMAL-MAS 3 LAHUSA,,,,,0,,KAB. NIAS SELATAN,KEC. LAHUSA,BAWOFARONO
10212230,SMP SWASTA SARI PUTRA,085370008277,sariputra2020@gmail.com,A,186,23,VIHARA BUDDHA AVALOKITESVARA,KOTA PADANG SIDEMPUAN,KEC. PADANG SIDIMPUAN UTARA,JL. MERDEKA NO.432
70007866,SMP SWASTA ASSISI TOMOK,081246614513,smpassisitomoksimanindo@gmail.com,A,187,14,YAYASAN PUTERI HATI KUDUS,KAB. SAMOSIR,KEC. SIMANINDO,TOMOK
10211571,SMP SWASTA R.A. KARTINI TEBING TINGGI,,smpswastar.a.kartini@gmail.com,A,77,8,YAYASAN PERGURUAN R.A. KARTINI,KOTA TEBING TINGGI,KEC. RAMBUTAN,JALAN K.L. YOS SUDARSO NO. 89
10261561,SMP SWASTA TAMAN PENDIDIKAN,,smp.tapen2008@yahoo.com,A,67,8,YAYASAN PERGURUAN TAMAN PENDIDIKAN,KAB. SIMALUNGUN,KEC. BANDAR,"JLN. RADJAMIN PURBA, SH"
10259927,SMP SWASTA HANG TUAH 1,,smphangtuahbelawan@gmail.com,A,704,33,YAYASAN HANG TUAH CABANG BELAWAN,KOTA MEDAN,KEC. MEDAN KOTA BELAWAN,JL. SULAWESI II NO 1
10257764,SMP SWASTA AL HIDAYAH BUKIT SARI,082361524892,smpalhidayah441@gmail.com,B,47,8,YAYASAN PENDIDIDKAN AL HIDAYAH BUKIT SARI,KAB. LANGKAT,KEC. PADANG TUALANG,JL SUKARAMAI DESA BUKIT SARI
10214008,SMP SWASTA 17 AGUSTUS,081375505791,smpsw.17.ags@gmail.com,B,295,24,YAYASAN PENDIDIKAN SMP SWASTA 17 AGUSTUSTIGA JUHAR,KAB. DELI SERDANG,KEC. SINEMBAH TNJNG MUDA HULU,JALAN VETERAN DUSUN 1
10211600,SMP SWASTA ADVENT,,sdsmpadvent@gmail.com,C,30,5,YAYASAN PENDIDIKAN GEREJA MASEHI ADVENT HARI KETUJUH SUMATERA UTARA,KOTA TEBING TINGGI,KEC. PADANG HULU,JALAN SISINGAMANGARAJA NO.110
10220250,SMP SWASTA DHARMA BHAKTI SIBORONGBORONG,,smpsdbsbb@gmail.com,B,110,12,YAYASAN DHARMA BHAKTI SIBORONGBORONG,KAB. TAPANULI UTARA,KEC. SIBORONGBORONG,JALAN SISINGAMANGARAJA
10210250,SMP SWASTA ADVENT 3,081263726994,smpsadvent03@gmail.com,B,26,7,YAYASAN PENDIDIKAN GEREJA MASEHI ADVENT HARI KETUJUH SUMATERA UTARA,KOTA MEDAN,KEC. MEDAN AREA,JL BROMO LR ADIL NO 50 B
10263549,SMP IT RAHMAT,,rahmatsmpku@gmail.com,B,141,6,YAYASAN RAHMAT MARENDAL,KAB. DELI SERDANG,KEC. PATUMBAK,JL. KEBUN KOPI PSR.V - MARINDAL
10203482,SMP SWASTA NUSANTARA TIGALINGGA,081375101679,smpnusantaratigalingga@yahoo.co.id,B,42,6,YAYASAN PERGURUAN NUSANTARA TIGALINGGA,KAB. DAIRI,KEC. TIGALINGGA,JLN. NUSANTARA NO. 138 TIGALINGGA
69958819,SMP SWASTA TARUNA BANGSA,,smptarunabangsa123@gmail.com,B,56,10,YAYASAN TARUNA BANGSA,KAB. LANGKAT,KEC. SAWIT SEBERANG,MEKAR SAWIT
10205167,SMP S MUHAMMADIYAH 25 RANTAUPRAPAT,062421271,smp_muhammad1yah25@ymail.com,B,108,13,PIMPINAN DAERAH MUHAMMADIYAH (PDM) KAB. LABUHAN BATU,KAB. LABUHANBATU,KEC. RANTAU UTARA,JL. KH. A. DAHLAN RANTAUPRAPAT
10213975,SMP METHODIST- AN PANCUR BATU,,pancurbatumethodist@yahoo.com,A,419,27,YAYASAN PENDIDIKAN GEREJA METHODIST INDONESIA  ANTIOKHIA PANCURBATU,KAB. DELI SERDANG,KEC. PANCUR BATU,JL.LETJEN JAMIN GINTING NO.36
10213968,SMP KARYA UTAMA,085297245871,karyautamasmpsma@yahoo.co.id,B,46,7,YAYASAN PERGURUAN KARYA UTAMA,KAB. DELI SERDANG,KEC. PATUMBAK,JL.PENDIDIKAN NO.23 MARINDAL
69956448,SMP ISLAM TERPADU MUTIA RAHMA,081362077163,smpitmutiarahma@gmail.com,B,218,9,YAYASAN PENDIDIKAN MUTIA RAHMA,KAB. DELI SERDANG,KEC. HAMPARAN PERAK,JL. KLONI 3 DESA BULU CINA
69989222,SMP ISLAM AL-AZHAR ASY-SYARIF SUMATERA UTARA,08116066080,adminsmp@alazharasysyarifsumut.sch.id,A,435,25,YAYASAN DOKTOR HAJI MARATUA SIMANJUNTAK,KAB. DELI SERDANG,KEC. PERCUT SEI TUAN,JL. MAHONI PASAR II TIMUR
10210057,SMP SWT CENDERAMATA,0614159439,smpswtcenderamata@yahoo.co.id,B,26,11,YAYASAN PENDIDIKAN NASIONAL CENDERAMATA,KOTA MEDAN,KEC. MEDAN PETISAH,JL. PERIUK NO. 90
10203491,SMP SW. MUHAMMADIYAH 51 SIDIKALANG,082167581515,smpswmuhammadiyah@gmail.com,C,58,13,PIMPINAN DAERAH MUHAMMADIYAH (PDM) KAB. DAIRI,KAB. DAIRI,KEC. SIDIKALANG,JL.MANUNGGAL SIMPANG GARDU PLN PANJI SIBURA-BURA
10210200,SMP AL WASHLIYAH 24 MEDAN,,smp_aw24@yahoo.com,B,48,5,PERKUMPULAN AL JAMI'ATUL WASHLIYAH,KOTA MEDAN,KEC. MEDAN MAIMUN,JL.PASAR SENEN NO.7 KP.BARU MEDAN
10210079,SMP SWT NURCAHAYA,0613460,smpnurcahaya@yahoo.com,A,231,17,YAYASAN PENDIDIKAN NURCAHAYA,KOTA MEDAN,KEC. MEDAN SELAYANG,JL. BUNGA CEMPAKA NO. 41
69965077,SMP SWASTA MUHAMMADIYAH,,smpmuhammadiyahtt@gmail.com,B,122,12,PIMPINAN DAERAH MUHAMMADIYAH (PDM) KOTA TEBING TINGGI,KOTA TEBING TINGGI,KEC. BAJENIS,JL. SEI PADANG
69819431,SMP SWASTA YAKHADA,081266717883,mutialainaeffendi10@gmail.com,B,48,6,YAYASAN PENDIDIKAN KELUARGA YAKHADA,KAB. DELI SERDANG,KEC. HAMPARAN PERAK,JL. HAMPARAN PERAK DUSUN VII NO. 53
10211396,SMP SWASTA GAJAH MADA,0618822129,smp_gama_binjai@yahoo.co.id,A,148,13,YAYASAN PERGURUAN GAJAH MADA BINJAI,KOTA BINJAI,KEC. BINJAI BARAT,JALAN RASBERI NO. 22
10258348,SMP SWASTA LENTERA HARAPAN,081370935587,smplh.gusit@gmail.com,A,193,10,YAYASAN PENDIDIKAN PELITA HARAPAN TANGERANG,KOTA GUNUNGSITOLI,KEC. GUNUNGSITOLI UTARA,"JL.ARAH AWA,AI KM 12,5"
10202628,SMP SWASTA BINAGUNA TANAH JAWA,06227562022,smpswastabinaguna@gmail.com,B,200,13,YAYASAN PERGURUAN BINAGUNA,KAB. SIMALUNGUN,KEC. TANAH JAWA,BALIMBINGAN
10209262,SMP SWASTA METHODIST EL-SHADDAY PERBAUNGAN,0617990565,smpsmethodistperbaungan@gmail.com,A,204,14,YAYASAN PERGURUAN KRISTEN METHODIST EL-SHADDAY,KAB. SERDANG BEDAGAI,KEC. PERBAUNGAN,JALAN MAWAR NO.2 PERBAUNGAN
70047517,SMP IT DAARUL FADHIL,081372024516,smpitdaarulfadhil@gmail.com,B,51,11,YAYASAN DAARUL FADHIL HARAMAIN,KAB. MANDAILING NATAL,KEC. BUKIT MALINTANG,DESA BANGE
10213981,SMP SWASTA PAB-1 KLUMPANG,082162715151,smps.pab1@gmail.com,A,642,35,PERKUMPULAN AMAL BAKTI  SUMATERA UTARA,KAB. DELI SERDANG,KEC. HAMPARAN PERAK,JL.RAYA DESA KLUMPANG KEBUN
10239052,SMP SWASTA MAYJEND SUTOYO SM,0618473611,smp_sutoyo@yahoo.com,A,108,13,,KOTA MEDAN,KEC. MEDAN SUNGGAL,JL. BANGAU NO. 02
10257346,SMP SWASTA PEMBANGUNAN NASIONAL,06176293050,smppemnas115pagarmerbau@yahoo.com,B,95,10,PEMBANGUNAN NASIONAL,KAB. DELI SERDANG,KEC. PAGAR MARBAU,JL. IMPRES SUKAMANDI HILIR
10211353,SMP SWASTA RK ST. THOMAS 2 BINJAI,0618822743,smp_st_thomas2@ymail.com,A,143,10,YAYASAN PERGURUAN KATOLIK DON BOSCO KEUSKUPAN AGUNG MEDAN,KOTA BINJAI,KEC. BINJAI TIMUR,JL. IKAN TENGGIRI NO. 21
69932245,SMP SWASTA ADVENT,082166390429,,B,32,7,YAYASAN PENDIDIKAN GEREJA MASEHI ADVENT HARI KETUJUH SUMATERA UTARA,KAB. SERDANG BEDAGAI,KEC. SEI BAMBAN,JALAN GEMPOLAN PSR II
10257719,SMP SWASTA HARAPAN 2,0614515661,smpharapan2@gmail.com,A,50,7,YAYASAN PENDIDIKAN HARAPAN,KOTA MEDAN,KEC. MEDAN MAIMUN,JL.IMAM BONJOL NO.35 MEDAN
10201956,SMP SWASTA METHODIST BERASTAGI,081263644068,smppkmi@yahoo.com,A,207,17,YAYASAN METHODIST RAHMANI INDONESIA,KAB. KARO,KEC. BERASTAGI,JLN. VETERAN 44 BERASTAGI
10202540,SMP SWASTA PRAMA ARTHA,,smpswastapramaartha@yahoo.co.id,A,384,21,YAYASAN PENDIDIKAN PRAMA ARTHA JAYA,KAB. SIMALUNGUN,KEC. BANDAR HULUAN,PASAR II
10203488,SMP SW. LINGGA TEMBA,082190365890,yayasanperguruanlingga@yahoo.co.id,B,51,4,SMP SWASTA LINGGA TEMBA,KAB. DAIRI,KEC. PEGAGAN HILIR,TEMBA
10213949,SMP SWASTA ADVENT,081375068092,smpsadventpulogundur@yahoo.co.id,C,30,4,YAYASAN PENDIDIKAN GEREJA MASEHI ADVENT HARI KETUJUH SUMATERA UTARA,KOTA BINJAI,KEC. BINJAI TIMUR,JL. SOEKARNO HATTA
10201041,SMP SWASTA EKA NUSANTARA,081263039207,smp.ekanusantara@gmail.com,C,47,8,YAYASAN PENDIDIKAN EKA NUSANTARA,KAB. LANGKAT,KEC. SALAPIAN,LAU TEPU
10220901,SMP SWT BUDI SUNGGAL,,smpswbudisunggal@gmail.com,B,27,6,PERGURUAN BUDI SUNGGAL MEDAN,KOTA MEDAN,KEC. MEDAN SUNGGAL,JL. SUNGGAL NO. 320
10205162,SMP S AMPERA SEI TAMPANG,081370379826,smpsampera@yahoo.com,B,43,14,SMP SWASTA AMPERA SEI TAMPANG,KAB. LABUHANBATU,KEC. BILAH HILIR,JL. AJAMU KM. 12 SEI TAMPANG
10212537,SMP SWASTA PABA,,smpspaba@gmail.com,C,41,9,YAYASAN PENDIDIKAN PANCA ABDI BANGSA (PABA),KAB. LANGKAT,KEC. SECANGGANG,JLN. BESAR SECANGGANG
10204134,SMP SWASTA PANTI BUDAYA,062343816,budayasmppanti@yahoo.com,A,234,13,YAYASAN PENDIDIKAN KATOLIK SANTO YOSEPH MEDAN,KAB. ASAHAN,KEC. KISARAN BARAT,JL. HAMKA NO.31 KISARAN
10259954,SMP VICTORY,,smp_victory@yahoo.co.id,B,9,5,YAYASAN PERGURUAN KRSTEN VICTORY,KOTA MEDAN,KEC. MEDAN SELAYANG,JL SEMBADA NO 95 MEDAN
10258436,SMP SWASTA MUHAMMADIYAH 49,085277696526,smp_muhammadiyah49tegalrejo@yahoo.com,B,51,8,PIMPINAN DAERAH MUHAMMADIYAH (PDM) KOTA MEDAN,KOTA MEDAN,KEC. MEDAN PERJUANGAN,JL. MESJID TAUFIK GG. MADRASAH NO. 5
10257834,SMP SWASTA AL MASDAR,083197548243,smpalmasdar@yahoo.co.id,B,331,13,YAYASAN ALMASDAR,KAB. DELI SERDANG,KEC. BATANG KUIS,JL BATANG KUIS-LUBUK PAKAM DUSUN II
10259540,SMP SWASTA AL HIDAYAH MEDAN,06173360972,smpalhidayahmedan@gmail.com,B,67,13,YAYASAN PERGURUAN AL-HIDAYAH,KOTA MEDAN,KEC. MEDAN TEMBUNG,JL.LETDA SUJONO GG. PERGURUAN NO. 04 MEDAN
10210089,SMP SWASTA MUHAMMADIYAH 50,085836053533,smpmuhammadiyah50@gmail.com,B,114,9,PIMPINAN DAERAH MUHAMMADIYAH (PDM) KOTA MEDAN,KOTA MEDAN,KEC. MEDAN SUNGGAL,JL. GARUDA GG. MESJID TAQWA NO. 571
10203477,SMP SW. SANTU PAULUS,062721421,smp.st.paulus1956@gmail.com,A,612,28,YAYASAN SERI AMAL MEDAN,KAB. DAIRI,KEC. SIDIKALANG,JL. MERGA SILIMA NO 18
10257603,SMP SWT DARMA,081376464918,smpswastadarma@gmail.com,B,148,16,YAYASAN PENDIDIKAN DARMA MEDAN,KOTA MEDAN,KEC. MEDAN JOHOR,JL. KARYA SEHATI NO. 6
10213826,SMP AMPERA BATANG KUIS,0617388409,batangkuissmpampera@yahoo.co.id,B,134,17,YAYASAN PERGURUAN AMPERA BATANG KUIS,KAB. DELI SERDANG,KEC. BATANG KUIS,JALAN AMPERA NO 219
10211397,SMP SWASTA BUDI UTOMO,0618823982,smpbudiutomo@yahoo.co.id,C,559,30,PENDIDIKAN BUDI UTOMO BINJAI,KOTA BINJAI,KEC. BINJAI TIMUR,JL. WAHIDIN NO.48 BINJAI
10212218,SMP S PERGURUAN RAKYAT,081370012115,yanti.viriski@yahoo.co.id,B,62,7,,KOTA PADANG SIDEMPUAN,KEC. PADANG SIDIMPUAN UTARA,JL. SUDIRMAN GG.SEHAT NO.18A
10202530,SMP SWASTA PTP NUSANTARA IV DOLOK SINUMBAH,082273388245,smpptp4dosin@gmail.com,B,115,12,YAYASAN PENDIDIKAN PERKEBUNAN NUSANTARA IV,KAB. SIMALUNGUN,KEC. HUTABAYU RAJA,JLN. AFD.I DOLOK SINUMBAH
69840997,SMP SWASTA ISLAM TERPADU AL-MUNAWWAR,,smpitalmunawwar935@gmail.com,C,195,14,TARBIYAH ISLAMIYAH AL-MUNAWWAR,KAB. TAPANULI TENGAH,KEC. BADIRI,KELURAHAN HUTABALANG KEC. BADIRI
70008256,SMP SWASTA WTP SCHOOL,,,A,65,7,YAYASAN PANCA NARAWANGSA,KAB. DELI SERDANG,KEC. TANJUNG MORAWA,"JALAN DAHLAN TANJUNG NO. B16-B18, C12-C17"
10259676,SMP SWASTA KATOLIK BUDI MURNI 1,0614555120,aslinsitumorang@yahoo.co.id,A,345,27,YAYASAN PERGURUAN KATOLIK DON BOSCO KEUSKUPAN AGUNG MEDAN,KOTA MEDAN,KEC. MEDAN TIMUR,JL. TIMOR NO.34 MEDAN
10205178,SMP S BHAYANGKARI 3 RANTAUPRAPAT,0624327939,smpsbhayangkari3@yahoo.co.id,B,89,11,YAYASAN KEMALA BHAYANGKARI,KAB. LABUHANBATU,KEC. RANTAU UTARA,JL. T. CIK DI TIRO
10209331,SMP SWASTA TAMANSISWA NAGARAJA,081376965100,smp.tamansiswa.nagaraja@gmail.com,B,75,7,PERSATUAN PERGURUAN TAMANSISWA CABANG NAGARAJA,KAB. SERDANG BEDAGAI,KEC. SIPISPIS,DESA NAGUR PANE NAGARAJA
10211355,SMP SWASTA PABA,0618822657,yaspend@paba-binjai.sch.id,A,220,21,PANCA ABDI BANGSA (PABA),KOTA BINJAI,KEC. BINJAI SELATAN,JL. PADANG SIDEMPUAN NO. 8
10260902,SMP SWASTA MUHAMMADIYAH 36 TANJUNG TIRAM,081370739474,smpsmhd36@gmail.com,B,305,19,PIMPINAN DAERAH MUHAMMADIYAH (PDM) KAB. BATUBARA,KAB. BATU BARA,KEC. TANJUNG TIRAM,JLN.MERDEKA NO.70 A
10209330,SMP SWASTA TELADAN SEI RAMPAH,062141031,smpteladanseirampah2@gmail.com,B,69,3,YP. MUSDA TELADAN SEI RAMPAH,KAB. SERDANG BEDAGAI,KEC. SEI RAMPAH,JLN. MEDAN NO.5 SEI RAMPAH
10211357,SMP SWASTA PAB 14,,smppab14_b@yahoo.com,C,66,7,PERKUMPULAN AMAL BAKTI  SUMATERA UTARA,KOTA BINJAI,KEC. BINJAI UTARA,JL. TENGKU AMIR HAMZAH KM 24
10202559,SMP SWASTA BUKIT CAHAYA,081375021664,smpbukitcahaya10202559@gmail.com,B,22,7,,KAB. SIMALUNGUN,KEC. PANOMBEIAN PANEI,BATU 3 NAGORI BOSAR
10258437,SMP SWASTA SITI HAJAR,0618369339,smpsitihajar.medan@gmail.com,A,440,28,YAYASAN MOCHTAR TARIGAN MEDAN,KOTA MEDAN,KEC. MEDAN TUNTUNGAN,JL. JAMIN GINTING KM 11 MEDAN
10212440,SMP SWASTA SISINGAMANGARAJA,082361058055,smpssmraja@gmail.com,A,479,30,YAYASAN PERGURUAN SISINGAMANGARAJA,KOTA TANJUNG BALAI,KEC. TANJUNG BALAI SELATAN,JL. SISINGAMANGARAJA NO 101
10260060,SMP SWASTA KARYA KARTINI,082274544603,smp.ypkk.gergas@gmail.com,C,27,6,YAYASAN PENDIDIKAN KARYA KARTINI,KAB. LANGKAT,KEC. WAMPU,DUSUN III TANJUNG -REJO GERGAS
10258081,SMP SWASTA ANGKASA LANUD SOEWONDO,06145676019,k1.swdsmp@gmail.com,A,118,14,YAYASAN ARDHYA GARINI CABANG LANUD SOEWONDO,KOTA MEDAN,KEC. MEDAN POLONIA,JL. POLONIA UJUNG NO. 99 MEDAN
10260766,SMP SWASTA METHODIST-11,0617880439,smpmeth11@gmail.com,B,162,13,YAYASAN PENDIDIKAN KRISTEN METHODIST TITUS,KOTA MEDAN,KEC. MEDAN JOHOR,JLN. BERLIAN SARI III NO. 151 A
10202014,SMP SWASTA BUDI MURNI PINTU ANGIN,,smpbudimurnipintuangin@gmail.com,B,141,8,YAYASAN PERGURUAN KATOLIK DON BOSCO KEUSKUPAN AGUNG MEDAN,KAB. KARO,KEC. MARDINGDING,PINTU ANGIN
10210139,SMP MELATI,0616842294,yayasanpendidikanm@yahoo.co.id,B,18,11,PENDIDIKAN SWASTA MELATI,KOTA MEDAN,KEC. MEDAN MARELAN,JL. SUMBAWA II NO. 223 KOMP. MARELAN INDAH
10202618,SMP SWASTA TELADAN BANGUN,082290448123,bangunteladan.smp@gmail.com,B,33,4,YAYASAN PERGURUAN TELADAN,KAB. SIMALUNGUN,KEC. GUNUNG MALELA,JL. ASAHAN KM 13
10213932,SMP SWASTA PERSIAPAN,082276569097,smppersiapansunggal@gmail.com,B,43,8,YAYASAN KARYA BANGSA SUNGGAL,KAB. DELI SERDANG,KEC. SUNGGAL,JL. JOHAR SEI MENCIRIM
10260625,SMP SWASTA ST IGNASIUS MEDAN,0617852908,smp_ignasius@yahoo.com,A,357,27,YAYASAN SERI AMAL MEDAN,KOTA MEDAN,KEC. MEDAN JOHOR,JL. KARYA WISATA NO. 6 MEDAN
10203478,SMP SW. SAUT SAROHA,081262910790,smpsautsarohasigalingging@yahoo.com,C,81,9,PERGURUAN SMP SAUT SAROHA SIGALINGGING,KAB. DAIRI,KEC. PARBULUAN,JL. DOLOK SANGGUL KM. 20
70061504,SMP SWASTA YAYASAN PERGURUAN INDONESIA MEMBANGUN BELAWAN,,,,,5,YAYASAN PERGURUAN INDONESIA MEMBANGUN TARUNA,KOTA MEDAN,KEC. MEDAN KOTA BELAWAN,JL. PULAU SERAM LK. IV
70014706,SMP SWASTA ORA ET LABORA SIMPANG KABAN,081362982516,smpsoelsp.kaban@gmail.com,B,36,10,YAYASAN PEKABARAN INJIL DAN DIAKONIA ORA ET LABORA,KAB. KARO,KEC. KABANJAHE,"JLN. JAMIN GINTING, KM 5 SIMPANG KABAN"
10200356,SMP SWASTA YPI DELITUA,0617031562,smpswastaypidelitua170@gmail.com,A,332,18,YAYASAN PENDIDIKAN ISLAM DELITUA,KAB. DELI SERDANG,KEC. DELI TUA,GG. SURYO KM. 5 DELI TUA
10210033,SMP SWASTA HANG TUAH 2 MEDAN,0616852681,smpht2@gmail.com,A,140,18,YAYASAN HANG TUAH CABANG BELAWAN,KOTA MEDAN,KEC. MEDAN DELI,"JL.KL. YOS SUDARSO KM.11,5 TITIPAPAN"
70047004,SMP IT AL HIKMAH,081362391715,smpitalhikmah88@gmail.com,B,84,6,YPI JATI JAJAR,KAB. LANGKAT,KEC. BINJAI,JL.T.AMIR HAMZAH
10220249,SMP SWASTA BAHALBATU,082165878680,smpswasta1@gmail.com,B,176,10,YAYASAN PERGURUAN BAHALBATU,KAB. TAPANULI UTARA,KEC. SIBORONGBORONG,BAHALBATU I
10211289,SMP SWASTA AHMAD YANI,0618821857,operator.ahmadyanibinjai@gmail.com,A,454,25,YAYASAN PENDIDIKAN AHMAD YANI,KOTA BINJAI,KEC. BINJAI KOTA,JALAN ADE IRMA SURYANI NO. 38 A
10213960,SMP SWASTA DWI TUNGGAL,0617945530,smpswasta_dwitunggal@yahoo.com,B,262,13,PERGURUAN DWITUNGGAL,KAB. DELI SERDANG,KEC. TANJUNG MORAWA,"JL.  MEDAN -TANJUNG MORAWA KM -14,5"
70042263,SMP IT RIDHATUL TAHTA ARIFA,085215662053,smpitridhatultahtaarifa@gmail.com,B,76,8,YAYASAN RIDHATUL TAHTA ARIFA,KAB. LANGKAT,KEC. PANGKALAN SUSU,JL.PANTAI BERAWE DUSUN IV SEI PINANG
10211757,SMP PELITA YPI AL-MADJID PEMATANGSIANTAR,062222061,smppelitaypi@yahoo.co.id,B,38,6,YAYASAN PENDIDIKAN ISLAM,KOTA PEMATANGSIANTAR,KEC. SIANTAR BARAT,"JL.BRIGJEN RAJAMIN PURBA, SH NO. 110 ( SIMP. JALAN SERAM ATAS )"
10202517,SMP SWASTA MUHAMMADIYAH 54 KERASAAN,081370217411,smpmuhammadiyah54kerasaan@gmail.com,B,154,11,PIMPINAN DAERAH MUHAMMADIYAH (PDM) KAB. SIMALUNGUN,KAB. SIMALUNGUN,KEC. PEMATANG BANDAR,JL.SANGNAWALUH PEKAN KERASAAN
10213860,SMP MASEHI DELI TUA,087869460766,merinaschool@gmail.com,C,66,6,YPK GBKP MASEHI DELITUA,KAB. DELI SERDANG,KEC. DELI TUA,JALAN LORONG NOGIO NO 68
10204023,SMP SWASTA AL WASHLIYAH 15 PRAPAT JANJI,,smps.15prapatjanji@yahoo.com,B,52,9,AL WASHLIYAH,KAB. ASAHAN,KEC. BUNTU PANE,JALAN PENDIDIKAN NO.336
10260908,SMP SWASTA SYUHADA,081362164148,smpsyuhadasukaraja@gmail.com,C,280,15,BKM SYUHADA,KAB. BATU BARA,KEC. AIR PUTIH,JL. GANESHA NO. 20
69733917,SMP SWASTA SATU NUSA,8826326,satunusa1221@yahoo.co.id,C,19,8,ABDURRAHMAN AYUN,KOTA BINJAI,KEC. BINJAI KOTA,JALAN PANDE DINGIN NO.42
10260029,SMP SWASTA BABALAN,062020164,smpypbbabalan@gmail.com,B,29,11,YAYASAN PERGURUAN BABALAN,KAB. LANGKAT,KEC. BABALAN,JL. THAMRIN GG. PENDIDIKAN
70025295,SMP NURUL HIKMAH AN-NAHDLY,,,B,46,12,YAYASAN BABUSSALAM NURUL HIKMAH AL-HASYIMIYAH,KAB. DELI SERDANG,KEC. BATANG KUIS,JL. BATANG KUIS - LUBUK PAKAM DUSUN IV
10211785,SMP SWASTA CINTA RAKYAT 3 PEMATANGSIANTAR,,smpcr3pematangsiantar@gmail.com,A,469,24,YAYASAN PENDIDIKAN KATOLIK SANTO YOSEPH MEDAN,KOTA PEMATANGSIANTAR,KEC. SIANTAR UTARA,JL. KAIN BATIK
10204367,SMP TAMAN SISWA SUKADAMAI,081362350825,smptamansiswa_sukadamai@yahoo.com,B,186,11,PERSATUAN PERGURUAN TAMANSISWA CABANG SUKADAMAI,KAB. ASAHAN,KEC. PULO BANDRING,JL. TAMAN SISWA NO. 25
69981571,SMP IT AL-HIJRAH BINTUJU,082368999326,smpitswasta.alhijrah@gmail.com,B,123,2,YAYASAN AL HIJRAH BINTUJU,KAB. TAPANULI SELATAN,KEC. ANGKOLA MUARA TAIS,JL. MANDAILING KM. 14 KELURAHAN BINTUJU
10202510,SMP SWASTA NUSANTARA SAHKUDA,085358628768,smpnusantarasahkuda45@yahoo.com,C,15,4,PERGURUAN NUSANTARA SAHKUDA,KAB. SIMALUNGUN,KEC. GUNUNG MALELA,"JL.ASAHAN KM.22,5 SAHKUDA"
10213836,SMP SWASTA RK DELI MURNI,0617030587,smpdelimurnidelitua@yahoo.com,A,433,21,YAYASAN PERGURUAN KATOLIK DON BOSCO KEUSKUPAN AGUNG MEDAN,KAB. DELI SERDANG,KEC. DELI TUA,JL.NOGIO 117 DELITUA
70047040,SMP SWASTA AL IHSAN,,,C,76,13,YAYASAN ISLAM AL IHSAN SAENTIS,KAB. DELI SERDANG,KEC. PERCUT SEI TUAN,LORONG SEMAR DUSUN XV
10203490,SMP SWASTA MASYARAKAT SEMPUNG,081370736098,smpswastamasyarakatsempung07@gmail.com,A,223,9,,KAB. DAIRI,KEC. LAE PARIRA,SEMPUNG
69824452,SMP PKMI SIDIKALANG,0627424266,smppkmisidikalang@gmail.com,B,124,14,YAYASAN PENDIDIKAN GEREJA METHODIST INDONESIA WILAYAH-I,KAB. DAIRI,KEC. SIDIKALANG,JL. SENTOSA
10264654,SMP IT SWASTA AL FURQAN,,yayasanalfurqandiski@ymail.com,C,99,13,YAYASAN AL-FURQAN DISKI,KAB. DELI SERDANG,KEC. SUNGGAL,JL. PRASETYA RAYA NO. 29 PERUM BTN
10211052,SMP SWASTA TELADAN,081265653435,smpsteladan.sumut@gmail.com,A,151,16,YAYASAN PERGURUAN TELADAN SUMATERA UTARA,KOTA MEDAN,KEC. MEDAN HELVETIA,JL. PENDIDIKAN NO 62
10213838,SMP DESA MAJU,085262595816,smp.desamaju@gmail.com,C,67,11,YAYASAN  PERGURUAN NASIONAL DESA MAJU,KAB. DELI SERDANG,KEC. STM HILIR,SUGUHAN
69991597,SMP AL ISLAMIYAH BAGAS NAGODANG,,smpalislamiyahbn@gmail.com,B,140,18,YAYASAN AL ISLAMIYAH BAGAS NAGODANG,KAB. TAPANULI SELATAN,KEC. SIPIROK,KELURAHAN SIPIROK GODANG
10262383,SMP SWASTA AN-NAAS,082391763547,smpswastaannaasbinjai@gmail.com,A,288,24,YAYASAN PENDIDIKAN AN NAAS,KOTA BINJAI,KEC. BINJAI TIMUR,JL. SISINGAMARAJA NO. 99
70043934,SMP MBS DARUL ARQOM SIMALUNGUN,081333867878,smpmbsdarularqomkerasaan@gmail.com,B,49,5,PIMPINAN DAERAH MUHAMMADIYAH (PDM) KAB. SIMALUNGUN,KAB. SIMALUNGUN,KEC. PEMATANG BANDAR,RAMBUNG SUSU KERASAAN I
10258293,SMP AL FALAH AL ITTIHADIYAH,0614152100,smpalfalah89@yahoo.com,B,67,12,YAYASAN PERGURUAN AL FALAH AL ITTIHADIYAH,KOTA MEDAN,KEC. MEDAN MAIMUN,JL. IR H. JUANDA BARU NO. 56
10258298,SMP SWASTA NAMIRA,0618217871,smpnamira06@gmail.com,A,264,18,YAYASAN FAJAR DIINUL ISLAM,KOTA MEDAN,KEC. MEDAN SELAYANG,JL SETIA BUDI PSR 1 NO 76
70057231,SMP ISLAM PLUS AL MARINE,,,,15,9,YAYASAN AL MARINE HUSNUL BAROKAH,KOTA MEDAN,KEC. MEDAN MARELAN,JL MARELAN RAYA NO 48A
69948505,SMP SWASTA CAHAYA PENGHARAPAN ABADI,0618474034,smpcahayapengharapan@gmail.com,B,89,7,CAHAYA PENGHARAPAN ABADI,KAB. DELI SERDANG,KEC. LABUHAN DELI,JL. VETERAN PASAR V
10210090,SMP NUSA PENIDA,06188802474,smpsekolahku5@gmail.com,B,46,14,HAJJAH SITI MARIANI,KOTA MEDAN,KEC. MEDAN SELAYANG,JL. RAHARJA NO. 23 PONDOK BATUAN
70010978,SMP PESANTREN TAHFIDZ DAARUL MUKHLASIN,08126051177,smppesantrendaarulmukhlasin@gmail.com,C,27,8,YAYASAN DAARUL MUKHLASIN,KOTA TANJUNG BALAI,KEC. DATUK BANDAR,JLN. HM. NUR GG. AR RIDHO LK. I
10220499,SMP SWASTA ADVENT SOSORGONTING,081262275881,novitasimarmata91@yahoo.co.id,C,90,6,YAYASAN PENDIDIKAN GEREJA MASEHI ADVENT HARI KETUJUH DSKT,KAB. TAPANULI TENGAH,KEC. ANDAM DEWI,SOSORGONTING
10202617,SMP SWASTA TUNAS HARAPAN,081260744833,smptunasharapan817@gmail.com,B,103,6,YAYASAN TUNAS HARAPAN SAYUR MATINGGI,KAB. SIMALUNGUN,KEC. UJUNG PADANG,SAYURMATINGGI
69946355,SMP SWASTA PELITA KASIH SCHOOL,0617940341,pelita21kasih@gmail.com,B,91,8,YAYASAN PELITA KASIH ANUGERAH TANJUNG MORAWA,KAB. DELI SERDANG,KEC. TANJUNG MORAWA,JL. RAYA MEDAN - TANJUNG MORAWA GG. TELKOM NO. 20
10210103,SMP SWASTA PANCA BUDI,081262863956,smp@pancabudi.sch.id,A,417,32,PROF.DR.H.KADIRUN YAHYA,KOTA MEDAN,KEC. MEDAN SUNGGAL,"JALAN JENDERAL GATOT SUBROTO KM. 4,5"
10263530,SMP SWASTA ANASTASIA,06180047399,smpswastaanastasia@gmail.com,B,107,8,ANASTASIA,KAB. DELI SERDANG,KEC. PANCUR BATU,"JL. JAMIN GINTING KM.14 SIMP.GARDU, DUSUN V KOMP.GRIYA RUMAH TENGAH"
10202573,SMP SWASTA GOTONG ROYONG,085370091249,gotongroyongsmpswasta@yahoo.co.id,B,56,6,YAYASAN PERGURUAN GOTONG ROYONG SIMALUNGUN,KAB. SIMALUNGUN,KEC. GUNUNG MALELA,AFD.2.PERKEBUNAN BANGUN SERAPUH
10200285,SMP SWASTA KAVRI,081263989005,smpkavri@yahoo.com,B,247,28,YAYASAN PERGURUAN SMP KAVRI,KAB. DELI SERDANG,KEC. STM HILIR,JL. PELAJAR
10202542,SMP SWASTA KRISTEN MARGA UTAMA,081360113717,smpkmu2_p.bandar@yahoo.com,B,29,10,SD YAYASAN KRISTEN MARGA UTAMA,KAB. SIMALUNGUN,KEC. PEMATANG BANDAR,PEMATANG BANDAR
10204049,SMP SWASTA DAERAH SEI BEJANGKAR,0623659158,smpdaerahseibejangkar@gmail.com,B,110,9,YAYASAN PERGURUAN DAERAH SEI BEJANGKAR,KAB. BATU BARA,KEC. SEI BALAI,SEI BEJANGKAR
10213847,SMP ISLAM TERPADU AL MANAR,082167627082,almanarbersinar@yahoo.com,B,113,7,YAYASAN PERGURUAN AL MANAR,KAB. DELI SERDANG,KEC. HAMPARAN PERAK,JALAN PERINTIS KEMERDEKAAN
10213844,SMP SWASTA HIDAYATUL ISLAM,0618461824,smp.yahdi@ymail.com,B,176,13,YAYASAN PENDIDIKAN ISLAM YAHDI,KAB. DELI SERDANG,KEC. LABUHAN DELI,JALAN BAMBU NO 54 PASAR IV
10207786,SMP SWASTA BNKP LAHEWA,,smpstbnkplahewa@gmail.com,B,56,11,YAYASAN PERGURUAN BNKP JEMAAT LAHEWA,KAB. NIAS UTARA,KEC. LAHEWA,JL. GEREJA NO. 10
10204137,SMP TRIYADIKAYASA,,smp_tyy@yahoo.co.id,B,145,12,YAYASAN PERGURUAN TRIYADIKAYASA,KAB. ASAHAN,KEC. AEK SONGSONGAN,JALAN GUNUNG SARI
10220501,SMP SW ALMUSLIMIN PANDAN,0631371735,smpalmuslimin21@gmail.com,A,1008,63,YAYASAN AL-MUSLIMIN PANDAN (YAMP),KAB. TAPANULI TENGAH,KEC. PANDAN,JALAN RIDWAN HUTAGALUNG NO. 99 PANDAN
10210043,SMP KARANG SARI,,,B,2,3,YAYASAN PERGURUAN KARANG SARI,KOTA MEDAN,KEC. MEDAN POLONIA,JL. MAWAR NO. 9
10208891,SMP SW. SANTU PETRUS URAT,085360551826,ssantupetrus@yahoo.co.id,B,46,6,YAYASAN PENDIDIKAN SANTU PETRUS,KAB. SAMOSIR,KEC. PALIPI,URAT TIMUR
10202537,SMP SWASTA PEMBANGUNAN SARIBU JAWA,085274482808,riva923@yahoo.co.id,C,34,6,YAYASAN PENDIDIKAN PEMBANGUNAN SARIBUJAWA,KAB. SIMALUNGUN,KEC. DOLOK PANRIBUAN,JLN SARIBU JAWA
10203546,SMP SW. ADVENT PULO GUNDUR,081375068092,smpsadventpulogundur@yahoo.co.id,C,49,7,YAYASAN PENDIDIKAN GEREJA MASEHI ADVENT HARI KETUJUH SUMATERA UTARA,KAB. DAIRI,KEC. TIGALINGGA,SUMBUL TENGAH
10201072,SMP SWASTA ABDI MARYKE,085762033933,smp_abdi@yahoo.com,B,122,14,YAYASAN PENDIDIKAN ABDI,KAB. LANGKAT,KEC. KUTAMBARU,JL. PEND. NO. 26 KUTAMBARU MARYKE
10200304,SMP SWASTA BPI,082274160539,smp_swastabpi@yahoo.co.id,B,151,9,YAYASAN BINA PELAJAR INDONESIA,KAB. DELI SERDANG,KEC. HAMPARAN PERAK,JL PALUH HIU NO 10
70052872,SMP SWASTA PEKERTI BANGSA,,,,22,5,YAYASAN PENDIDIKAN PEKERTI BANGSA,KOTA MEDAN,KEC. MEDAN HELVETIA,JL DANAU SINGKARAK NO 20 A-D
10210246,SMP SWASTA AL-WASHLIYAH 27,0617881153,smp.alwashliyah27@ymail.com,B,149,15,PERKUMPULAN AL JAM'IYATUL WASHLIYAH,KOTA MEDAN,KEC. MEDAN AMPLAS,JL. PANGLIMA DENAI NO. 60
10200288,SMP SWASTA KARYA PEMBANGUNAN,0617030284,smp.kpdelitua@gmail.com,B,127,15,YAYASAN PERGURUAN KARYA PEMBANGUNAN DELI TUA,KAB. DELI SERDANG,KEC. DELI TUA,JLN PASAR VI NO.9 DELI TUA
70057961,SMP SWASTA BINA CERIA MANDIRI,,,,13,8,YAYASAN OBOR SUMATERA,KOTA MEDAN,KEC. MEDAN TUNTUNGAN,JL. JAMIN GINTING GG. BANGUN NO. 13
70042968,SMP SWASTA DARUSSALAM,081376764064,darussalambk78@gmail.com,C,46,10,YAYASAN PENDIDIKAN INSAN KAMIL DARUSSALAM,KAB. DELI SERDANG,KEC. PERCUT SEI TUAN,JL. PASAR 6 BELAKANG
69987363,SMP SWASTA AL HIKMAH,085372800529,smpswastaalhikmah19@gmail.com,C,56,7,,KAB. SIMALUNGUN,KEC. JAWA MARAJA BAH JAMBI,HUTA BAH JOGA UTARA
69874378,SMP SWASTA ISLAM SETIA NURUL AZMI,085373775377,muhammadsetiawansenwa@yahoo.com,B,610,28,YAYASAN PERGURUAN SETIA NURUL AZMI,KOTA MEDAN,KEC. MEDAN DELI,JALAN PANCING PASAR 4 LK V
10210115,SMPS KESATRIA,0617332473,kesatriasmp24@gmail.com,A,124,15,YAYASAN PERGURUAN KESATRIA MEDAN,KOTA MEDAN,KEC. MEDAN AREA,JL. GEDUNG ARCA NO. 24 MEDAN
69975405,SMP SWASTA EUNIKE BIDAWANI,,yayasaneunike_bidawani@yahoo.co.id,C,9,5,EUNIKE BIDAWANI,KOTA MEDAN,KEC. MEDAN LABUHAN,JL. GEREJA KOMPLEK TKBM LINGKUNGAN 18
10258177,SMP SWASTA KRISTEN BNKP HILISIMAETANO,,smpsbnkphst@gmail.com,C,39,12,YAYASAN PENDIDIKAN BNKP NIAS SELATAN,KAB. NIAS SELATAN,KEC. MANIAMOLO,RSUD LUKAS HILISIMAETANO
10211398,SMP AN NADWA ISLAMIC CENTRE,082368226693,an_nadwa@yahoo.com,B,34,10,AN-NADWA ISLAMIC CENTRE,KOTA BINJAI,KEC. BINJAI UTARA,JLN. T. UMAR NO. 89 BINJAI
10213856,SMP LESTARI BERINGIN,,smplestari.beringin81@gmail.com,B,170,10,YAYASAN PENDIDIKAN ISLAMIC SCHOOL,KAB. DELI SERDANG,KEC. BERINGIN,JL. MESJID NO.33 KEC. BERINGIN KAB. DELI SERDANG
69775675,SMPS GLORIA INDONESIA,0618828955,smpgloria19@gmail.com,B,83,4,YAYASAN GLORIA INDONESIA,KAB. DELI SERDANG,KEC. HAMPARAN PERAK,JL. T. AMIR HAMZAH PASAR VII
10260701,SMP SWASTA AFORE,082160672429,smps_afores@yahoo.com,C,40,12,YAYASAN PERGURUAN AFORE SUSUA,KAB. NIAS SELATAN,KEC. ULUSUSUA,FONDRAKO RAYA
10210053,SMP DARUSSALAM,0614567710,smpdarussalam37@gmail.com,A,203,18,YAYASAN PENDIDIKAN ISLAM MIFTAHUSSALAM,KOTA MEDAN,KEC. MEDAN PETISAH,JLN DARUSSALAM
69952895,SMP SWASTA NUSA INDAH,081375835043,smpswastanusaindah@gmail.com,C,213,13,YAYASAN NUSA INDAH,KAB. LANGKAT,KEC. SECANGGANG,TRANS BLOK M
10213823,SMP AL MUKMIN,0617386925,smp.almukmin17@gmail.com,B,162,11,YAYASAN PENDIDIKAN SAMIAJI JAYA,KAB. DELI SERDANG,KEC. PERCUT SEI TUAN,JALAN BENTENG HILIR NO.1 BANDAR KHALIPAH
10259490,SMP SWASTA TUNAS BANGSA,082272995538,smpswastatunasbangsapercut@gmail.com,B,190,12,YAYASAN PERGURUAN TUNAS BANGSA,KAB. DELI SERDANG,KEC. PERCUT SEI TUAN,JL. MAKMUR NO. 64 PASAR VII
70054925,SMP SWASTA YORK ACADEMY,06180081617,yorkacademy.medan@gmail.com,,9,8,MEDAN MONTESSORI SCHOOL,KOTA MEDAN,KEC. MEDAN BARAT,JL. T. AMIR HAMZAH NO. 63
10211008,SMP SWASTA SANTO THOMAS 1 MEDAN,082160560345,smp.stosamdn@gmail.com,A,1048,68,YAYASAN PERGURUAN KATOLIK DON BOSCO KEUSKUPAN AGUNG MEDAN,KOTA MEDAN,KEC. MEDAN PETISAH,JL. LETJEN S. PARMAN NO. 109 MEDAN
69901805,SMP SWASTA ISLAM TERPADU AL AZMI,,smpitalazmi@yahoo.com,B,80,6,YAYASAN PENDIDIKAN DAARUSSAKINAH,KAB. ASAHAN,KEC. SEI DADAP,DESA TANJUNG ASRI KECAMATAN SEI DADAP
10214020,SMP TUNAS HARAPAN,081370421385,tunasharapansmps@gmail.com,B,99,21,YAYASAN PERGURUAN TUNAS HARAPAN,KAB. DELI SERDANG,KEC. PANCUR BATU,JL GRAHA TANJUNG ANOM NO 1
10260108,SMP KREATIF,0617350951,smpkreatifmedan@gmail.com,C,16,11,YAYASAN KREATIF MEDAN,KOTA MEDAN,KEC. MEDAN TEMBUNG,JL PERTIWI NO 19 MEDAN
70006542,SMP IT AR ROJA,,arrojajhsit@gmail.com,B,96,13,YAYASAN AR-ROJA BINA INSANI,KAB. ASAHAN,KEC. KISARAN TIMUR,JL. WILLIEM ISKANDAR GG. SOLIHIN
10201953,SMP SWASTA MARIA GORETTI KABANJAHE,062820993,maria.goretti.kabanjahe@gmail.com,A,267,19,YAYASAN PERGURUAN KATOLIK DON BOSCO KEUSKUPAN AGUNG MEDAN,KAB. KARO,KEC. KABANJAHE,JL. LETNAN RATA PERANGIN ANGIN  KABANJAHE
70006299,SMP SWASTA INTEGRITAS BANGSA,085360121943,integritasbangsa@gmail.com,A,151,16,YAYASAN AMBASSADOR INTEGRITAS BANGSA,KOTA MEDAN,KEC. MEDAN HELVETIA,JL. BINJAI KM. 8.5 NO. 16 LK. VI
70041494,SMP SWASTA EMANUEL PENABUR KASIH,082267598252,tkswastaemanuel@gmail.com,B,87,15,TK SWASTA EMANUEL,KAB. NIAS SELATAN,KEC. SOMAMBAWA,DUSUN III SILIMAEWALI DESA FANEDANU
10202749,SMP SWASTA AL WASHLIYAH 34,08126359612,smp_aw34_bt@yahoo.co.id,B,89,11,YAYASAN DOKTOR SYEKH SALMAN DA'IM,KAB. SIMALUNGUN,KEC. BANDAR MASILAM,HUTA I
10257927,SMP TRI JAYA,0617348383,yayasan.trijaya@yahoo.co.id,B,97,8,YAYASAN PERGURUAN TRI JAYA,KOTA MEDAN,KEC. MEDAN DENAI,JL.BROMO NO.204 MEDAN
10257322,SMP SWASTA METHODIST-7 MEDAN,0614150612,smpmethodist7medan777@gmail.com,B,42,4,,KOTA MEDAN,KEC. MEDAN TIMUR,JL. MADONG LUBIS NO. 7 MEDAN
70007988,SMP SWASTA IT INSAN CENDEKIA INDONESIA,,insancendekiasmpit13@gmail.com,B,108,12,CITRA DHARMA RIAU,KOTA MEDAN,KEC. MEDAN DENAI,"JL. DATUK KABU, LINK. VII KEL. DENAI, KEC. MEDAN DENAI"
10212242,SMP S KAMPUS,063422896,kampus_ngetop@yahoo.co.id,B,19,7,YAYASAN PERGURUAN KAMPUS PADANGSIDIMPUAN,KOTA PADANG SIDEMPUAN,KEC. PADANG SIDIMPUAN UTARA,JL. SUTAN SORIPADA MULIA NO.64
10213995,SMP SWADAYA,081376411528,smpswadayasumberejo@gmail.com,C,181,13,SWADAYA SUMBERJO,KAB. DELI SERDANG,KEC. PAGAR MARBAU,JALAN BESAR DESA SUMBEREJO
10257942,SMP SWASTA  DARUL AMAN MEDAN,,smp.darulaman1987@gmail.com,B,177,16,PERGURUAN DARUL AMAN,KOTA MEDAN,KEC. MEDAN MAIMUN,JL. BRIGJEN KATAMSO GG. DARUL AMAN NO. 8A
10261662,SMP SWASTA GEMILANG BANGSA,082167172893,smkgemilanggb@yahoo.com,C,14,7,YAYASAN PENDIDIKAN GEMILANG BANGSA,KAB. DELI SERDANG,KEC. BERINGIN,JL. P. LABU DSN BANJAR NEGORO B (PSR 3) SIDODADI R.
10210219,SMP MMA UISU MEDAN,085261230517,smpmmauisu_medan@yahoo.com,A,85,11,MA'HAD MUALLIMIN AL-WASHLIYAH,KOTA MEDAN,KEC. MEDAN KOTA,JL.SM.RAJA KAMPUS UISU TELADAN MEDAN
10211021,SMP SWT PGRI 24,085360782104,smpswastapgri24medan@gmail.com,C,6,7,PERWAKILAN YPLP PGRI KOTA MEDAN,KOTA MEDAN,KEC. MEDAN DENAI,JL. KASUARI 2 PERUMNAS MANDALA MEDAN
69982163,SMP SWASTA IT JANNATUL FIRDAUS,085296400792,,B,158,14,YAYASAN PENDIDIKAN JANNATUL FIRDAUS,KAB. LANGKAT,KEC. BERANDAN BARAT,JL. SRI MENANTI DUSUN III MAWAR DESA PERLIS
10213952,SMP SWASTA AL WASHLIYAH 5 HAMPARAN PERAK,081362045932,smpswastaalwashliyah5@gmail.com,B,220,14,PERKUMPULAN AL JAM'IYATUL WASHLIYAH,KAB. DELI SERDANG,KEC. HAMPARAN PERAK,JL. MUHAMMAD SALEH ABDULLAH NO. 1 HAMPARAN PERAK
10204131,SMP RK MATAMUN,081329440739,smpsrkmatamun7@gmail.com,C,81,8,YAYASAN PENDIDIKAN KATOLIK SANTO MIKAEL TANJUNGBALAI,KAB. ASAHAN,KEC. SEI KEPAYANG,PERBANGUNAN
70031408,SMP SWASTA CAHAYA BUNDA,,smpscahayabunda6@gmail.com,A,29,4,YAYASAN PENDIDIKAN CAHAYA BUNDA,KAB. SERDANG BEDAGAI,KEC. SEI RAMPAH,JLN. JEND. SUDIRMAN KOMPLEK RUKO
10257838,SMP SWASTA BRIGJEN KATAMSO,0618451582,silviabonanda95@gmail.com,A,559,29,YAYASAN PERGURUAN NASIONAL BRIGJEND KATAMSO,KOTA MEDAN,KEC. MEDAN SUNGGAL,JL.SUNGGAL NO.370 MEDAN
69815383,SMPS CISADANE MANDIRI,,smpcisadane@gmail.com,C,194,11,YAYASAN PENDIDIKAN CISADANE MANDIRI,KAB. LABUHANBATU,KEC. PANAI TENGAH,SEI SIARTI
10214015,SMP TAMORA TANJUNG MORAWA,,smpstamora125@gmail.com,C,12,2,YAYASAN PENDIDIKAN TAMORA,KAB. DELI SERDANG,KEC. TANJUNG MORAWA,JALAN IRIAN GANG PENDIDIKAN NO 1
69988634,SMP SWASTA IT AL FAJAR,,smpswastaitalfajar27@gmail.com,B,154,16,YAYASAN AL FAJAR TANJUNG MORAWA,KAB. DELI SERDANG,KEC. TANJUNG MORAWA,JL. TENGKU BERGALIT NO. 411 GG. DUKU
69888498,SMP-IT JABAL NOOR,06180031369,smpislamterpadujabalnoor@gmail.com,A,382,31,MAJELIS TAKLIM JABAL NOOR,KAB. DELI SERDANG,KEC. SUNGGAL,JL. SEI MENCIRIM GG. ABADI
10210224,SMP SWASTA ANNAJAH,082365430701,admin@annajah.sch.id,C,69,7,YAYASAN PENDIDIKAN ANNAJAH,KOTA MEDAN,KEC. MEDAN AMPLAS,JL SISINGAMANGARAJA GANG ARIFIN NO. 49D
10202747,SMP SWASTA AL WASHLIYAH-2 DOLOK BATU NANGGAR,,smpaw2dbn@gmail.com,B,125,9,PIMPINAN CABANG ALJAMI'YATUL WASHLIYAH,KAB. SIMALUNGUN,KEC. DOLOK BATU NANGGAR,"JL. RAJAMIN PURBA SH,  SERBALAWAN"
10205172,SMP S METHODIST PANGKATAN,,pkmipangkatan@gmail.com,B,25,4,PERGURUAN KRISTEN METHODIST PANGKATAN,KAB. LABUHANBATU,KEC. PANGKATAN,PANGKATAN
69992436,SMP SWASTA KENCANA SASTRA,,smpkencanasastra@gmail.com,B,37,4,YAYASAN PENDIDIKAN SARI KENCANA,KAB. DELI SERDANG,KEC. PERCUT SEI TUAN,JL. SEDERHANA DSN IX SEROJA DESA SAMBIREJO TIMUR
10260071,SMP SWASTA BINA ARTHA,082272778941,smp_binaartha@gmail.com,A,394,17,YAYASAN BINA ARTHA WACANA,KAB. PADANG LAWAS UTARA,KEC. SIMANGAMBAT,DESA UJUNG GADING JAE
10204047,SMP DIPONEGORO KISARAN,062341070,smp_diponegoro_kisaran@yahoo.com,A,70,7,PERGURUAN DIPONEGORO,KAB. ASAHAN,KEC. KISARAN BARAT,JL. DIPONEGORO  NO. 125 KISARAN
10261619,SMP SWASTA BUDI RANTAUPRAPAT,081230994177,smpsbudi@yahoo.co.id,B,47,8,YAYASAN PENDIDIKAN BUDI RANTAUPRAPAT,KAB. LABUHANBATU,KEC. RANTAU UTARA,JL. H. ADAM MALIK GG. SELAMATA RANTAUPRAPAT KECAMATAN RANTAU UTARA KABUPATEN LAB
10257762,SMP SWASTA PERMATA AMAN DAMAI,0852610801073,smpswastapermata@gmail.com,B,61,9,SMP SWASTA PERMATA AMAN DAMAI,KAB. LANGKAT,KEC. SEI LEPAN,DSN.V AMAN DAMAI
10204019,SMP SWASTA DAERAH KISARAN,0623347181,smpswastadaerahkisaran2021@gmail.com,B,47,14,YAYASAN PENDIDIKAN MUTIARA ILMU,KAB. ASAHAN,KEC. KISARAN TIMUR,JALAN MADONG LUBIS KISARAN
10201045,SMP SWASTA SALAPIAN,,smp_salapian@yahoo.com,B,28,5,YAYASAN PEMBINA SMP SWASTA SALAPIAN,KAB. LANGKAT,KEC. SALAPIAN,JL. PERTANIAN
10257556,SMP SWT GKPI PADANG BULAN,0618213134,smpgkpi119@gmail.com,A,136,10,YAYASAN BIAS SINAR KASIH,KOTA MEDAN,KEC. MEDAN BARU,JL. LETJEN JAMIN GINTING KOMP. PAMEN PADANG BULAN
10262273,SMP GENERUS BANGSA KUTALIMBARU,082244569154,generus_bangsa@ymail.com,B,66,7,YAYASAN AL-FATH MEDAN BARAT,KAB. DELI SERDANG,KEC. KUTAIIMBARU,KUTALIMBARU
10205173,SMP S METHODIST AEK NABARA,,smp_aeknabara@yahoo.com,A,221,13,YAYASAN PENDIDIKAN GEREJA METHODIST INDONESIA PKMI AEK NABARA,KAB. LABUHANBATU,KEC. BILAH HULU,JL. A. YANI NO. 58 AEK NABARA
70005178,SMP IT DARUL AZHARIYUN,,baitulmustaghfirinalamir2020@gmail.com,A,72,13,YAYASAN BAITUL MUSTAGHFIRIN AL AMIR SUMATERA UTARA,KAB. DELI SERDANG,KEC. PERCUT SEI TUAN,JL. MAHONI PASAR DUA TIMUR
10213933,SMP SWASTA PESANTREN AL-HUSNA,,smpalhusna1@gmail.com,B,90,11,YAYASAN TMI AL HUSNA,KAB. DELI SERDANG,KEC. PATUMBAK,JL PELAJAR PASAR III
10264680,SMPS TUNAS WANA HARAPAN,085265287811,smpstwh@gmail.com,B,55,8,YAYASAN TUNAS WANA HARAPAN,KAB. LABUHANBATU SELATAN,KEC. TORGAMBA,SEI KEBARO
10260926,SMP SWASTA JERUSALEM ARABIA,081377055556,jerusalemarabia@gmail.com,C,25,16,,KAB. KARO,KEC. MARDINGDING,PARSAORAN
10203473,SMP SWASTA PERGURUAN NASIONAL SIDIKALANG,06272520533,smpperguruannasionalsidikalang@yahoo.co.id,B,68,5,PERGURUAN NASIONAL SIDIKALANG,KAB. DAIRI,KEC. SIDIKALANG,JL. DR. F.L. TOBING N0 42-44 SIDIKALANG
10210100,SMP SWASTA PELITA MUTIARA,,smpspelitamutiara123@gmail.com,B,48,8,YAYASAN PENDIDIKAN PARULIAN MEDAN,KOTA MEDAN,KEC. MEDAN TUNTUNGAN,JL. DAMAR RAYA P. SIMALINGKAR
70054315,SMP SWASTA IT RAUDHOTUL USROH,,,,,14,PENDIDIKAN RAUDHOTUL USROH UJUNG PADANG,KAB. SIMALUNGUN,KEC. UJUNG PADANG,LINGK.II KAMPUNG JAWA
10210074,SMP SWASTA DHARMA WANITA PEMWILDASU,0618368946,smpdwp11@yahoo.com,B,66,7,YAYASAN PERTIWI DHARMA WANITA UNIT PEMPROVSU MEDAN,KOTA MEDAN,KEC. MEDAN SELAYANG,JL. MELATI II NO. 30 TJ. SARI
10210091,SMP PAB 15,0618447494,pab.limabelas@yahoo.com,B,34,11,PERKUMPULAN AMAL BAKTI  SUMATERA UTARA,KOTA MEDAN,KEC. MEDAN SUNGGAL,JL. BEO NO. 39
10200303,SMP SWASTA BUDI SETIA,,smpbudisetia@ymail.com,B,273,17,YAYASAN PENDIDIKAN BUDI SETIA SUNGGAL,KAB. DELI SERDANG,KEC. SUNGGAL,JL. MEDAN-BINJAI KM-12/ JL. PEMBANGUNAN NO 40 GG.PENDIDIKAN
69946681,SMP SWASTA NUSANTARA ULUSUSUA,082283900192,smpsnusantara.ulususua@gmail.com,C,46,12,PERGURUAN KARYA RAKYAT,KAB. NIAS SELATAN,KEC. ULUSUSUA,DESA AMANDRAYA
69925850,SMPS ISLAM TERPADU AL-FAUZI,0617873915,asep.yudi@rocketmail.com,C,22,6,YPI AL-FAUZI,KOTA MEDAN,KEC. MEDAN AMPLAS,JL. GARU II/ NUSA INDAH NO. 59 G
10260013,SMP ROKITA SARI,,smpswasta_rokitasari@rocketmail.com,B,64,13,YAYASAN PERGURUAN ROKITA SARI,KAB. DELI SERDANG,KEC. BANGUN PURBA,JL. KARYA NO. 10 BANGUN PURBA
10205151,SMP SWASTA DWI GUNA KAMPUNG PAJAK,081370168211,dwiguna_smp@yahoo.com,B,50,5,YAY. PERG. NASIONAL DWI GUNA,KAB. LABUHANBATU UTARA,KEC. NA. IX-X,JALAN BESAR KAMPUNG PAJAK
69918996,SMP IT AR-RASYID,081370459384,smpitarrasyid02@gmail.com,C,252,17,YAYASAN PENDIDIKAN HARNAS,KAB. DELI SERDANG,KEC. STM HILIR,JL. BESAR TADUKAN RAGA KAMPUNG UNDIAN
10210101,SMP PARULIAN 2,061734821,smppswastaarulian2medan@gmail.com,A,175,16,YAYASAN PENDIDIKAN PARULIAN MEDAN,KOTA MEDAN,KEC. MEDAN DENAI,JL. GARUDA RAYA  BLOK 8 PERUMNAS  MANDALA
70004909,SMP ALAM AL-AYMAN,,alamalayman1@gmail.com,A,1,3,YAYASAN QUANTUM INDONESIA,KAB. DELI SERDANG,KEC. PANCUR BATU,JL. AMAN ABADI
69734383,SMP SWASTA TELADAN PEMATANG SELENG,081365222632,,C,8,7,,KAB. LABUHANBATU,KEC. BILAH HULU,JLN. PENDIDIKAN DESA PEMATANG SELENG
10200407,SMP ADVENT RAMUNIA,,esrafriska@yahoo.co.id,B,31,4,YAYASAN PENDIDIKAN GEREJA MASEHI ADVENT HARI KETUJUH SUMATERA UTARA,KAB. DELI SERDANG,KEC. BERINGIN,JALAN BESAR SIDOARJO II RAMUNIA
10210025,SMP SWASTA HOSANA,0616612542,smphosana@gmail.com,A,153,14,YAYASAN PERGURUAN KRISTEN HOSANA,KOTA MEDAN,KEC. MEDAN DELI,JL. METAL NO. 7
10211007,SMP SWASTA ST. YOSEPH PEMUDA MEDAN,4567486,smp_styosephpemuda@yahoo.com,A,382,24,YAYASAN PERGURUAN KATOLIK DON BOSCO KEUSKUPAN AGUNG MEDAN,KOTA MEDAN,KEC. MEDAN MAIMUN,JL. PEMUDA NO. 3 A MEDAN
10258455,SMP AMANAH 1,80440696,perguruan.amanah@gmail.com,A,100,10,YAYASAN PENDIDIKAN DAN SOSIAL HELVETIA,KAB. DELI SERDANG,KEC. SUNGGAL,JL. KAPTEN SUMARSONO NO.178
69967070,SMP IT KHALISHATURRAHMI,082369684417,smpitkhalishaturrahmi@gmail.com,A,34,9,SMP IT KHALISHATURRAHMI BINJAI,KOTA BINJAI,KEC. BINJAI SELATAN,JL SAMANHUDI PASAR III NO 294
10210077,SMP SWASTA KATOLIK TRI SAKTI 1 MEDAN,0614521882,smpswastakatoliktrisakti@yahoo.co.id,A,475,27,YAYASAN PERGURUAN KATOLIK DON BOSCO KEUSKUPAN AGUNG MEDAN,KOTA MEDAN,KEC. MEDAN KOTA,JL. HM. JONI NO. 52 A
10201942,SMP SWASTA SANTA MARIA KABANJAHE,062820370,saintmarry24@yahoo.com,A,919,47,YAYASAN SETIA MEDAN,KAB. KARO,KEC. KABANJAHE,JALAN JAMIN GINTING GG. GARUDA NO. 100 KABANJAHE
10210213,SMP SWASTA AMIR HAMZAH,061452816,amirhamzahsch@yahoo.com,A,1,2,YAYASAN PENDIDIKAN ISLAM AMIR HAMZAH,KOTA MEDAN,KEC. MEDAN PETISAH,JL. MERANTI NO. 1
70043146,SMP SWASTA ISLAM TERPADU PINTAR,081375024941,smpitpintar@gmail.com,B,46,7,LEMBAGA PENDIDIKAN ISLAM TERPADU PINTAR,KAB. SIMALUNGUN,KEC. BANDAR,JL. MAWAR HUTA VI
69901482,SMP SWASTA ISLAM TERPADU IBNU HALIM,,smpibnuhalim@yahoo.com,B,289,13,YAYASAN ISLAM TERPADU IBNU HALIM,KOTA MEDAN,KEC. MEDAN DELI,JALAN KAWAT 3 NO. 42 C
10214023,SMP SWASTA YAPIM NAMORAMBE,081361136489,www.yapim_namorambe@yahoo.co.id,A,143,10,YAYASAN PERGURUAN INDONESIA MEMBANGUN TARUNA,KAB. DELI SERDANG,KEC. NAMO RAMBE,JL BESAR NAMORAMBE DESA TANGKAHAN
10212535,SMP SWASTA METHODIST BABALAN,082362283031,smpswastamethodistbabalan@gmail.com,B,52,8,PKMI PANGKALAN BERANDAN,KAB. LANGKAT,KEC. BABALAN,JALAN DEMPO
10211378,SMP SWASTA KARYA AGUNG,085262077388,smpkaryaagung@gmail.com,B,64,5,YAYASAN PENDIDIKAN KARYA AGUNG,KOTA BINJAI,KEC. BINJAI BARAT,JL. LETNAN UMAR BAKTI NO. 11C
70009587,SMP SWASTA IT MELYAZ,,smpswastaitmelyaz@gmail.com,B,36,14,YAYASAN PENDIDIKAN MELYAZ,KAB. DELI SERDANG,KEC. PERCUT SEI TUAN,JL. TRUNOJOYO NO. 186 DUSUN VIII
10213937,SMP SWASTA PRIMA,,smpswastaprima@gmail.com,B,423,29,YAYASAN REIS CENDIKIA,KAB. DELI SERDANG,KEC. PERCUT SEI TUAN,JL. PRIMA PASAR VII TEMBUNG
69967847,SMP SWASTA ISLAM TERPADU AL-IKHSAN,,smp.alikhsan.abihusni02@gmail.com,B,239,15,YAYASAN PENDIDIKAN ISLAM ABI HUSNI ASAHAN,KAB. ASAHAN,KEC. MERANTI,DUSUN II MERANTI
69873990,SMP SWASTA ISLAM TERPADU MUTIARA IBU,,smpsitmutiaraibu1@gmail.com,C,38,6,YPIT MUTIARA IBU,KOTA TEBING TINGGI,KEC. BAJENIS,JL. K.F. TANDEAN GG.RAHMAD
10210220,SMP SWASTA ASUHAN RAYA,082370621818,smpasuhanraya@yahoo.com,B,22,5,YAYASAN PERGURUAN ASUHAN,KOTA MEDAN,KEC. MEDAN DELI,JL. ALFAKA VIII
10211028,SMP SWASTA RAHMAT ISLAMIYAH,0618468378,smprahmatislamiyah@gmail.com,A,276,20,YAYASAN PERGURUAN RAHMAT ISLAMIYAH,KOTA MEDAN,KEC. MEDAN HELVETIA,JL. GAPERTA / BAKTI NO. 25
69728733,SMPS MUHAMMADIYAH SENTANG,085358938848,smpmuhammadiyah.sentang@gmail.com,B,101,16,PIMPINAN DAERAH MUHAMMADIYAH (PDM) KAB. ASAHAN,KAB. ASAHAN,KEC. KISARAN TIMUR,JL NENAS LK VI SENTANG
69989772,SMP SWASTA DINDA HAFIDZAH ISLAMIC SCHOOL,,smp.dindahafidzahisc@gmail.com,B,137,12,YAYASAN PENDIDIKAN ZULKARNEIN KHADIJAH,KAB. DELI SERDANG,KEC. PATUMBAK,JL. SARI GANG TERATAI V
10209269,SMP PANCASILA TANJUNG BERINGIN,085276304834,smppancasila2@gmail.com,B,243,14,YAYASAN PERGURUAN PANCASILA,KAB. SERDANG BEDAGAI,KEC. TANJUNG BERINGIN,JALAN JATI TANJUNG BERINGIN
10203474,SMP SW. PRIMA PARGAMBIRAN,081362018222,smpswastaprimapargambiran@gmail.com,B,70,8,PRIMA PARGAMIBIRAN,KAB. DAIRI,KEC. SUMBUL,PARGAMBIRAN
10209281,SMP SWASTA AL WASHLIYAH 40,082276274497,smpswastaalwashliyah40@gmail.com,B,40,11,AL JAM'IYATUL WASHLIYAH,KAB. SERDANG BEDAGAI,KEC. SIPISPIS,DUSUN VI NAGORI 2
10210096,SMP SWASTA PEMBANGUN,0617871172,fandi22arbi@gmail.com,B,129,14,YAYASAN PENDIDIKAN PEMBANGUN MEDAN,KOTA MEDAN,KEC. MEDAN JOHOR,JL. BRIGJEN ZEIN HAMID GG.SEPAKAT NO. 55
10260095,SMP SWASTA BNKP IDANOGAWO,085310430885,smpswastabnkpidanogawo@gmail.com,B,128,12,YAYASAN BNKP IDANOGAWO,KAB. NIAS,KEC. IDANOGAWO,JL. PEMBANGUNAN NO. 09
70015303,SMP IT DARUL FURQAN,082165723282,dewi2021er@gmail.com,B,97,8,YAYASAN PENDIDIKAN DARUL FURQAN,KAB. LABUHANBATU SELATAN,KEC. SUNGAI KANAN,DUSUN AIR LUMPATAN
10259146,SMP EKA PRASETYA,085767759753,smpekaprasetya@gmail.com,A,265,19,YAYASAN PERGURUAN EKA PRASETYA,KOTA MEDAN,KEC. MEDAN HELVETIA,JL. EKA PRASETYA NO. 1 MEDAN
10205288,SMP S PANGLIMA POLEM RANTAUPRAPAT,062421447,smp_ppr@yahoo.co.id,A,122,14,PERGURUAN PANGLIMA POLEM RANTAUPRAPAT,KAB. LABUHANBATU,KEC. RANTAU UTARA,JL. CUT NYAK DHIEN RANTAUPRAPAT
10207042,SMP S MUHAMMADIYAH 41 BATANGTORU,,smpsmuhammadiyah41@gmail.com,C,74,9,PIMPINAN DAERAH MUHAMMADIYAH (PDM) KAB. TAPANULI SELATAN,KAB. TAPANULI SELATAN,KEC. BATANG TORU,JLN. MELATI WEK II BATANGTORU
70013664,SMP IT LATANSA,,,B,24,6,YAYASAN LATANSA SECANGGANG,KAB. LANGKAT,KEC. SECANGGANG,DUSUN V KAMPUNG BANTEN
10204127,SMP SWASTA TAMAN SISWA KISARAN,,smps.tamsiskis@gmail.com,B,26,10,PERSATUAN PERGURUAN  TAMANSISWA CABANG KISARAN,KAB. ASAHAN,KEC. KISARAN BARAT,JL. HOS. COKROAMINOTO NO. 341 KISARAN
10206522,SMP HKBP PORIAHA,082289061498,smphkbpporiaha@yahoo.com,B,21,10,SMP HKBP RESSORT IMMANUEL PORIAHA JAE,KAB. TAPANULI TENGAH,KEC. TAPIAN NAULI,"JL SIBOLGA - BARUS KM 8,2"
10213835,SMP CINTA DAMAI,082162786633,cintadamaismps@gmail.com,B,38,7,YAYASAN PERGURUAN CINTADAMAI,KAB. DELI SERDANG,KEC. PERCUT SEI TUAN,JALAN PROTOKOL DESA CINTADAMAI
10258057,SMP SWASTA ANUGERAH HARAPAN BANGSA,0616841514,anugerah_harapanbangsa@yahoo.com,A,228,15,YPK ANUGERAH HARAPAN BANGSA MEDAN,KOTA MEDAN,KEC. MEDAN MARELAN,JL.AMD LINGK.22 GG.SERASI
70000182,SMP IT DARUL MUQOMAH AL-KHOIRIYYAH,082276705792,darulmuqomah93@gmail.com,B,281,13,YAYASAN DARUL MUQOMAH AL KHOIRIYYAH,KAB. DELI SERDANG,KEC. PANCUR BATU,JL. BESAR GLUGUR RIMBUN DUSUN I GG. SERI DESA SEI GLUGUR
70054632,SMP ISLAM PLUS AZHARI,,,,49,4,CAHAYA AZHARI,KOTA MEDAN,KEC. MEDAN MARELAN,JL. MARELAN V PASAR 2 BARAT LINGK-16 GANG SURIA
10257758,SMP PLUS SHAFIYYATUL AMALIYYAH,0618211347,smpypsa@gmail.com,A,234,32,YAYASAN PENDIDIKAN SHAFIYYATUL AMALIYYAH,KOTA MEDAN,KEC. MEDAN SUNGGAL,JL. SETIA BUDI NO. 191 MEDAN
69889093,SMPS AL-IHSAN MULIA,06142084315,smpsalihsanmulia@gmail.com,B,195,14,HAJJAH RAHMAWATY SIHOTANG,KOTA MEDAN,KEC. MEDAN HELVETIA,JALAN KAPTEN MUSLIM GG SEJAHTERA
10212730,SMP SWASTA KRISTEN BNKP HILIMAZIAYA,081361530554,smpswastakristenbnkphilimaziay@gmail.com,C,21,5,YAYASAN BANUA NIHA KERISO PROTESTAN GUNUNGSITOLI,KAB. NIAS UTARA,KEC. LOTU,"JLN HILINDRURIA KM 30,5 DESA MAZIAYA"
10200321,SMP PANCA JAYA GALANG,0617980796,yp_pancajaya@yahoo.co.id,B,11,11,YAYASAN PERGURUAN PANCA JAYA,KAB. DELI SERDANG,KEC. GALANG,JALAN SEI KARANG LK VII
10211394,SMP SWASTA INSANI,082247320518,mukhtarshnasution@gmail.com,C,5,4,,KOTA BINJAI,KEC. BINJAI UTARA,JL. KOMPOR NO. 27
69830412,SMP MUHAMMADIYAH 61 TANJUNG SELAMAT,06180572480,smpmuhammadiyah61tjselamat@gmail.com,B,301,23,PIMPINAN DAERAH MUHAMMADIYAH (PDM) KAB. DELI SERDANG,KAB. DELI SERDANG,KEC. SUNGGAL,JL. PERJUANGAN NO. 18 DUSUN II - B
10213859,SMP MASEHI SIBIRU-BIRU,081260994949,smpmasehisibirubiru@gmail.com,B,222,17,YAYASAN PENDIDIKAN KRISTEN GBKP CABANG PERIARIA,KAB. DELI SERDANG,KEC. SIBIRU-BIRU,"JLN. DELI TUA - PENEN KM. 36,5"
69774814,SMPS ADVENT SIPITUPITU,082162177994,nesranisilalahi@yahoo.co.id,C,22,3,SMP SWASTA ADVENT SIPITU-PITU,KAB. TOBA,KEC. SIANTAR NARUMONDA,DESA NARUMONDA V
10213864,SMP SWASTA METHODIST TANJUNG MORAWA,0617940386,smpmethodist.tgmorawa@gmail.com,A,328,18,YAYASAN METHODIST KASIH IMANUEL INDONESIA,KAB. DELI SERDANG,KEC. TANJUNG MORAWA,JL. IRIAN NO.239 TANJUNG MORAWA
10212128,SMP KATOLIK FATIMA 2 SARUDIK,063123068,fatimasarudik@gmail.com,A,216,17,YAYASAN SANTA MARIA BERBELASKASIH,KAB. TAPANULI TENGAH,KEC. SARUDIK,JL. PADANG SIDEMPUAN NO.15
69990055,SMP SWASTA YPK WESLEY SUMBUL KABANJAHE,085261416377,ypkwesleys@gmail.com,B,33,7,YPK WESLEY,KAB. KARO,KEC. KABANJAHE,JLN. JAMIN GINTING GG. ANUGRAH DUSUN II
10210038,SMP SWT KATOLIK ST IGNATIUS,8456129,yayasansmpignatius@yahoo.com,B,42,7,YAYASAN KATOLIK SANTO IGNATIUS CINTA DAMAI - MEDAN,KOTA MEDAN,KEC. MEDAN HELVETIA,JL. BINJAI KM. 8.5 PSR. V GG MAKMUR MEDAN
10213839,SMP SWASTA ERA UTAMA,,smp_erautama@ymail.com,B,170,5,YAYASAN PERGURUAN ERA UTAMA,KAB. DELI SERDANG,KEC. PANCUR BATU,PANCUR BATU
10213841,SMP GEMA BUKIT BARISAN,081396947665,smpsgemabukitbarisan@gmail.com,B,155,9,YAYASAN PENDIDIKAN GEMA BUKIT BARISAN,KAB. DELI SERDANG,KEC. TANJUNG MORAWA,JLN. KIRI HULU / LAPANGAN PESTON
10263532,SMPS METHODIST CHARLES WESLEY,06142771496,smp@methodistcw.sch.id,A,95,9,YK CHARLES WESLEY,KOTA MEDAN,KEC. MEDAN POLONIA,JL. PADANG GOLF (DALAM) KOMPLEK CBD POLONIA BLOK CC NO.108
69990884,SMP BINIKA SEI LEPAN,082364361044,smpbinika@gmail.com,B,82,6,BINIKA LANGKAT,KAB. LANGKAT,KEC. SEI LEPAN,DUSUN V SUKARAMAI
10201952,SMP SWASTA BHAYANGKARI 2 KABANJAHE,062822984,smpkemalabhayangkarikabanjahe@yahoo.com,B,204,15,YAYASAN KEMALA BHAYANGKARI,KAB. KARO,KEC. KABANJAHE,JL BAYANGKARA NO I KABANJAHE
69967008,SMP SWASTA KARYA UTAMA,082293817638,smpkarut2016@gmail.com,B,59,7,YAYASAN PERGURUAN KARYA UTAMA,KAB. SERDANG BEDAGAI,KEC. DOLOK MASIHUL,JL. PENDIDIKAN NO. 10
69968231,SMP SWASTA PERMATA BANGSA,0618829090,smppermatabangsa17@gmail.com,A,97,13,YAYASAN PERMATA BANGSA,KOTA BINJAI,KEC. BINJAI BARAT,JL. GATOT SUBROTO NO. 98
10214002,SMP SWASTA TARUNA KARYA,087808002981,yayasanperguruantarunakarya@gmail.com,B,23,10,YAYASAN PENDIDIKAN TARUNA KARYA,KAB. DELI SERDANG,KEC. SUNGGAL,JL. LEMBAGA PERMASYARAKATAN NO. 240
10262308,SMP ISLAM TERPADU KHAIRUL IMAM,0617873038,smp.khairul.imam@gmail.com,A,162,18,YAYASAN KHAIRUL IMAM,KOTA MEDAN,KEC. MEDAN JOHOR,JL. STM UJUNG/SUKA TEGUH NO. 1 MEDAN
70059416,SMP SWASTA HAGAI HOT TIO SCHOOL,,,,,0,HAGAI HOT TIO SMART,KAB. LANGKAT,KEC. GEBANG,JL.SM RAJA NO.27
10257923,SMP SWASTA YAPIM BIRU-BIRU,082129394945,smpyapimbirubiru@gmail.com,A,329,15,YAYASAN PERGURUAN INDONESIA MEMBANGUN TARUNA,KAB. DELI SERDANG,KEC. SIBIRU-BIRU,JL.BESAR DELITUA
10205183,SMP S ADVENT SEPAKAT,081375753557,smpadventsepakat@gmail.com,B,108,9,YAYASAN PENDIDIKAN GEREJA MASEHI ADVENT HARI KETUJUH SUMATERA UTARA,KAB. LABUHANBATU UTARA,KEC. KUALUH HILIR,KAMPUNG SEPAKAT
10259492,SMP SWASTA JAYA,0618368911,yaspenjayapancurbatu@yahoo.co.id,B,265,12,YAYASAN PENDIDIKAN JAYA,KAB. DELI SERDANG,KEC. PANCUR BATU,JL. DAGANG NO. 32 PANCUR BATU
10201074,SMP SWASTA DHARMA BAKTI BESITANG,082367027914,smpdharmabaktibst@gmail.com,A,39,8,YAYASAN PENDIDIKAN DHARMA BAKTI BESITANG,KAB. LANGKAT,KEC. BESITANG,JALAN MEDAN BANDA ACEH KM 97 BUKIT KUBU
10264653,SMP SWASTA PENRAUJAN,085262139635,penraujansmp@gmail.com,B,256,12,YAYASAN PENDIDIKAN RAUDHATUL JANNAH,KAB. DELI SERDANG,KEC. SUNGGAL,JLN. SETIA AGUNG SUNGGAL KANAN
10211060,SMP YWKA,081262270285,smpsywkamedan@gmail.com,B,48,12,WANITA KERETA API,KOTA MEDAN,KEC. MEDAN TIMUR,JL.BUNDAR MEDAN
10211376,SMP SWASTA YPIS MAJU,0618823613,smpmaju7@gmail.com,B,122,15,YAYASAN PERGURUAN IBU SUGIARTI MAJU,KOTA BINJAI,KEC. BINJAI UTARA,"JL. T. AMIR HAMZAH KM. 26,5 NO. 638 BINJAI"
10258361,SMP SWASTA PEMBDA 2 GUNUNGSITOLI,063921420,smpspembda2gusit@gmail.com,A,297,19,PERGURUAN PEMBDA NIAS,KOTA GUNUNGSITOLI,KEC. GUNUNGSITOLI,JL. PELITA NO.9 GUNUNGSITOLI
10259918,SMP SWASTA PGRI 32 PULAU KAMPAI,,smppgri32pkampai@gmail.com,B,124,10,PERWAKILAN YPLP PGRI PROVINSI SUMATERA UTARA,KAB. LANGKAT,KEC. PANGKALAN SUSU,PULAU KAMPAI
69960385,SMP SWASTA AMANDA,082280234250,smpamandalabuhan@gmail.com,C,97,5,YAYASAN AMANDA NAWA CENDIKIA,KOTA MEDAN,KEC. MEDAN LABUHAN,JL. BATANG KILAT LINK. III
10208899,SMP SW. RK BINTANG SAMOSIR,081227563789,smprkbintangsamosir@yahoo.com,A,402,20,YAYASAN PERGURUAN KATOLIK SANTO LAURENSIUS,KAB. SAMOSIR,KEC. PALIPI,PALIPI
10239056,SMP SWASTA PAB 18,081361077355,smppab18@gmail.com,B,140,18,PERKUMPULAN AMAL BAKTI  SUMATERA UTARA,KOTA MEDAN,KEC. MEDAN DELI,JL. PENDIDIKAN NO. 97
10201940,SMP SWASTA KARYA TONGGING,,smpkaryatongging@gmail.com,C,33,3,SMP SWASTAKARYA TOGGING,KAB. KARO,KEC. MEREK,TONGGING
10211004,SMP SWASTA SANTO THOMAS 3 MEDAN,082111023259,smp_thomas3@yahoo.co.id,A,285,20,YAYASAN PERGURUAN KATOLIK DON BOSCO KEUSKUPAN AGUNG MEDAN,KOTA MEDAN,KEC. MEDAN HELVETIA,JL GATOT SUBROTO GANG BANTENG NO 7
10210058,SMPS BUNGA BANGSA 4,061433315,smp.bungabangsa4@yahoo.com,C,32,8,YAYASAN PENDIDIKAN BUNGA BANGSA,KOTA MEDAN,KEC. MEDAN BARAT,JL. PEPAYA NO. 19 MEDAN
10213920,SMP PAB 4 PAGAR MERBAU,,smppabempatpm@yahoo.co.id,B,149,10,PERKUMPULAN AMAL BAKTI  SUMATERA UTARA,KAB. DELI SERDANG,KEC. PAGAR MARBAU,JLN. GALANG KM.8 PAGAR MERBAU
10220877,SMPS PARULIAN 3,0617882689,sy.jhonrpurba@yahoo.co.id,C,133,13,YAYASAN PENDIDIKAN PARULIAN MEDAN,KOTA MEDAN,KEC. MEDAN AMPLAS,"JL. SISINGAMANGARAJA KM. 7,5"
10261723,SMP SWASTA AS-SYAFIIYAH,0617851666,smp_as_syafiiyah@rocketmail.com,B,56,9,ASY-SYAFI'IYAH INTERNASIONAL,KOTA MEDAN,KEC. MEDAN JOHOR,JL KARYA WISATA II NO 1
10214014,SMP TAMAN SISWA LUBUK PAKAM,0617957063,perguruantamansiswa_lubukpakam@yahoo.co.id,B,52,14,PERSATUAN PERGURUAN TAMANSISWA CABANG LUBUK PAKAM,KAB. DELI SERDANG,KEC. LUBUK PAKAM,JALAN KARTINI
10211005,SMP SWASTA SANTO THOMAS 4 MEDAN,06188815833,smpstopa@yahoo.com,A,159,20,YAYASAN PERGURUAN KATOLIK DON BOSCO KEUSKUPAN AGUNG MEDAN,KOTA MEDAN,KEC. MEDAN PETISAH,JL. LETJEN.S.PARMAN NO. 107 MEDAN
10201042,SMP SWASTA MUHAMMADIYAH 11 BABALAN,062021202,smpmuhammadiyahbabalan@gmail.com,B,192,11,PIMPINAN DAERAH MUHAMMADIYAH (PDM) KAB. LANGKAT,KAB. LANGKAT,KEC. BABALAN,JL. KALIMANTAN
10202620,SMP SWASTA TAMANSISWA BAH JAMBI,,smptsbj@gmail.com,B,136,12,PERSATUAN PERGURUAN TAMANSISWA CABANG BAH JAMBI,KAB. SIMALUNGUN,KEC. JAWA MARAJA BAH JAMBI,"JALAN CEMPAKA, PONDOK SEJAHTERA"
10213853,SMP KARYA SERDANG,0617951530,smpskarser226@gmail.com,A,171,12,YPTM KARYA SERDANG,KAB. DELI SERDANG,KEC. LUBUK PAKAM,JL GALANG LUBUK PAKAM
10203486,SMP SW. HKBP SIDIKALANG,0627424124,smpswthkbpsidikalang@gmail.com,A,178,16,YAYASAN PENDIDIKAN HKBP SIDIKALANG,KAB. DAIRI,KEC. SIDIKALANG,JLN. GEREJA NO.1 SIDIKALANG
10211043,SMP SWASTA YPK MEDAN,0617863988,arismpypk@gmail.com,A,121,10,YAYASAN PENDIDIKAN KELUARGA MEDAN,KOTA MEDAN,KEC. MEDAN KOTA,JL. SAKTI LUBIS GG. AMAL NO.25
69968147,SMP SWASTA ISLAM TAHFIDZ,,smpswasta@gmail.com,A,107,12,YAYASAN PENDIDIKAN ISLAM BAHRUL ULUUM AL-KAMAL,KAB. ASAHAN,KEC. KISARAN TIMUR,JL. LOBAK II LK. IV KEL. SIUMBUT-UMBUT
10205175,SMPS KITA MEMBANGUN TORGAMBA,081376667069,smp.sibisamangatur@gmail.com,B,252,12,YAYASAN ABDI KARYA,KAB. LABUHANBATU SELATAN,KEC. TORGAMBA,PERKEBUNAN SIBISA MANGATUR
70044045,SMP SWASTA ISLAM TERPADU ARISA,,smpitarisa2014@gmail.com,A,113,9,YAYASAN ARISA,KOTA MEDAN,KEC. MEDAN DELI,JL PLATIINA II LINGK XI NO 15A
10257312,SMP SWASTA ABDI SUKMA MEDAN,,abdisukma9@gmail.com,B,17,10,,KOTA MEDAN,KEC. MEDAN JOHOR,JL. ALFALAH NO 9 MEDAN
10260273,SMP SWASTA BUDDHIS JAYANTI,0624325828,smpswastabuddhisjayanti@gmail.com,B,216,13,YAYASAN BUDDHA JAYANTI LABUHANBATU,KAB. LABUHANBATU,KEC. RANTAU UTARA,JL. GATOT SUBROTO NO. 12-14 RANTAUPRAPAT
69986027,SMP SWASTA ISLAM TERPADU ULIL ALBAB PEMATANGSIANTAR,081376654564,smpitulilalbab359@gmail.com,B,79,19,ULIL ALBAB,KOTA PEMATANGSIANTAR,KEC. SIANTAR TIMUR,JLN. DALIL TANI UJUNG NO. 84
69971492,SMP SWASTA WELLINGTON,,,A,500,23,PENDIDIKAN PELITA INTELEKTUAL,KAB. DELI SERDANG,KEC. PERCUT SEI TUAN,"JL. CEMARA BOULEVARD C7 NO. 174-182, PERUM CEMARA ASRI"
69984969,SMP SWASTA WESLEY,081260551991,chensimamora5@gmail.com,B,69,9,YAYASAN MEMBANGUN INDONESIA,KAB. DELI SERDANG,KEC. PATUMBAK,JL. MAHONI NO. 19
10204126,SMP TAMAN SISWA,085373429130,tamansiswa.perguruan@yahoo.co.id,B,65,8,PERSATUAN PERGURUAN TAMANSISWA CABANG KAMPUNG RAWANG,KAB. ASAHAN,KEC. RAWANG PANCA ARGA,RAWANG PASAR IV DSN I NO. 1
70043745,SMP SWASTA NAKAMURA SCHOOL,,,A,29,12,YAYASAN NAKAMURA,KOTA MEDAN,KEC. MEDAN BARAT,JL. TENGKU AMIR HAMZAH NO. 10
10220502,SMP SWASTA KELUARGA S.NAPA,081397647552,smpkeluargasiambatonnapa@gmail.com,C,39,7,YAYASAN PERGURUAN KELUARGA SIAMBATON NAPA,KAB. TAPANULI TENGAH,KEC. MANDUAMAS,PO.MANDUAMAS
10205176,SMP S KI HAJAR DEWANTORO,,smpskhdseiberombang@gmail.com,B,185,11,YAYASAN PERGURUAN NASIONAL KI HAJAR DEWANTORO,KAB. LABUHANBATU,KEC. PANAI HILIR,JL.AHMAD YANI NO.69
10213843,SMP HARAPAN BANGSA,,smpharapanbangsa.tm@gmail.com,B,121,9,YAYASAN SELAMAT AMANAH PERGURUAN HARAPAN BANGSA,KAB. DELI SERDANG,KEC. TANJUNG MORAWA,JALAN DARMOSARI DUSUN I
10209290,SMP SWASTA ALWASHLIYAH 23 KP. LALANG,081370463740,,B,86,12,AL-JAMIYATUL WASHLIYAH,KAB. SERDANG BEDAGAI,KEC. SEI RAMPAH,JL. BESAR KAMPUNG LALANG
70004913,SMP ISLAM AYATUL MUBAROK,081361309306,smpiayatulmubarok@gmail.com,B,50,4,YAYASAN PONDOK PESANTREN TAHFIDZUL QURAN AYATUL MUBAROK,KAB. DELI SERDANG,KEC. LABUHAN DELI,DUSUN V PASAR II
10204046,SMP SWASTA HARAPAN,082369508228,smp_harapanlb@yahoo.com,B,37,7,YAYASAN PENDIDIKAN HARAPAN LOBU RAPPA,KAB. ASAHAN,KEC. AEK SONGSONGAN,JLN. SIGURA-GURA
69759024,SMP SWASTA KRISTEN TOMOSA I,082283816147,smpswastaktomosa1@gmail.com,B,104,9,YAYASAN TOMOSA,KAB. NIAS,KEC. GIDO,DESA SOEWE
10211003,SMP SWASTA SANTA MARIA,0614524113,smpst.maria_medan@yahoo.co.id,A,157,12,YAYASAN SETIA MEDAN,KOTA MEDAN,KEC. MEDAN MAIMUN,JL.PALANG MERAH NO.15 MEDAN
69774567,SMP SWASTA FILADELFIA TARUTUNG,08126314329,smpfiladelfiatarutung01@gmail.com,A,53,6,YAYASAN PENDIDIKAN FILADELFIA,KAB. TAPANULI UTARA,KEC. TARUTUNG,"JL. SUTAN SUMURUNG, SAIT NI HUTA, TARUTUNG"
10212241,SMP S MUHAMMADIYAH 29,081370510886,yusridasarihrp29.az@gmail.com,B,63,13,PIMPINAN DAERAH MUHAMMADIYAH (PDM) KOTA PADANG SIDIMPUAN,KOTA PADANG SIDEMPUAN,KEC. PADANG SIDIMPUAN UTARA,JL. SUDIRMAN EKS. MERDEKA NO.279
10261465,SMP ALWASHLIYAH 7 KISARAN,,ridha.subhanizar.aw@gmail.com,B,45,9,SMP SWASTA ALWASHLIYAH 7 KISARAN,KAB. ASAHAN,KEC. KISARAN BARAT,JL. IKAN SIBARO LK. IV
70001030,SMP SWASTA RUMAH HARAPAN TOBASA,,yayasanrumahharapantobasa@gmail.com,B,210,13,YAYASAN RUMAH HARAPAN TOBASA,KAB. TOBA,KEC. PORSEA,PONDOK GADU
10239057,SMP SWASTA PRIMBANA,0617883945,smp_primbana_medan@yahoo.co.id,A,157,20,YAYASAN PENDIDIKAN GEDONG JOHOR MEDAN,KOTA MEDAN,KEC. MEDAN JOHOR,JL. JENDRAL BESAR A.H NASUTION 45 MEDAN
10260255,SMP SWASTA KITA MEMBANGUN,081265183623,agussiskasilalahi14@gmail.com,B,457,21,ABDI KARYA,KAB. PADANG LAWAS UTARA,KEC. SIMANGAMBAT,BUKIT HARAPAN
10203483,SMP SW. BUKIT CAHAYA HUTAMANIK,,bukitcahaya25@yahoo.co.id,B,51,5,YAYASAN PENDIDIKAN BUKIT CAHAYA,KAB. DAIRI,KEC. SUMBUL,JLN. TIGA BARU NO 48 HUTA MANIK
10210249,SMP SWASTA ADVENT 4,0618218044,smpadvent4@gmail.com,B,30,6,YAYASAN PENDIDIKAN GEREJA MASEHI ADVENT HARI KETUJUH SUMATERA UTARA,KOTA MEDAN,KEC. MEDAN BARU,JL. BAHAGIA GG. TAPIAN NAULI NO. 6
70052161,SMP IT MUMTAZ MAHAL,,smpitmumtazmahal@gmail.com,,48,8,YAYASAN ADELLIRA AL BANJARI PEDULI,KAB. DELI SERDANG,KEC. HAMPARAN PERAK,JL. MULIA KASIH BARAT
10201050,SMP PANCA BUDI,081363156648,smppancabudi@yahoo.co.id,B,99,17,YAYASAN PENDIDIKAN PANCA BUDI,KAB. LANGKAT,KEC. KUTAMBARU,JLN MBACANG KARANG REJO
10210039,SMP SWASTA KATOLIK BUDI MURNI 2 MEDAN,0618360634,smpswbudimurni2@gmail.com,A,647,36,YAYASAN PERGURUAN KATOLIK DON BOSCO KEUSKUPAN AGUNG MEDAN,KOTA MEDAN,KEC. MEDAN TUNTUNGAN,JALAN KAPITEN PURBA I
10204041,SMP KESATUAN MERANTI,082369108557,kesatuan_smp@yahoo.co.id,B,69,11,YAYASAN KESATUAN MERANTI,KAB. ASAHAN,KEC. MERANTI,JL. JENDRAL SUDIRMAN NO. 47 MERANTI
10260325,SMP SWASTA AL HIKMAH,085261572770,alhikmahs33@gmail.com,B,30,8,YAYASAN PENDIDIKAN AL-HIKMAH,KAB. LANGKAT,KEC. TANJUNG PURA,DUSUN SEKOLAH DESA PULAU BANYAK
69985079,SMP ISLAM TERPADU PONDOK MODERN DARUSSALAM GUNTUR,081263996296,pondokmoderngunturdarussalam@gmail.com,B,12,12,YAYASAN PENDIDIKAN PONDOK MODERN DARUSSALAM GUNTUR BATU BARA,KAB. BATU BARA,KEC. LIMA PULUH PESISIR,JL. PONDOK MODERN GUNTUR NO. 18
10208058,SMP MUHAMMADIYAH 30 SIHEPENG,082370476754,smpmuhammadiyahsihepeng3@gmail.com,B,71,13,PIMPINAN DAERAH MUHAMMADIYAH (PDM) KAB. MANDAILING NATAL,KAB. MANDAILING NATAL,KEC. SIABU,SIHEPENG
10210138,SMP SWASTA METHODIST 1,0614152542,smpmethodist1.wil1@gmail.com,A,102,19,YAYASAN PENDIDIKAN GEREJA METHODIST INDONESIA WILAYAH I,KOTA MEDAN,KEC. MEDAN POLONIA,JL. HANG TUAH NO.4 MEDAN
70046796,SMP ISLAM TERPADU DARUL ABROR,,,B,121,13,YAYASAN PENDIDIKAN HAJI ASNAN NASUTION DARUL ABROR,KAB. BATU BARA,KEC. MEDANG DERAS,JALAN VILLA PERMATA RAYA DUSUN PERMATA JAYA
10261661,SMP EKA HUDA,082273555310,ekahudda03@gmail.com,B,50,5,YAYASAN PENDIDIKAN EKA HUDDA,KAB. DELI SERDANG,KEC. HAMPARAN PERAK,JL. TANDEM HILIR I DUSUN VIII
10205171,SMP S METHODIST 1 RANTAUPRAPAT,,smpswastamethodis1@yahoo.co.id,B,55,6,PKMI 1,KAB. LABUHANBATU,KEC. RANTAU UTARA,JL. JEND. AHMAD YANI NO. 78 RANTAUPRAPAT
10220801,SMP SWASTA METHODIST-3,0614155236,smp_methodist3@yahoo.com,A,621,24,YAYASAN PENDIDIKAN METHODIST PERINTIS KEMERDEKAAN,KOTA MEDAN,KEC. MEDAN TIMUR,JL. PERINTIS KEMERDEKAAN NO.37 MEDAN
10213822,SMP SWASTA AL MAKSUM,0616990784,smpalmaksum280@gmail.com,A,344,20,YAYASAN PERGURUAN AL MAKSUM,KAB. DELI SERDANG,KEC. PERCUT SEI TUAN,JL. SATRIA GG. AL MAKSUM DUSUN XI
69870895,SMP SWASTA ELIDA,081396896789,smpswastaelida@gmail.com,C,6,3,SMP ELIDA,KOTA MEDAN,KEC. MEDAN TUNTUNGAN,JALAN FLAMBOYAN RAYA IV A NO. 2
10211361,SMP SWASTA MELATI,085296904005,smpmelatii@yahoo.co.id,B,68,9,YAYASAN PERGURUAN MELATI,KOTA BINJAI,KEC. BINJAI UTARA,JL. MT. HARYONO
10257797,SMP TUNAS GAJAH MADA,0617350567,smptunasgajahmada@gmail.com,B,47,9,YAYASAN GAJAH MADA,KOTA MEDAN,KEC. MEDAN KOTA,JL. TILAK NO. 95/97 MEDAN
10209324,SMP SW UTAMA,082370965775,smps.utama@yahoo.com,B,70,10,PERGURUAN UTAMA,KAB. SERDANG BEDAGAI,KEC. BANDAR KHALIFAH,KAMPUNG JUHAR
10212574,SMP SWASTA LABUANRASOKI,085370439698,smplabuhanrasoki@gmail.com,B,243,24,YAYASAN PENDIDIKAN LABUANRASOK,KOTA PADANG SIDEMPUAN,KEC. PADANG SIDIMPUAN TENGGARA,DESA LABUANRASOKI
10210105,SMP MUHAMMADIYAH 4,,smpmuh04medan@gmail.com,B,74,4,PIMPINAN DAERAH MUHAMMADIYAH (PDM) KOTA MEDAN,KOTA MEDAN,KEC. MEDAN HELVETIA,JL. KAPTEN MUSLIM GG. JAWA
70015737,SMP SWASTA KRISTEN PROVIDENSIA TANAH MASA,082261128639,smpkristenprovidensia.hibala@gmail.com,C,21,10,YAYASAN KRISTEN PROVIDENSIA,KAB. NIAS SELATAN,KEC. TANAH MASA,DESA HILIGEHO SOGAWU
69787056,SMP SWASTA TRINITY BERASTAGI,082165844189,ypktrinityberastagi@yahoo.co.id,C,76,6,YAYASAN PERGURUAN KRISTEN SWASTA TRINITY,KAB. KARO,KEC. BERASTAGI,JL.UDARA GG TAMBAH NO.109
69971897,SMP SWASTA THOMAS ALVA EDISON,085100277740,taleschool@yahoo.com,B,150,12,YAY KRISTEN BERKAT JAYA MANDIRI ABADI,KOTA MEDAN,KEC. MEDAN DENAI,JL. DENAI / RAWA NO. 131
70002222,SMP ISLAM TERPADU PRATAMA,082366339679,smpitpratama@yahoo.com,B,133,9,YAYASAN PENDIDIKAN PRATAMA,KAB. LANGKAT,KEC. KUTAMBARU,DUSUN VII KARANG PINANG
10209291,SMP SWASTA BERDIKARI,082168670910,smpberdikaritanjungberingin@yahoo.co.id,B,201,13,PENDIDIKAN DEWI SARTIKA TANJUNG BERINGIN,KAB. SERDANG BEDAGAI,KEC. TANJUNG BERINGIN,JALAN PAHLAWAN
10210071,SMP SWASTA DR. WAHIDIN SUDIROHUSODO,082172715788,smp_wsh@yahoo.co.id,A,727,57,YAYASAN PERGURUAN DR. WAHIDIN SUDIROHUSODO,KOTA MEDAN,KEC. MEDAN LABUHAN,"JL. MEDAN-BELAWAN KM. 16,5 PAJAK RAMBE"
10200359,SMP TARBIYAH ISLAMIYAH,081375225873,smptarbiyahislamiyah@yahoo.co.id,A,226,11,YAYASAN PENDIDIKAN TARBIYAH ISLAMIYAH,KAB. DELI SERDANG,KEC. HAMPARAN PERAK,JALAN PERINTIS KEMERDEKAAN SIMPANG BERINGIN
10210046,SMP JENDERAL SUDIRMAN,0617366238,jensudsmp@gmail.com,B,105,8,PERGURUAN JENDERAL SUDIRMAN,KOTA MEDAN,KEC. MEDAN DENAI,JL. SELAM I NO. 52
10202564,SMP SWASTA HKBP TIGA BOLON,081361385042,smpswastahkbptigabolon@yahoo.co.id,C,33,9,SMP SWASTA HKBP TIGABOLON,KAB. SIMALUNGUN,KEC. SIDAMANIK,JALAN SIDAMANIK
70053373,SMP SWASTA FONTEM ACADEMY,,,B,23,6,YAYASAN TARUNA BANGSA CITRA JAYA ABADI,KOTA MEDAN,KEC. MEDAN POLONIA,JL PADANG GOLF/KOMPLEK CBD POLONIA BLOK BB NO 34-41
10203481,SMP SW. PARSAORAN PARBULUAN,,smpsparsaoran@gmail.com,C,55,9,POM,KAB. DAIRI,KEC. PARBULUAN,DESA PARBULUAN
70055530,SMP SWASTA ASY DARUSSALAM,,,,10,7,YAYASAN PENDIDIKAN ASY DARUSSALAM,KOTA MEDAN,KEC. MEDAN MARELAN,JL M BASIR GG PERHATIAN LINGKUNGAN 31
69787030,SMPIT ARROZAQ RANTAUPRAPAT,085297092610,smpit.arrozaq@yahoo.co.id,A,308,24,ARROZAQ,KAB. LABUHANBATU,KEC. RANTAU SELATAN,JL.SEMPURNA GG.ALINAPIAH NO.1 RANTAUPRAPAT
10257844,SMP SWT HARAPAN MANDIRI,0617882388,smpharapanmandiri@gmail.com,A,213,16,YAYASAN PERGURUAN HARAPAN MANDIRI,KOTA MEDAN,KEC. MEDAN JOHOR,JL. BRIGJEND. ZEIN HAMID NO. 40 MEDAN
10261041,SMP SWASTA BHARLIND,081396785195,bharlinds@yahoo.co.id,B,186,11,YAYASAN PENDIDIKAN NASIONAL BHARLIND,KOTA MEDAN,KEC. MEDAN TUNTUNGAN,"JL. LETJEN JAMIN GINTING KM. 10,5 NO. 21A"
70044966,SMP ST. YOSEF BESITANG,081339201222,smpstyosef19@gmail.com,B,104,8,YAYASAN SERI AMAL MEDAN,KAB. LANGKAT,KEC. BESITANG,JALAN LINTAS BESITANG-BANDA ACEH LK. III BUKIT MAS PASAR
70045748,SMP SWASTA RUSYDA,0617330659,smpswastarusyda@gmail.com,,38,7,RUSYDA MEDI ANDRI,KOTA MEDAN,KEC. MEDAN DENAI,JL. BROMO GG. SATIA NO. 5
10201954,SMP SWASTA MASEHI BERASTAGI,062891247,smpmasehibtagi@gmail.com,A,561,39,YPK GBKP MASEHI CABANG BERASTAGI,KAB. KARO,KEC. BERASTAGI,JL MERDEKA NO 119
10210209,SMP SWASTA AL WASHLIYAH 26,081375001230,tirtajasatama@gmail.com,B,343,14,PERKUMPULAN AL JAMI'ATUL WASHLIYAH,KOTA MEDAN,KEC. MEDAN MARELAN,JL. MARELAN VI PASAR II NO.2
10213984,SMP SWASTA PAB 9 KLAMBIR LIMA,0614256473,smppab9@gmail.com,B,582,23,PERKUMPULAN AMAL BAKTI  SUMATERA UTARA,KAB. DELI SERDANG,KEC. HAMPARAN PERAK,PASAR II KLAMBIR LIMA
10213854,SMP SWASTA KARYAWAN,081362465987,smp_karyawan88@yahoo.com,C,91,10,YAYASAN PENDIDIKAN KARYAWAN TANJUNG MORAWA,KAB. DELI SERDANG,KEC. TANJUNG MORAWA,"JL. MEDAN-TANJUNG MORAWA KM 14,5"
10205257,SMP S SULTAN HASANUDDIN AEK KANOPAN,085296869077,smpssultanhasanuddin@yahoo.com,B,284,22,SULTAN HASANUDDIN,KAB. LABUHANBATU UTARA,KEC. KUALUH HULU,JL. GHAZALI KARIM NO. 48 AEK KANOPAN
69728732,SMPS AL ASRI,0623533206,smp.alasri@yahoo.co.id,B,100,13,YAYASAN TUNAS WIDYA BAKTI ASRI ASAHAN,KAB. ASAHAN,KEC. AIR BATU,JL PENDIDIKAN DUSUN II HESSA PERLOMPONGAN
70038430,SMP IT DARUL MUTTAQIN,,smpitdarulmuttaqinhidayatullah@gmail.com,B,31,9,PONDOK PESANTREN DARUL MUTTAQIN HIDAYATULLAH,KAB. BATU BARA,KEC. DATUK LIMA PULUH,DUSUN II PAJAK SELASA
10213961,SMP SWASTA GUSTI WIJAYA,0618751479,smpgustiwijaya@gmail.com,A,323,18,YAYASAN PERGURUAN GUSTI WIJAYA,KAB. DELI SERDANG,KEC. SUNGGAL,JL. SETIA MAKMUR NO. 63
70049098,SMP IT AN-NAURA,082362723065,smpitannaura@gmail.com,B,116,11,YAYASAN PENDIDIKAN AN-NAURA CENGKEH TURI,KOTA BINJAI,KEC. BINJAI UTARA,JL. GUMBA GG. GUMBA 30
10257840,SMP UMMI FATIMAH,0616621641,smpsummifatimah@gmail.com,C,9,4,YP. UMMI FATIMAH,KOTA MEDAN,KEC. MEDAN TEMBUNG,JL. TUASAN NO. 87 MEDAN
10202740,SMP SWASTA BUDI LUHUR,081375570507,smpbudiluhurmaligasbayu@yahoo.co.id,B,172,17,PERGURUAN AL-WASHLIYAH,KAB. SIMALUNGUN,KEC. HUTABAYU RAJA,JL.PENDIDIKAN MALIGAS BAYU
10260941,SMP SWASTA AN-NAJWA,06177845356,smpnajwa2007@gmail.com,B,122,8,YAYASAN PENDIDIKAN ISLAM AN-NAJWA,KOTA MEDAN,KEC. MEDAN MARELAN,JL. DATUK RUBIAH
10202621,SMP SWASTA TAMANSISWA PERDAGANGAN,062296717,s.tamansiswa@yahoo.com,B,66,5,PERSATUAN PERGURUAN TAMANSISWA CABANG PERDAGANGAN,KAB. SIMALUNGUN,KEC. BANDAR,PASAR 1A PERDAGANGAN
70006898,SMP ISLAM TERPADU AL-AZIZ SIBUHUAN,,,B,73,12,YAYASAN PENDIDIKAN ISLAM SIBUHUAN,KAB. PADANG LAWAS,KEC. BARUMUN,JL. KH. DEWANTARA LINGK. VI KEL. PASAR SIBUHUAN
70041379,SMP SWASTA GARUDA HARAPAN MASA DEPAN,085351308038,smpsgarudaharapanmasadepan@gmail.com,TIDAK TERAKREDITASI,31,6,YAYASAN GARUDA HARAPAN MASA DEPAN,KAB. NIAS SELATAN,KEC. ULU IDANOTAE,DESA SINDROLO
70056212,SMP IT AL WASHLIYAH,081370521226,smpitalwashliyah@gmail.com,,40,10,PERKUMPULAN AL JAM'IYATUL WASHLIYAH,KAB. DELI SERDANG,KEC. HAMPARAN PERAK,JL KLAMBIR LIMA KEBUN GG HARAPAN I NO. 8
70054541,SMP MISKA,,smpmiskayaspenmiska@gmail.com,,31,7,YAYASAN PENDIDIKAN MISKA,KAB. DELI SERDANG,KEC. PERCUT SEI TUAN,DUSUN II MUSYAWARAH B
69990700,SMP SWASTA DELISHA,,smpdelisha@gmail.com,B,104,18,YAYASAN PENDIDIKAN DELISHA,KAB. DELI SERDANG,KEC. HAMPARAN PERAK,JL. KARYA BAKTI
10202018,SMP SWASTA ADVENT LAU RAKIT,081376931939,smpadventlaurakit@gmail.com,C,34,8,YAYASAN PENDIDIKAN GEREJA MASEHI ADVENT HARI KETUJUH SUMATERA UTARA,KAB. KARO,KEC. TIGANDERKET,"JLN. KUTABULUH SIMOLE, LAU RAKIT"
10260297,SMP TERPADU AL YUSDAH,082277204416,smpalyusdah@gmail.com,B,49,10,YAYASAN TERPADU AL - YUSDAH,KAB. DELI SERDANG,KEC. BATANG KUIS,DESA BARU
10213973,SMP METHODIST 1 KUTALIMBARU,06177837249,methodist_bts@yahoo.com,B,30,4,YPGMI,KAB. DELI SERDANG,KEC. KUTAIIMBARU,BLOK N PERUMAHAN BUMI TUNTUNGAN SEJAHTERA
10212511,SMP SWASTA KARYA BARU,063422680,daniharahap92@yahoo.co.id,B,51,7,SMP SWASTA KARYA BARU,KOTA PADANG SIDEMPUAN,KEC. PADANG SIDIMPUAN UTARA,JL. MERDEKA NO 189 B
69987776,SMP IT DR. TENGKU HANAFI,082166669543,yaspenterupitawakal@gmail.com,B,184,9,YAYASAN PENDIDIKAN DOKTER TENGKU HANAFI,KAB. SERDANG BEDAGAI,KEC. PERBAUNGAN,JL. NEGARA MEDAN-TEBING TINGGI KM. 47.5 NO. 20
70059812,SMP SWASTA IT CENDIKIA INSANI,,,,17,5,YAYASAN PENDIDIKAN CENDIKIA INSANI,KOTA TEBING TINGGI,KEC. RAMBUTAN,JL. IKHLAS LK. I
10214003,SMP SWASTA TRI DHARMA,082165630806,yeniandriani390@yahoo.com,B,49,14,PERGURUAN TRI DHARMA,KAB. DELI SERDANG,KEC. SUNGGAL,JL.PASAR BESAR NO.I SEI SEMAYANG
69991960,SMP SWASTA DELIMA SARI 1 SIPINGGAN,082267048188,smpsdelimasari@gmail.com,B,37,6,YAYASAN PERGURUAN ROKITA SARI,KAB. DELI SERDANG,KEC. SINEMBAH TNJNG MUDA HULU,JL. BESAR GUNUNG MERIAH NO. 01 SIPINGGAN
10261481,SMP TAMAN KASIH KARUNIA,06233442765,tamankasihkaruniasmpswasta@gmail.com,B,94,17,YAYASAN PENDIDIKAN TAMAN KASIH,KAB. ASAHAN,KEC. KISARAN TIMUR,JLN. IMAM BONJOL NO. 307
69980340,SMP SWASTA AL-HIKMAH-2,0616841769,smp.alhikmah.02@gmail.com,A,371,11,YAYASAN PERGURUAN AL-HIKMAH,KOTA MEDAN,KEC. MEDAN MARELAN,JL. MARELAN I PASAR IV
10201949,SMP SWASTA SIEMPAT TERAN NAMAN,085788401920,smpnaman@yahoo.com,B,178,13,YAYASAN SIEMPAT TERAN NAMAN,KAB. KARO,KEC. NAMAN TERAN,DESA NAMAN
10260098,SMP SWASTA KRISTEN BNKP GUNUNGSITOLI,,smp.bnkpgusit@gmail.com,B,241,17,YAYASAN BANUA NIHA KERISO PROTESTAN GUNUNGSITOLI,KOTA GUNUNGSITOLI,KEC. GUNUNGSITOLI,JL. PENDIDIKAN NO. 15
70052776,SMP SWASTA ISLAM TERPADU CAHAYA UMMAT,082363141460,cahayaummatsmpit@gmail.com,,40,11,YAYASAN PEDULI DAN PEMERSATU UMMAT,KOTA TEBING TINGGI,KEC. PADANG HULU,JL. BAIDURI LK. I
10259946,SMP SWASTA ISLAM TERPADU NURUL AZIZI,0617862858,nurul_azizi1992@yahoo.co.id,A,172,12,YAYASAN WAKAF NOOR BALQIS,KOTA MEDAN,KEC. MEDAN JOHOR,JL SUKA ELOK NO 12
69924576,SMP SWASTA AL MANAR,0617883683,smpswasta.almanar@gmail.com,B,256,21,YAYASAN PENDIDIKAN ISLAM AL-MUNAWWARAH,KOTA MEDAN,KEC. MEDAN JOHOR,JL. KARYA BAKTI NO 34 A
70052993,SMP SWASTA RAHAYU CHANDRA BETHANIA SCHOOL,,,C,10,7,YAYASAN CAHAYA PELITA KEBENARAN,KAB. KARO,KEC. KABANJAHE,JL. JAMIN GINTING GG. GELOMBANG
10200318,SMP SWASTA GALIH AGUNG,082368297474,smpswastagalihagung@yahoo.com,B,272,25,YAYASAN PESANTREN DARULARAFAH,KAB. DELI SERDANG,KEC. KUTAIIMBARU,JL BERDIKARI
10260609,SMP SWASTA PAB 6,081361494892,smppab6@yahoo.com,B,196,9,PERKUMPULAN AMAL BAKTI  SUMATERA UTARA,KAB. DELI SERDANG,KEC. LUBUK PAKAM,JL. BESAR PANTAI LABU DESA SEKIP
10210099,SMP PASUNDAN MEDAN,08126496182,smpsw.pasundan@yahoo.com,C,48,5,,KOTA MEDAN,KEC. MEDAN PETISAH,JL. PASUNDAN NO.98 MEDAN
10213927,SMP SWASTA PEMBANGUNAN GALANG,,smppembangunan84@yahoo.com,B,240,10,YAYASAN PERGURUAN PEMBANGUNAN GALANG,KAB. DELI SERDANG,KEC. GALANG,JL. PETANI LINGKUNGAN VII
10210217,SMP SWASTA BANI ADAM AS,0616850665,smpbaniadamas@gmail.com,B,187,13,BADAN PENGURUS PENGELOLA PENDIDIKAN DAN PANTI ASUHAN,KOTA MEDAN,KEC. MEDAN DELI,JL. MANGAAN III PSR II NO. 216
10259972,SMPS AL WASHLIYAH-1,08126584307,smpawsatumedan@gmail.com,A,135,13,PERKUMPULAN AL JAMI'ATUL WASHLIYAH,KOTA MEDAN,KEC. MEDAN AREA,JL. ISMAILIYAH NO. 82
69992290,SMP SWASTA BATARI,,,A,222,23,YAYASAN SRI BATARI,KOTA MEDAN,KEC. MEDAN SUNGGAL,JL. SEI SERAYU NO. 80
10213922,SMP PAB 7 TANDEM HILIR,081362132123,smp.pab7@yahoo.com,B,229,17,PERKUMPULAN AMAL BAKTI  SUMATERA UTARA,KAB. DELI SERDANG,KEC. HAMPARAN PERAK,JALAN RAYA EMPLASMENT PTPN - II KEBUN TANDEM HILIR
10213986,SMP SWASTA PERSIAPAN SERDANG,081375252936,smpspersiapan.serdang@yahoo.com,B,31,8,YAYASAN PENDIDIKAN SMP SWASTA PERSIAPAN SERDANG,KAB. DELI SERDANG,KEC. BERINGIN,JL.BATANG KUIS DESA SERDANG NO.400
10259862,SMP SWASTA USIATAMA,06177812264,smpsusiatama@gmail.com,B,166,17,YAYASAN PERGURUAN USIA TAMA,KAB. LANGKAT,KEC. SEI BINGAI,PASAR 4 NAMUTERASI
70052922,SMP IT NUR ALI IBSAN BINJAI,,,,45,16,YAYASAN NUR ALI IBSAN,KOTA BINJAI,KEC. BINJAI UTARA,JL. PACUL LK I GG. SUMAR
69896984,SMP SWASTA BANGUN INSAN MANDIRI,0616636702,smp.banguninsanmandiri@gmail.com,A,369,32,LEMBAGA PENDIDIKAN BANGUN INSAN MANDIRI,KOTA MEDAN,KEC. MEDAN TIMUR,JALAN BAMBU II NO. 62
10204122,SMP SWASTA TIRTA SWITA,,switatirta@yahoo.com,B,34,16,SMP TIRTA SWITA,KAB. BATU BARA,KEC. LAUT TADOR,DESA PERKEBUNAN TANJUNG KASAU
69949070,SMP SWASTA HARAPAN BUNUT,081262967423,smph.bunut15@gmail.com,C,115,8,YAYASAN PENDIDIKAN HARAPAN,KAB. ASAHAN,KEC. KISARAN BARAT,JL. S. PARMAN KM 1
10259313,SMP SWASTA KARYA KASIH,085275458222,smpskaryakasih00@gmail.com,C,106,22,CABANG YAYASAN PENDIDIKAN PERGURUAN ONKP,KAB. NIAS BARAT,KEC. MANDREHE,"ZUZUNDRAO, KECAMATAN MANDREHE"
10213819,SMP SWASTA AGIA SOPHIA,081370096634,smpswastaagiasophia@gmail.com,B,74,7,YAYASAN PERGURUAN ORTHODOX AGIA SOPHIA,KAB. DELI SERDANG,KEC. PANCUR BATU,JL. SEMBAHE BARU
10257696,SMP SWASTA PAHLAWAN NASIONAL,06180084578,smp.pahnas@gmail.com,A,412,28,YAYASAN PERGURUAN PAHLAWAN NASIONAL,KOTA MEDAN,KEC. MEDAN TEMBUNG,JLN.DURUNG NO.205 MEDAN
60728466,SMP SWASTA SEHATI,081269085811,smp_sehati@yahoo.co.id,B,53,4,YAYASAN PERGURUAN SWASTA SEHATI,KAB. SERDANG BEDAGAI,KEC. PANTAI CERMIN,DUSUN III
10202562,SMP SWASTA GKPS 5 SARANPADANG,081361015724,smpgkps5@gmail.com,C,51,6,YAYASAN PENDIDIKAN GKPS,KAB. SIMALUNGUN,KEC. DOLOK SILAU,JALAN BARUBEI
10203471,SMP SW. BAKTI PAROPO,085371391978,paroposwastabaktismp@gmail.com,B,105,11,YAYASAN PERGURUAN SMP BAKTI PAROPO,KAB. DAIRI,KEC. SILAHI SABUNGAN,"PAROPO KEC. SILAHISABUNGAN , KAB. DAIRI"
10212755,SMP SWASTA ST THERESIA LAHEWA,081362261853,smps.theresia@gmail.com,B,139,16,YAYASAN SANTA MARIA GRACIA,KAB. NIAS UTARA,KEC. LAHEWA,JL. SOEKARNO NO. 138 LAHEWA
10204040,SMP SWASTA KRISTEN PAGURAWAN,082162673138,astrimelianadamanik@gmail.com,B,101,7,PERGURUAN HKBP PAGURAWAN,KAB. BATU BARA,KEC. MEDANG DERAS,JL. SUTAN SYARIF NO.53 PAGURAWAN
70054490,SMP SWASTA GENPITA CERIA,,,,,1,,KOTA MEDAN,KEC. MEDAN LABUHAN,JL SALMON IX BLOK I NO I GRIYA MARTUBUNG III
10264683,SMP SWASTA BATARI POLONIA,06180506509,jhscbd@batari.sch.id,A,85,16,YAYASAN PERGURUAN IRAFFLES,KOTA MEDAN,KEC. MEDAN POLONIA,JL. PADANG GOLF KOMPLEK CBD POLONIA BLOK A NO. 60-65 DAN 91-97
10261509,SMP SWASTA TUNAS HARAPAN MANDIRI,,tunasharapanmandiri_rantauprapat@yahoo.com,A,85,9,YAYASAN PERGURUAN SWASTA TUNAS HARAPAN MANDIRI,KAB. LABUHANBATU,KEC. RANTAU UTARA,JL. PELITA IV NO. 8
10202623,SMP SWASTA TAMANSISWA TAPIAN DOLOK,06227439262,smptamansiswatapiandolok@yahoo.com,B,277,15,PERSATUAN PERGURUAN TAMANSISWA CABANG DOLOK ULU,KAB. SIMALUNGUN,KEC. TAPIAN DOLOK,JL. MEDAN KM. 10 SINAKSAK
69979560,SMP SWASTA AL-BARKAH CINTA RAKYAT,082274939499,smpalbarkah2018@gmail.com,B,81,17,AL-BARKAH CINTA RAKYAT,KAB. DELI SERDANG,KEC. PERCUT SEI TUAN,JLN. SUDIRMAN NO. 113 A DUSUN III
10259830,SMP SWASTA AMANAH,082162803552,smpamanah@gmail.com,B,67,11,YAYASAN PENDIDIKAN AMANAH,KAB. LANGKAT,KEC. BINJAI,JL T. AMIR HAMZAH NO. 09
10253365,SMP SWASTA AL.WASHLIYAH 40 BANDAR HULUAN,082890223321,sempal40@yahoo.com,B,62,9,PIMPINAN CABANG ALWASHLIYAH BANDARHULUAN,KAB. SIMALUNGUN,KEC. BANDAR HULUAN,JLN. R.S. LARAS NAGORI NAGA JAYA I
10203476,SMP SW. RIS MADUMA-2,081260448416,smprismaduma@gmail.com,B,86,9,YP. RIS MADUMA,KAB. DAIRI,KEC. SUMBUL,JL. SM. RAJA NO. 116 SUMBUL
10239054,SMP MUHAMMADIYAH 57,081262976857,smpmuhammadiyah57medan@gmail.com,B,328,21,PIMPINAN DAERAH MUHAMMADIYAH (PDM) KOTA MEDAN,KOTA MEDAN,KEC. MEDAN TIMUR,JL. MUSTAFA NO. 1
70036551,SMP SWASTA ISLAM TERPADU AL-IZZAH,,alizzahsmpit77@gmail.com,A,197,15,YAYASAN SEKOLAH ISLAM TERPADU BINA UMMAT AL IZZAH,KAB. BATU BARA,KEC. AIR PUTIH,JL. K.H. AHMAD DAHLAN PASAR I
10204044,SMP S ISLAMIYAH HESSA AIR GENTING,085261462764,smpislamiyahhessaairgenting@yahoo.co.id,A,284,18,YAYASAN PENDIDIKAN ISLAMIYAH HESSA AIR GENTING,KAB. ASAHAN,KEC. AIR BATU,JL.KISARAN
69902733,SMP-IT BAITI JANNATI,082267458251,smpitbaitijannati@gmail.com,B,196,14,YAYASAN PENDIDIKAN BAITI JANNATI,KAB. DELI SERDANG,KEC. SUNGGAL,JL. KIRAB REMAJA
10213868,SMP MUHAMMADIYAH 47 SUNGGAL,082160695981,smpsmuhamadiyah47sunggal@gmail.com,A,437,24,PIMPINAN DAERAH MUHAMMADIYAH (PDM) KAB. DELI SERDANG,KAB. DELI SERDANG,KEC. SUNGGAL,JL SEI MENCIRIM NO 60
69962986,SMP IT ROBBANI RANTAUPRAPAT,082166103484,smpit.robbani1@gmail.com,A,230,19,YAYASAN SOSIAL PENDIDIKAN DAN DAKWAH ISLAM ROBBANI RANTAUPRAPAT,KAB. LABUHANBATU,KEC. RANTAU SELATAN,"JL. FAMILY, LINGK. PADAT KARYA"
10205283,SMP S YAPENDAK,,smpsyapendakajamu@yahoo.co.id,B,135,9,YAYASAN PENDIDIKAN PERKEBUNAN NUSANTARA IV,KAB. LABUHANBATU,KEC. PANAI HULU,PERKEBUNAN AJAMU
70047247,SMP ISLAM TERPADU MAZAYA SCHOOL,,joko.muslim38@admin.smp.belajar.id,B,19,9,CENDIKIA ROBBANI1,KAB. SIMALUNGUN,KEC. BANDAR,"JL.LORMES HUTA III, PERLANAAN"
10259512,SMP YAPENDAK PTPN IV AIR BATU,082122779311,smp.yapendak.airbatu@gmail.com,B,51,12,YAYASAN PENDIDIKAN PERKEBUNAN NUSANTARA IV,KAB. ASAHAN,KEC. AIR BATU,PTPN-IV KEBUN AIR BATU
69970260,SMP SWASTA IT MTTQ SCHOOL,082160068687,smpit.mttqschool@gmail.com,A,97,9,PERKUMPULAN MAJELIS TA'LIM TILAWAH QUR'AN (MTTQ),KAB. DELI SERDANG,KEC. KUTAIIMBARU,JL. GLUGUR RIMBUN
10260178,SMP SWASTA AL-FITYAN,0618223329,alfityan_smpmdn@yahoo.com,A,484,34,YAYASAN AL-FITYAN,KOTA MEDAN,KEC. MEDAN SELAYANG,JL KELUARGA LK. IX
10213820,SMP AWAL KARYA PEMBANGUNAN (AKP) LUBUK PAKAM,085360150956,smpakplubukpakam2020@gmail.com,B,53,10,AWAL KARYA PEMBANGUNAN,KAB. DELI SERDANG,KEC. LUBUK PAKAM,JALAN PAGAR MERBAU
10211040,SMP SWT YASPI,08126365928,smpyaspimedan@gmail.com,B,207,13,YAYASAN PERGURUAN ISLAM (YASPI) LABUHAN DELI,KOTA MEDAN,KEC. MEDAN LABUHAN,JL.KL YOS SUDARSO KM18
10212253,SMP S ISLAM TERPADU AL MANNA,081269157477,smpsitalmanna@gmail.com,B,16,6,YAYASAN AL-MANNA,KOTA PADANG SIDEMPUAN,KEC. HUTAIMBARU,DESA LEMBAH LUBUK MANIK
70038961,SMP ISLAM PLUS AL FATIH,082299300800,smpislamplusalfatih@gmail.com,A,358,25,YAYASAN PENDIDIKAN ISLAM DAN DAKWAH AL FATIH,KOTA MEDAN,KEC. MEDAN MARELAN,JL MARELAN II NO 50
10211807,SMP BUDDHIST MANJUSRI,062223243,smpmanjusri520@gmail.com,B,54,5,YAYASAN AVALOKITESVARA - PERGURUAN BUDDHIST MANJUSRI,KOTA PEMATANGSIANTAR,KEC. SIANTAR SELATAN,JL. GUNUNG SIPISO PISO NO. 01
10257765,SMP SWASTA SAMANHUDI TANJUNG PURA,0618960056,smps.samanhudi@gmail.com,A,87,9,YAYASAN PERGURUAN SAMANHUDI,KAB. LANGKAT,KEC. TANJUNG PURA,JALAN PEMUDA 55
10258038,SMP SWASTA MUHAMMADIYAH 32,082277367456,smpsmuhammadiyah32@gmail.com,C,28,8,PIMPINAN DAERAH MUHAMMADIYAH (PDM) KOTA GUNUNG SITOLI,KOTA GUNUNGSITOLI,KEC. GUNUNGSITOLI,JL. KARET NO. 28 KEL.ILIR GUNUNGSITOLI
10209267,SMP SWASTA KARYA MURNI,081376451415,smpskaryamurni@ymail.com,B,120,12,YAYASAN PERGURUAN KARYA MURNI,KAB. SERDANG BEDAGAI,KEC. SERBAJADI,JLN. PENDIDIKAN DSN VI PULAU GAMBAR
10210117,SMP SWASTA KEMALA BHAYANGKARI 1,0614571872,smpkb1medan@gmail.com,A,136,15,YAYASAN KEMALA BHAYANGKARI,KOTA MEDAN,KEC. MEDAN BARU,JL. KH. WAHID HASYIM NO. 1M
10209335,SMP SWASTA YPAK PTPN 3 GUNUNG PARA,085270711312,smpypakptpn3gpara@gmail.com,A,395,29,YPAK PTPN III GUNUNG PARA,KAB. SERDANG BEDAGAI,KEC. DOLOK MERAWAN,JL PENDIDIKAN DOLOK MERAWAN
70046725,SMP IT MISBAHUL HASANAH,085361581340,smpitmisbahulhasanah@gmail.com,B,81,10,YAYASAN PENDIDIKAN PESANTREN NURUL HASANAH,KAB. LANGKAT,KEC. HINAI,DUSUN II
10210199,SMP SWASTA BINA SATRIA MEDAN,0616853280,smpbinasatria@yahoo.com,A,351,21,YAYASAN PERGURUAN BINA SATRIA,KOTA MEDAN,KEC. MEDAN MARELAN,JL. MARELAN IX NO. 1 TANAH 600 MEDAN MARELAN
10210141,SMP MARKUS,06142085110,smpmarkusmedan@gmail.com,A,211,7,YAYASAN PERGURUAN MARKUS,KOTA MEDAN,KEC. MEDAN HELVETIA,JL. KAPTEN MUSLIM NO. 226 MEDAN
10209270,SMP SWASTA PAYA PINANG,6282364443225,smppayapinang89@gmail.com,B,182,15,YAYASAN KELUARGA PAYA PINANG,KAB. SERDANG BEDAGAI,KEC. TEBING SYAHBANDAR,JALAN RAYA PERKEBUNAN PAYA PINANG
10258173,SMP SWASTA CITRA SAKTI,081361005477,yerielhondo@gmail.com,B,42,7,PERGURUAN CITRA SAKTI,KAB. NIAS SELATAN,KEC. MANIAMOLO,JL.RSUD LUKAS DESA SAMADAYA HILISIMAETANO
69733892,SMPS PERMATA BANGSA,0811602040,smppermatabangsa@gmail.com,B,55,6,YAYASAN PENDIDIKAN NUSANTARA ANGKASA MARITIM,KAB. DELI SERDANG,KEC. PERCUT SEI TUAN,JL. BERINGIN GG BELIBIS NO. 4 TEMBUNG
10263529,SMP CINTA BUDAYA/CHONG WEN,0617359222,opssmp.cintabudaya@gmail.com,A,1185,45,YAYASAN PENDIDIKAN CINTA BUDAYA,KAB. DELI SERDANG,KEC. PERCUT SEI TUAN,"JL. WILLIEM ISKANDAR, KOMPLEKS MMTC BLOK CINTA BUDAYA NO. 1"
10200294,SMP NUSANTARA LUBUK PAKAM,0617951791,smpnusantaralp@yahoo.co.id,B,167,14,YAYASAN PERGURUAN NUSANTARA LUBUK PAKAM,KAB. DELI SERDANG,KEC. LUBUK PAKAM,JALAN TENGKU RAJA MUDA NO 1
10260485,SMP SWASTA MA HAD MUHAMMAD SAMAN,081397407992,smpmahadmsaman@gmail.com,A,106,13,YAYASAN PENDIDIKAN HAJJAH NYAK KAOY (YAPINKA),KAB. DELI SERDANG,KEC. SUNGGAL,JL. DISKI - GLUGUR RIMBUN KM. 6
10209275,SMP SWASTA RA. KARTINI,062141197,smpraksr@gmail.com,A,156,10,YAYASAN PERGURUAN R.A. KARTINI,KAB. SERDANG BEDAGAI,KEC. SEI RAMPAH,JALAN STASIUN NO.45
10213837,SMP SWASTA DELI MURNI SUKA MAJU,081269294086,smpdelimurniskmaju@gmail.com,A,175,14,YAYASAN PERGURUAN KATOLIK DON BOSCO KEUSKUPAN AGUNG MEDAN,KAB. DELI SERDANG,KEC. SUNGGAL,JLN.SEI MENCIRIM NO.41 SUKAMAJU
10204018,SMP MUHAMMADIYAH 22 KISARAN,062342557,smp_muhammadiyah22kiss@yahoo.com,A,213,20,PIMPINAN DAERAH MUHAMMADIYAH (PDM) KAB. ASAHAN,KAB. ASAHAN,KEC. KISARAN TIMUR,JLN. MADONG LUBIS NO. 8
10201077,SMP SWASTA BUKIT MAS BESITANG,085270141922,ypsmpswastabukitmas@gmail.com,B,54,7,YAYASAN PENDIDIKAN BUKIT MAS,KAB. LANGKAT,KEC. BESITANG,"JLN.TANAH MERAH, P.BUAYA  KEC.BESITANG"
10201132,SMP SWASTA TUNAS BANGSA,081362096492,smpswastatunasbangsa@gmail.com,A,172,12,YAYASAN PENDIDIKAN TUNAS BANGSA,KAB. LANGKAT,KEC. BINJAI,JLN.S.PARMAN NO.06 KWALA BEGUMIT
10213983,SMP PAB 21 PEMATANG JOHAR,081265526796,smppab21@yahoo.co.id,B,98,6,PERKUMPULAN AMAL BAKTI  SUMATERA UTARA,KAB. DELI SERDANG,KEC. LABUHAN DELI,PASAR VI DWI KORA PEMATANG JOHAR
69969841,SMP SWASTA IT AR RIDHO,085792416342,ypitarridho1007@gmail.com,B,136,6,YAYASAN AR-RIDHO HASANUL ARIFIN SRIYANTA,KAB. DELI SERDANG,KEC. SUNGGAL,JL. SEI MENCIRIM PSR. V DUSUN VII-A
10210063,SMP DHARMA PANCASILA,06188803796,smpdharmapancasila@gmail.com,A,197,26,YAYASAN DHARMA PANCASILA,KOTA MEDAN,KEC. MEDAN SELAYANG,JL. DR. T. MANSYUR NO. 71 A MEDAN
10202528,SMP SWASTA PTPN IV DOLOK ILIR,085261582574,smp.ptpn4@gmail.com,B,35,7,YAYASAN PENDIDIKAN PERKEBUNAN NUSANTARA IV,KAB. SIMALUNGUN,KEC. DOLOK BATU NANGGAR,EMPLASMEN DOLOK ILIR
10200302,SMP SWASTA CERDAS BANGSA,082166477346,smp.sw.cerdasbangsa@gmail.com,B,284,14,YAYASAN PENDIDIKAN CERDAS BANGSA,KAB. DELI SERDANG,KEC. NAMO RAMBE,JL. TITI KUNING NO. 30
70054125,SMP ISLAM TERPADU NURUL FIKRI,,,,7,5,LEMBAGA PENDIDIKAN NURUL FIKRI,KAB. TAPANULI SELATAN,KEC. SIPIROK,JLN. LOBU PARDOMUAN
10201059,SMP SWASTA ABDI DHARMA,082275557329,abdidharma57@gmail.com,C,35,12,YAYASAN PENDIDIKAN SRI LANGKAT PAYA RENGAS,KAB. LANGKAT,KEC. HINAI,JALAN SISWA DESA PAYA RENGAS
10257795,SMP SWT GAJAH MADA,082168165818,smpswastagajahmada@gmail.com,A,199,16,YAYASAN HAJI YAHYA SUMARDI PERGURUAN GAJAH MADA MANDIRI,KOTA MEDAN,KEC. MEDAN SELAYANG,JALAN BUNGA KENANGA NO. 2 PADANG BULAN
10211569,SMP SWASTA OSTROM METHODIST TEBING TINGGI,062121402,smp.ostrommethodist@gmail.com,B,11,6,YAYASAN PERGURUAN KRISTEN OSTROM METHODIST,KOTA TEBING TINGGI,KEC. TEBING TINGGI KOTA,JALAN GEREJA NO. 07
69758997,SMPS KRISTEN TOBY BETHLEHEM,081269962297,smpstobybethlehem@gmail.com,C,57,10,YAYASAN KEMAJUAN BANGSA,KOTA MEDAN,KEC. MEDAN AMPLAS,JL PERTAHANAN NO 174
10211806,SMP SWASTA BUDI MULIA PEMATANGSIANTAR,,smpbm123@gmail.com,A,411,26,YAYASAN BUDI MULIA LOURDES,KOTA PEMATANGSIANTAR,KEC. SIANTAR MARIHAT,JL. MELANTHON SIREGAR NO.161
10220886,SMP TERPADU AL BUKHARI MUSLIM,0614519495,info@smpt-albukharimuslim.sch.id,B,21,8,YAYASAN TAMAN PERGURUAN ISLAM,KOTA MEDAN,KEC. MEDAN BARU,JL. SRIWIJAYA N0. 57
10212129,SMP SWASTA FATIMA SIBOLGA,063121298,smpfatimasibolga@ymail.com,A,326,23,YAYASAN SANTA MARIA BERBELASKASIH,KOTA SIBOLGA,KEC. SIBOLGA KOTA,MGR. ALBERTUS SUGYOPRANOTO SJ NO.22
10213929,SMP SWASTA PEMBINA,081265782780,smpswastapembinakutalimbaru@gmail.com,C,42,12,YAYASAN PEMBINA TERANG MULIA,KAB. DELI SERDANG,KEC. KUTAIIMBARU,JL PROTOKOL
70054590,SMP SWASTA MAWAR INDAH,,,B,38,7,YP MAWAR INDAH,KOTA MEDAN,KEC. MEDAN PETISAH,JL. PASUNDAN GG. DEWI NO. 29-D/45-G
10213942,SMP SWASTA RK FRANSISKUS XAVERIUS,082164655567,smprkfrxaverius@yahoo.co.id,B,140,11,YAYASAN PERGURUAN KATOLIK DON BOSCO KEUSKUPAN AGUNG MEDAN,KAB. DELI SERDANG,KEC. NAMO RAMBE,JL DELITUA PANCUR BATU
70053178,SMP SWASTA GUANG MING,,,,35,10,PENDIDIKAN KARYA BUDI GEMILANG,KOTA MEDAN,KEC. MEDAN PETISAH,JL. KUALI NO. 50-A/9
10209289,SMP AL WASHLIYAH - 16 SENAYAN,082211229545,smpaw16@gmail.com,C,98,11,AL JAMIYATUL WASHLIYAH,KAB. SERDANG BEDAGAI,KEC. SEI RAMPAH,JALAN BESAR SENAYAN
10213946,SMP SWASTA SINAR HARAPAN,0617953606,smpsinarharapan@yahoo.com,B,336,19,YAYASAN PERGURUAN SINAR HARAPAN CEMERLANG,KAB. DELI SERDANG,KEC. BERINGIN,BERINGIN DELI SERDANG
10201037,SMP SWASTA HANGTUAH STABAT,0618910898,smpswastahangtuah@gmail.com,B,34,19,SMP SWASTA HANGTUAH STABAT,KAB. LANGKAT,KEC. STABAT,JL. PALANG MERAH STABAT
69991106,SMP IT AL JAWAHIR,06142570598,smpitaljawahirsunggal@gmail.com,B,94,14,AL JAWAHIR ATTARBAWI,KAB. DELI SERDANG,KEC. SUNGGAL,JL. AMAN NO. 60
70002524,SMP NAHDLATUL ULAMA DELI SERDANG,0819841913,smpnudeliserdang1@gmail.com,C,81,17,LEMBAGA PENDIDIKAN MA'ARIF NAHDLATUL ULAMA DELI SERDANG,KAB. DELI SERDANG,KEC. TANJUNG MORAWA,JALAN MEDAN - LUBUK PAKAM KM. 24
10213829,SMP SWASTA BAYU PERTIWI,081397743889,juliantilili27@gmail.com,B,59,6,YAYASAN PENDIDIKAN BAYU PERTIWI,KAB. DELI SERDANG,KEC. SUNGGAL,JL. MEDAN BINJAI KM.16
10208897,SMP SW. BULUGOK,081376416668,smpbulugok@gmail.com,C,58,12,YAYASAN PENDIDIKAN DAN SOSIAL BULUGOK,KAB. SAMOSIR,KEC. ONANRUNGGU,ONAN RUNGGU
10213827,SMP SWASTA AMPERA BULU CINA,081362644331,smpamperabulucina@gmail.com,B,17,7,YAYASAN PENDIDIKAN AMPERA BULU CINA,KAB. DELI SERDANG,KEC. HAMPARAN PERAK,DUSUN EMPLASMEN B
10220251,SMP SW HKBP SIPAHUTAR,082164549955,smpswastahkbpsipahutar@gmail.com,B,103,14,DEPARTEMEN PENDIDIKAN HKBP,KAB. TAPANULI UTARA,KEC. SIPAHUTAR,SIPAHUTAR
10210131,SMP SWASTA MUHAMMADIYAH 3,0618222471,smpmuhammadiyah_tiga@yahoo.co.id,A,775,44,PIMPINAN DAERAH MUHAMMADIYAH (PDM) KOTA MEDAN,KOTA MEDAN,KEC. MEDAN SELAYANG,JL. ABDUL HAKIM NO.2 MEDAN
10205152,SMP S D. I. PANJAITAN,,swastapanjaitan@yahoo.co.id,B,124,13,YAYASAN PENDIDIKAN DONALD ISAAC PANJAITAN,KAB. LABUHANBATU UTARA,KEC. KUALUH LEIDONG,JL.MESJID NO.22
70039845,SMP IT ZAWIYATUL HUFFAZH,,,B,26,12,YAYASAN ZAWIYATUL HUFFAZH,KOTA MEDAN,KEC. MEDAN LABUHAN,JL KEPITING VII DD NO 261
10260887,SMP SWASTA LANGKAT,,smplangkatbinjai.real@gmail.com,B,70,13,YAYASAN PERGURUAN LANGKAT BINJAI,KOTA BINJAI,KEC. BINJAI UTARA,JL.SISINGAMANGARAJA/ TIMBA NO.21 BINJAI
10257324,SMP MUHAMMADIYAH 05,0617356659,smpm5medan@gmail.com,B,130,12,PIMPINAN DAERAH MUHAMMADIYAH (PDM) KOTA MEDAN,KOTA MEDAN,KEC. MEDAN DENAI,JL. BROMO GG. AMAN NO. 38
10209261,SMP SWASTA MUHAMMADIYAH 17,,smp_muh17@ymail.com,B,163,16,PIMPINAN DAERAH MUHAMMADIYAH (PDM) KAB. SERDANG BEDAGAI,KAB. SERDANG BEDAGAI,KEC. SEI BAMBAN,JLN. PROTOKOL DUSUN I DESA PON
10213821,SMP SWASTA AWAL KARYA PEMBANGUNAN,081362194989,smpakpberingindeliserdang@gmail.com,B,197,16,AWAL KARYA PEMBANGUNAN,KAB. DELI SERDANG,KEC. BERINGIN,JALAN TUMPATAN
10261154,SMP SWASTA ISLAM ULUN NUHA,085261020135,smpislamulunnuha@gmail.com,B,372,22,YAYASAN MINHAJUS SUNNAH MEDAN,KOTA MEDAN,KEC. MEDAN JOHOR,JL KARYA JAYA GG EKAWALI PRIBADI
10210098,SMP SWASTA PELITA,081361258700,smppelita30@yahoo.co.id,B,585,25,YAYASAN PERGURUAN PELITA,KOTA MEDAN,KEC. MEDAN DELI,JL. PASAR 3B NO. 204 KEL. MABAR HILIR
70042513,SMP SWASTA KRISTEN TOMOSA 2,082332731471,smpswastakristentomosa2@gmail.com,B,34,9,YAYASAN TOMOSA,KAB. NIAS,KEC. GIDO,DESA LADEA ORAHUA
10257912,SMP BUDI MULIA,0616618610,budimulia209@gmail.com,B,149,8,,KOTA MEDAN,KEC. MEDAN DELI,JL. KAWAT VII TANJUNG MULIA HILIR
10258791,SMP SWASTA NUR ADIA,0618221700,smpsnuradia@gmail.com,A,190,15,YAYASAN PENDIDIKAN NUR ADIA,KAB. DELI SERDANG,KEC. SUNGGAL,JL. BESAR TANJUNG SELAMAT NO. 100
10204135,SMP SWASTA PAHLAWAN,085360678509,smppahlawan3@gmail.com,B,185,13,YAYASAN PERGURUAN PAHLAWAN SUKARAMAI,KAB. BATU BARA,KEC. SEI BALAI,JL. PERINTIS KEMERDEKAAN NO.27
10202553,SMP SWASTA DHARMA BAKTI BANDAR SIANTAR,081265586195,smpdharmabaktibandarsiantar@gmail.com,C,34,8,PERGURUAN DHARMA BAKTI,KAB. SIMALUNGUN,KEC. GUNUNG MALELA,BANDAR SIANTAR
10205170,SMP S METHODIST RANTAUPRAPAT,,rantumethod2@yahoo.com,A,293,13,YAYASAN PERGURUAN KRISTEN METHODIST RANTAUPRAPAT,KAB. LABUHANBATU,KEC. RANTAU UTARA,JL. BILAH NO. 24 RANTAUPRAPAT
10211034,SMP SWASTA WIYATA DHARMA,0614159579,smpswiyatadharma@gmail.com,A,192,17,YAYASAN WIYATA DHARMA MAKMUR,KOTA MEDAN,KEC. MEDAN KOTA,JL. WAHIDIN NO.31
69767584,SMPS AL MAARIF,082214181649,smpalmaarif.kotasibolga@gmail.com,B,51,8,YAYASAN BINTANG SEMBILAN,KOTA SIBOLGA,KEC. SIBOLGA UTARA,JL. HIJRAH NO 01 SIBOLGA
70031865,SMP IT AR-RIDHA PANTAI CERMIN,081260996304,smpitarridha@gmail.com,B,77,12,YAYASAN AR-RIDHA DUSUN TELADAN,KAB. LANGKAT,KEC. TANJUNG PURA,JL. TERUSAN DUSUN TELADAN
10212437,SMP SWASTA METHODIST II,062392495,smpmethodist2tanjungbalai@gmail.com,B,187,16,YAYASAN PERGURUAN KRISTEN METHODIST BUKIT SION,KOTA TANJUNG BALAI,KEC. TANJUNG BALAI SELATAN,JL. IMAM BONJOL NO. 64 KEC. TANJUNGBALAI SELATAN
10213863,SMP SWASTA METHODIST INDONESIA,7952412,smp_milp@yahoo.com,A,379,25,PERGURUAN KRISTEN METHODIST INDONESIA LUBUK PAKAM,KAB. DELI SERDANG,KEC. LUBUK PAKAM,JL. TEUKU CIK DITIRO NO. 34 LUBUK PAKAM
10201133,SMP SWASTA TELADAN,085362989852,smpsteladantanjungkeliling@gmail.com,B,113,11,YAYASAN BINA LANGKAT NUSANTARA ( BILANUSA ),KAB. LANGKAT,KEC. SALAPIAN,"JALAN BINJAI BAHOROK KM 51,5 TANJUNG KELILING"
69967788,SMP SWASTA ADETIA,087898941994,,A,30,4,YAYASAN PENDIDIKAN ADETIA,KAB. DELI SERDANG,KEC. PERCUT SEI TUAN,JL. MAKMUR GANG. KENANGA 20
70032060,SMP SWASTA HARAPAN NIAS,082239295230,smpsharapannias@gmail.com,A,26,7,YAYASAN HARAPAN NIAS,KAB. NIAS SELATAN,KEC. TELUK DALAM,JL.SAONIGEHO KM. 2
10260781,SMP SWASTA PUTERI SION,085373032012,smpswastputerision2008@gmail.com,B,4,7,YAYASAN PERGURUAN KRISTEN PUTERI SION,KOTA MEDAN,KEC. MEDAN TUNTUNGAN,"JL. JAMIN GINTING KM 9,5/PALES IX"
69896985,SMP SWASTA KENANGA,0618226143,smpkenanga23@gmail.com,C,49,14,YAYASAN SAHABAT KOTA,KOTA MEDAN,KEC. MEDAN SELAYANG,JALAN BUNGA KENANGA NO. 23
10210143,SMP SWASTA BINA TARUNA,0616850513,smpswtbinataruna@gmail.com,B,259,12,YAYASAN PENDIDIKAN BINATARUNA JAYA,KOTA MEDAN,KEC. MEDAN MARELAN,JLN.MARELAN RAYA NO. 100
70046329,SMP SWASTA IT NURUL IKHWAN ISLAMIC BOARDING SCHOOL,,ponpesnurulikhwanidn@gmail.com,A,160,21,YAYASAN NURUL IKHWAN INDONESIA,KAB. ASAHAN,KEC. AIR JOMAN,JL. DAHLIA DUSUN III DESA SUBUR
10213991,SMP SWASTA RAKYAT,0618362344,p.rakyat_pancurbatu@yahoo.co.id,B,106,12,YAYASAN PERGURUAN RAKYAT PANCURBATU,KAB. DELI SERDANG,KEC. PANCUR BATU,"JL. LETJEN DJAMIN GINTING KM 18,5"
69787033,SMPS PLUS KASIH IBU,082384304178,smppluskasihibu@gmail.com,B,281,10,YAYASAN PENDIDIKAN KASIH IBU,KAB. DELI SERDANG,KEC. PATUMBAK,JL. PERTAHANAN NO. 1 B PASAR II
69954331,SMP SWASTA ISLAM TERPADU FATAHILLAH,,smpitfatahillahsbalai2016@gmail.com,C,85,13,YAYASAN PERGURUAN PENDIDIKAN FATAHILLAH SEI BALAI,KAB. BATU BARA,KEC. SEI BALAI,JL. SAUNG NO. 1
10202574,SMP SWASTA GKPS 4 SINDAR RAYA,,smpgkpssindarraya25@yahoo.com,C,7,2,YAYASAN PENDIDIKAN,KAB. SIMALUNGUN,KEC. RAYA KAHEAN,JL. PANGLIMA NUNUT NO.1
69772645,SMP SWASTA AL-WASHLIYAH NO 42 BERASTAGI,085260126611,alwashliyahbtagismp@gmail.com,C,134,8,AL JAM’IYATUL WAHSLIYAH,KAB. KARO,KEC. BERASTAGI,"JL. JAMIN GINTING NO.42 RUMAH BERASTAGI, KEC. BERASTAGI, KAB. KARO"
10210060,SMP SWASTA KATOLIK BUDI MURNI 3 MEDAN,0614533640,smpbm3@yahoo.co.id,A,204,16,YAYASAN PERGURUAN KATOLIK DON BOSCO KEUSKUPAN AGUNG MEDAN,KOTA MEDAN,KEC. MEDAN KOTA,JL. MERAPI NO. 2 MEDAN
10220316,SMP SWASTA SUMATERA,081260496562,smppersum2006@gmail.com,B,438,17,PENDIDIKAN DAN PENGAJARAN  PERGURUAN SUMATERA,KAB. DELI SERDANG,KEC. TANJUNG MORAWA,JL. SULTAN SERDANG PASAR VIII
69786492,SMPS ISLAM TERPADU HASANAH,081376436980,smpithasanah@gmail.com,B,108,10,YAYASAN PERGURUAN HASANAH SERDANG BEDAGAI,KAB. SERDANG BEDAGAI,KEC. KOTARIH,JALAN BESAR DUSUN I LEMBAH SARI
70004794,SMP IT MUHAMMADIYAH SIMPANG EMPAT,,,C,53,12,PIMPINAN DAERAH MUHAMMADIYAH (PDM) KAB. LABUHAN BATU UTARA,KAB. LABUHANBATU UTARA,KEC. MARBAU,DUSUN 3 DESA SIMPANG EMPAT
10204125,SMP SWASTA TAMAN SISWA SIDOMULYO,082164476328,smptamansiswa4125@gmail.com,C,73,9,PERSATUAN PERGURUAN TAMANSISWA CABANG SIDOMULYO,KAB. BATU BARA,KEC. SEI BALAI,JLN. PITOWIYONO DUSUN V
10210108,SMP SWASTA KRISTEN IMMANUEL MEDAN,0614158011,smpimmanuel1@gmail.com,A,59,11,PERKUMPULAN MEMBANGUN SEKOLAH KRISTEN,KOTA MEDAN,KEC. MEDAN POLONIA,JL. SLAMET RIYADI NO.1
10211051,SMP SWASTA TAMAN SISWA,,tamsistjsarimedan@gmail.com,A,168,16,PERSATUAN PERGURUAN TAMANSISWA CABANG TANJUNG SARI,KOTA MEDAN,KEC. MEDAN SELAYANG,JL. SETIA BUDI PASAR 1 NO.1
10259388,SMP SWASTA DAAR AL ULUUM,062341592,smpswastadaaraluluum@gmail.com,B,114,14,YAYASAN PESANTREN MODERN DAAR AL ULUUM ASAHAN,KAB. ASAHAN,KEC. KISARAN BARAT,JALAN MAHONI KISARAN
10203472,SMP SW. PARULIAN 6 BALNA,085169243577,balnasmpparulian@gmail.com,B,69,10,YAYASAN PENDIDIKAN PARULIAN,KAB. DAIRI,KEC. SUMBUL,BALNA
10257788,SMP SWASTA METHODIST - 10 BELAWAN,06166941171,methodist-10belawan@yahoo.com,B,167,9,YAYASAN KRISTEN METHODIST BELAWAN-BRAYAN,KOTA MEDAN,KEC. MEDAN KOTA BELAWAN,JL. STASIUN NO. 41 BELAWAN
10213998,SMP SWASTA TAMAN SISWA GALANG,0617980268,tamsisgalang@yahoo.co.id,B,16,9,PERSATUAN PERGURUAN TAMANSISWA CABANG GALANG,KAB. DELI SERDANG,KEC. GALANG,JL. TAMAN SISWA
69991676,SMP SWASTA ISLAM TERPADU NURUL AZMI,081263801703,smpitnurulazmimedan@gmail.com,B,80,17,YAYASAN NURUL AZMI,KOTA MEDAN,KEC. MEDAN LABUHAN,JL RAWE 9 LINGKUNGAN XI
10220894,SMP AMALIA,,smpamalia11@gmail.com,B,168,11,YAYASAN PENDIDIKAN AMALIA MEDAN,KOTA MEDAN,KEC. MEDAN DENAI,JL. RAYA MENTENG GG. BENTENG NO. 71 MEDAN
69910257,SMP SWASTA ISLAM TERPADU IQRA,06142781113,smpiqra@gmail.com,B,102,14,YAYASAN AL-MUJAHIDAH SUMATERA UTARA,KOTA MEDAN,KEC. MEDAN POLONIA,JALAN. BILAL GG MAKMUR LINGKUNGAN I
10259743,SMP SWASTA PUTRA JAYA STABAT,0618910811,smpputrajaya@gmail.com,B,106,9,YAYASAN PENDIDIKAN PUTRA JAYA JABAL RAHMAH,KAB. LANGKAT,KEC. STABAT,JLN. WONOSARI NOMOR 59
10259251,SMP SWASTA MASYARAKAT DAMAI,082371123983,smpsmasyarakatdamai23@gmail.com,B,132,15,YAYASAN PERGURUAN MASYARAKAT DAMAI,KOTA GUNUNGSITOLI,KEC. GUNUNGSITOLI,JL. AW HAREFA
10213980,SMP SWASTA NUR ILMI SEI ROTAN,,nurilmismp@gmail.com,B,364,16,YAYASAN PERGURUAN SMP SWASTA NUR ILMI SEI ROTAN,KAB. DELI SERDANG,KEC. PERCUT SEI TUAN,JLN PENDIDIKAN I DSN II
10210251,SMP SWASTA ADVENT 2,0618223806,smpadvent24@gmail.com,A,88,10,YAYASAN PENDIDIKAN GEREJA MASEHI ADVENT HARI KETUJUH SUMATERA UTARA,KOTA MEDAN,KEC. MEDAN SELAYANG,JL. DR. MANSYUR GG. BERKAT NO. 9
10210061,SMP SWASTA BUDI AGUNG,0616852807,mars_tusmp@yahoo.com,A,267,21,YAYASAN PERGURUAN BUDI AGUNG,KOTA MEDAN,KEC. MEDAN MARELAN,JL. PLATINA RAYA
10209276,SMP SWASTA PGRI 69 NAGARAJA,,smppgri69@gmail.com,C,63,11,PERWAKILAN YPLP PGRI PROVINSI SUMATERA UTARA,KAB. SERDANG BEDAGAI,KEC. SIPISPIS,DESA NAGUR PANE
10260489,SMP S AMAL BAKTI,082369883573,amalbaktismpswasta@gmail.com,B,70,8,YAYASAN PENDIDIKAN AMAL BAKTI,KAB. ASAHAN,KEC. SEI DADAP,DUSUN III DESA SEI KAMAH BARU
10211766,SMP SWASTA TAMAN ASUHAN,062221007,smp.tamas@gmail.com,B,173,25,YAYASAN PENDIDIKAN PERKEBUNAN NUSANTARA IV,KOTA PEMATANGSIANTAR,KEC. SIANTAR BARAT,JL.KAPTEN M.H SITORUS NO.17
10214019,SMP SWASTA TRISAKTI LUBUK PAKAM,0617952115,smpswastatrisakti@gmail.com,B,133,13,PERGURUAN TRI SAKTI,KAB. DELI SERDANG,KEC. LUBUK PAKAM,JL.P.SIANTAR NO.80.A  LUBUK PAKAM
10213953,SMP ANDREAS,,smpandreassunggal@yahoo.co.id,A,85,6,,KAB. DELI SERDANG,KEC. SUNGGAL,JL.PENDAWA NO.50
70011666,SMP IT BUDAYA LANGKAT,082277360180,smpitbudayalangkat@gmail.com,C,110,14,YAYASAN PENDIDIKAN ISLAM BUDAYA LANGKAT,KAB. LANGKAT,KEC. SECANGGANG,JL.PURWOSARI
70009467,SMP IT AL-KHAIRIYAH SUNGGAL,,,B,83,11,YAYASAN ISLAM AL KHAIRIYAH SUNGGAL,KAB. DELI SERDANG,KEC. SUNGGAL,JL. BINJAI KM 10.5 GG PENDIDIKAN NO.14
10212539,SMP SWASTA TUNAS BARU P. BRANDAN,0620323620,smpxinmiao@gmail.com,B,108,5,YAYASAN PENDIDIKAN TUNAS BARU,KAB. LANGKAT,KEC. BABALAN,JL. IMAM BONJOL NO. 72
70053793,SMP SWASTA METHODIST BATANG KUIS,,,,42,5,YAYASAN PENDIDIKAN GMI JEMAAT GLORIA,KAB. DELI SERDANG,KEC. BATANG KUIS,JL. PELITA NO 35
69972437,SMP SWASTA CIPTA NUSA BAKTI,082167487882,yaspendcnb@gmail.com,B,42,3,CIPTA NUSA BAKTI,KAB. DELI SERDANG,KEC. PERCUT SEI TUAN,JL. BERINGIN I GANG JALAK
69815450,SMP SWASTA PKMI METHODIST AEK BATU,081396202363,smppkmiefesus@gmail.com,A,78,8,YAYASAN PENDIDIKAN GEREJA METHODIST INDONESIA WILAYAH I,KAB. LABUHANBATU SELATAN,KEC. TORGAMBA,JL.LINTAS SUMATERA AEK BATU
10212240,SMP S NAHDLATUL ULAMA,081263712857,smpsnu.psp@gmail.com,C,23,10,YAYASAN PERGURUAN NAHDLATUL ULAMA PADANGSIDIMPUAN,KOTA PADANG SIDEMPUAN,KEC. PADANG SIDIMPUAN SELATAN,JL. SM RAJA NO 18
10257387,SMP SWASTA SRO MATITI,063331488,smp.matiti@gmail.com,B,240,22,STUDIEFONDS SIRAJA OLOAN,KAB. HUMBANG HASUNDUTAN,KEC. DOLOKSANGGUL,JL.SISINGAMANGARAJA MATITI
10259206,SMP SWASTA MUHAMMADIYAH 8,085262250398,smp.muhammadiyah8@yahoo.com,B,143,18,PIMPINAN DAERAH MUHAMMADIYAH (PDM) KOTA MEDAN,KOTA MEDAN,KEC. MEDAN AREA,JL UTAMA NO 170 MEDAN
69971557,SMP SWASTA AL-MAKSUM YAZID,,almaksumyazidpaluhpakih@gmail.com,C,99,9,YAYASAN HAJI MAKSUM ABIDIN  SHALEH,KAB. LANGKAT,KEC. BATANG SERANGAN,PALUH PAKIH BABUSSALAM
10211753,SMP SWASTA SULTAN AGUNG,062221432,sultanagungsmp@gmail.com,A,395,33,PERGURUAN SULTAN AGUNG PEMATANGSIANTAR,KOTA PEMATANGSIANTAR,KEC. SIANTAR BARAT,JLN. SURABAYA NO. 19
10205157,SMP S BINA KARYA TELUK PULAI DALAM,085207960658,smpswastabinakarya01@gmail.com,C,102,8,YAYASAN PENDIDIKAN KATOLIK SANTO YOSEPH MEDAN,KAB. LABUHANBATU UTARA,KEC. KUALUH LEIDONG,BLOK VI TELUK PULAI DALAM
70011981,SMP SWASTA KATOLIK ST. YOSEPH,,sltpsantoyosefsalak@gmail.com,B,116,13,YAYASAN PERGURUAN KATOLIK DON BOSCO KEUSKUPAN AGUNG MEDAN,KAB. PAKPAK BHARAT,KEC. SALAK,JL LAE MBALNO
10201057,SMP SWASTA DHARMA PATRA PKL. SUSU,062051013,smpdharmapatra@gmail.com,B,243,17,YAYASAN PENDIDIKAN DHARMA PATRA PANGKALAN SUSU,KAB. LANGKAT,KEC. PANGKALAN SUSU,JALAN BENGKALIS NO 72 PURAKA I
70005232,SMP IT AL MURSYID,,smpitalmursyid@gmail.com,B,45,7,YAYASAN PENDIDIKAN NUSANTARA ANGKASA MARITIM,KAB. SERDANG BEDAGAI,KEC. PERBAUNGAN,JL. NEGARA MEDAN TEBING TINGGI
10260954,SMP SWASTA BETHANY MEDAN,0618360544,bethanysukses@gmail.com,C,26,10,YAYASAN PENDIDIKAN GENERASI HARAPAN,KOTA MEDAN,KEC. MEDAN TUNTUNGAN,JL. KAPITEN PURBA NO. 1
70054838,SMP SWASTA BETESDA,,,,40,6,YAYASAN PERGURUAN PANTEKOSTA,KAB. KARO,KEC. KABANJAHE,JL. KOTACANE GG KURUNG MANIK
10210133,SMP SWASTA MUHAMMADIYAH 02,061456853,smp_muhammadiyah2@yahoo.com,B,158,15,PIMPINAN DAERAH MUHAMMADIYAH (PDM) KOTA MEDAN,KOTA MEDAN,KEC. MEDAN PERJUANGAN,JL. PAHLAWAN NO. 67 MEDAN
69954333,SMP SWASTA ISLAM TERPADU SUHAIRIYAH,085361106029,smpitsuhairiyah@gmail.com,C,225,16,SMP IT SUHAIRIYAH,KAB. BATU BARA,KEC. DATUK TANAH DATAR,DUSUN IV PURWOSARI
70044363,SMP AL FALAH,,,B,43,7,YAYASAN AL-FALAH KUTALIMBARU,KAB. DELI SERDANG,KEC. KUTAIIMBARU,DUSUN VII KAMPUNG BANTEN
69896786,SMP SWASTA ISLAM TERPADU AL MUSABBIHIN,0618224722,smpitalmusabbihin01@gmail.com,B,218,23,YAYASAN WAKAF KELUARGA MUSLIM TASBIH,KOTA MEDAN,KEC. MEDAN SUNGGAL,KOMPLEK TAMAN SETIA BUDI INDAH BLOK C
10211758,SMP MUHAMMADIYAH 19 PEMATANGSIANTAR,062226606,smpmuhammadiyah19pematangsiantar@yahoo.com,B,315,30,PIMPINAN DAERAH MUHAMMADIYAH (PDM) KOTA PEMATANGSIANTAR,KOTA PEMATANGSIANTAR,KEC. SIANTAR BARAT,JL.MERDEKA NO.271 P.SIANTAR
10257298,SMP SWASTA DHARMA BAKTI,0617956782,dharmabakti_pakam@yahoo.com,A,203,16,YAYASAN SOSIAL DHARMA BAKTI LUBUK PAKAM,KAB. DELI SERDANG,KEC. LUBUK PAKAM,JL BIDAN NO.8 BAKARAN BATU
70005618,SMP MUHAMMADIYAH 62 ANDAM DEWI,,,B,81,10,PIMPINAN DAERAH MUHAMMADIYAH (PDM) KAB. TAPANULI TENGAH,KAB. TAPANULI TENGAH,KEC. ANDAM DEWI,DESA LADANG TENGAH
69974439,SMP JOSEPH MANDIRI,081367882930,josephmandirismp@yahoo.com,B,52,3,YAYASAN ANUGERAH KASIH MEMBANGUN INDONESIA,KAB. DELI SERDANG,KEC. HAMPARAN PERAK,JALAN GEREJA GERMENIA DUSUN XIX PASAR IV
70009012,SMP SWASTA ISLAM TERPADU AL-ISLAMIC AMALIA,,,B,15,6,YAYASAN PENDIDIKAN AL-ISLAMIC AMALIA,KOTA TEBING TINGGI,KEC. RAMBUTAN,"JL. PROF. H. M. YAMIN, SH NO. 1"
69976913,SMP SWASTA TAMAN INDAH SEJATI,082175976420,smpswastatamanindahsejati@gmail.com,C,110,16,YAYASAN TAMAN INDAH SEJATI,KAB. NIAS SELATAN,KEC. LAHUSA,DESA HARENORO KEC. LAHUSA KAB. NIAS SELATAN
10210044,SMP SWASTA MUHAMMADIYAH 60,0617360683,khahmaddahlanmedan1993@gmail.com,B,281,18,PIMPINAN DAERAH MUHAMMADIYAH (PDM) KOTA MEDAN,KOTA MEDAN,KEC. MEDAN DENAI,JL. GARUDA I NO.1 PERUMNAS MANDALA
69948836,SMP SWASTA HIGHSCOPE INDONESIA MEDAN,0618220888,info@highscope.sch.id,A,42,11,YAYASAN MASA DEPAN INDONESIA KITA,KOTA MEDAN,KEC. MEDAN BARU,JL. BUNGA CEMPAKA PASAR III NO. 55
70004256,SMP MAHKOTA HIDUP,0813702074597,smpmahkotahidup@gmail.com,C,20,5,YAYASAN MAHKOTA HIDUP INDONESIA,KAB. DELI SERDANG,KEC. SUNGGAL,JL. BERSAMA UJUNG DUSUN IX MULIOREJO
69991675,SMP SWASTA ISLAM TERPADU AS SAADAH,081370629311,assaadahsmpit@gmail.com,B,93,10,YAYASAN AS SAADAH SIMPANG EMPAT,KAB. SERDANG BEDAGAI,KEC. SEI RAMPAH,JL. KAMPUNG LALANG
70009221,SMP SWASTA SANGKARA,06182821111,adminyayasan@sangkaraschool.com,A,50,11,YAYASAN PENDIDIKAN NASIONAL SANGKARA,KOTA MEDAN,KEC. MEDAN SUNGGAL,JL ABADI NO 20 A
70036948,SMP IT AL-IKRAM,085275597527,smpitalikram@gmail.com,A,74,10,YAYASAN PENDIDIKAN HASBALLAH SYAM MEDAN,KOTA MEDAN,KEC. MEDAN HELVETIA,JL KELAMBIR V GANG KESATRIA NO 27
10220893,SMPS AL WASHLIYAH 4 MEDAN,081263528804,smpsaw4@gmail.com,B,109,12,PERKUMPULAN AL JAMI'ATUL WASHLIYAH,KOTA MEDAN,KEC. MEDAN AMPLAS,"JL. SISINGAMANGARAJA KM. 5,5 MEDAN"
10239053,SMPS MUHAMMADIYAH 1 MEDAN,0617358509,smpmuhammadiyah1medan@gmail.com,A,1045,53,PIMPINAN DAERAH MUHAMMADIYAH (PDM) KOTA MEDAN,KOTA MEDAN,KEC. MEDAN AREA,JL. DEMAK NO. 3 MEDAN
10201035,SMP SWASTA KARYA BAKTI,0618930649,smpskaryabakti01@gmail.com,B,124,13,YAYASAN PERGURUAN KARYA BAKTI,KAB. LANGKAT,KEC. SELESAI,PASAR I PADANG CERMIN
10201049,SMP SWASTA PANCA KARYA,085276940112,smppancakarya2020@gmail.com,B,30,8,YAYASAN PENDIDIKAN PANCA KARYA,KAB. LANGKAT,KEC. STABAT,JL. WONOSARI NO. 1
69901896,SMP SWASTA ISLAM TERPADU DAARUSSAKINAH,,smpitdaarussakinah@yahoo.com,B,106,9,YAYASAN PENDIDIKAN DAARUSSAKINAH,KAB. ASAHAN,KEC. SEI DADAP,JLN. PROTOKOL DESA SEI KAMAH I
10261709,SMP SWASTA HKBP PAJAK BARU BELAWAN,,oktrinaelysabeth.siagian@yahoo.com,C,,0,,KOTA MEDAN,KEC. MEDAN KOTA BELAWAN,JALAN TERUBUK BELAWAN
10262372,SMP ADVENT AEK KUO,081320614960,smpadventaekkuo@gmail.com,C,91,5,YAYASAN PENDIDIKAN GEREJA MASEHI ADVENT HARI KETUJUH SUMATERA UTARA,KAB. LABUHANBATU UTARA,KEC. KUALUH HILIR,JL. AEK KUO DALAM
10208898,SMP SW. BUDI MULIA PANGURURAN,062620770,smpswtbudimuliapangururan@gmail.com,A,543,24,YAYASAN BUDI MULIA LOURDES,KAB. SAMOSIR,KEC. PANGURURAN,JL. USKUP AGUNG SUGIOPRANOTO NO. 1
10206508,SMP SWASTA TAPIAN NAULI PORIAHA,082271275200,smpswasta_tapiannauli@yahoo.com,C,22,6,YAYASAN PERGURUAN DAN PENDIDIKAN TAPIANNAULI,KAB. TAPANULI TENGAH,KEC. TAPIAN NAULI,"JL. SIBOLGA-BARUS KM 9,2 PORIAHA"
69904725,SMP SWASTA NAHDLATUL ULAMA,,smpswasta.nu.paluhkurau@gmail.com,C,159,16,YAYASAN PEMBERDAYAAN MASYARAKAT JAM'IYAH NU-SU,KAB. DELI SERDANG,KEC. HAMPARAN PERAK,DESA PALUH KURAU
70036237,SMP SWASTA KRISTEN PROVIDENSIA FAHASARADODO,081360920110,sprovidensiafahasaradodo@gmail.com,,51,13,YAYASAN KRISTEN PROVIDENSIA,KAB. NIAS SELATAN,KEC. HIBALA,DESA HILIOROMAO
69961293,SMP SWASTA AMALYATUL HUDA,081260595756,smp_amalyatulhuda@yahoo.com,B,225,9,YAYASAN PENDIDIKAN AMALYATUL HUDA,KOTA MEDAN,KEC. MEDAN DELI,JL. NUSA INDAH GG. KILANG PADI NO. 44 PASAR 8
69975208,SMP SWASTA WIRAHUSADA MEDAN,0618366206,smpwirahusada18@gmail.com,A,40,9,PERGURUAN WIRAHUSADA MEDAN,KOTA MEDAN,KEC. MEDAN TUNTUNGAN,JL. BUNGA NCOLE NO. 100
10258180,SMP SWASTA MITRA KASIH BKPN,085370809515,smpsmitrakasih@gmail.com,B,86,13,YAYASAN MITRA KASIH NIAS SELATAN,KAB. NIAS SELATAN,KEC. TELUK DALAM,JL. GEREJA NO.10 TELUK DALAM
10213916,SMP SWASTA PAB 19,,smppab19@yahoo.co.id,B,124,11,PERKUMPULAN AMAL BAKTI  SUMATERA UTARA,KAB. DELI SERDANG,KEC. LABUHAN DELI,JL. VETERAN PSR IX
70051576,SMP IT AR-RASYID USMANI BINJAI,082297482707,smpitarrasyidislamicschool@gmail.com,,12,8,PENDIDIKAN ARRASYID USMANI,KOTA BINJAI,KEC. BINJAI UTARA,JL. DR. WAHIDIN NO.212 A LK.II KOMPLEK GRAHA AR-RASYID
70002551,SMP SWASTA MAITREYAWIRA KISARAN,06233445124,smpswastamaitreyawirakisaran@gmail.com,B,237,20,YAYASAN PENDIDIKAN BUDDHIS CAHAYA KASIH MAITREYA,KAB. ASAHAN,KEC. KISARAN BARAT,JL. PRAMUKA NO. 19 LK. V
70037577,SMP SWASTA KARYA JAYA,081375612194,,B,40,10,YAYASAN PERGURUAN NURUL AINI,KAB. DELI SERDANG,KEC. PANCUR BATU,JL. LETJEN JAMIN GINTING NO. 53
69961200,SMP IT AL IKHWAN,085359797745,smpit_alikhwan549@yahoo.com,B,134,10,AL KARIM,KAB. DELI SERDANG,KEC. TANJUNG MORAWA,DUSUN XIII-B JALAN LOKASI NO. 38
70036498,SMP SWASTA PLUS SAMUDERA INDONESIA,,,B,135,15,SMK SWASTA SAMUDERA INDONESIA MEDAN,KOTA MEDAN,KEC. MEDAN MARELAN,JL SAMUDERA KOMP YUKA LK 22
69979583,SMP SWASTA MAITREYAWIRA DELI SERDANG,0616637111,smp@maitreyawira-ds.sch.id,A,718,48,YAYASAN PENDIDIKAN BUDDHIS CAHAYA KASIH MAITREYA,KAB. DELI SERDANG,KEC. PERCUT SEI TUAN,JL. CEMARA BOULEVARD UTARA NO.8 KOMPLEKS CEMARA ASRI
10204042,SMP SWASTA KARYA BHAKTI,081260331332,smpkaryabhakti59@gmail.com,B,77,14,YAYASAN PERGURUAN KARYA BHAKTI KITA,KAB. BATU BARA,KEC. MEDANG DERAS,PEMATANG CENGKERING
69979586,SMP KRISTEN PNIEL,0617033354,smppniel@yahoo.com,B,32,9,YAYASAN PENDIDIKAN KRISTEN BINA MISI PNIEL,KAB. DELI SERDANG,KEC. NAMO RAMBE,JL. PERJUANGAN GG. PISANG NO. 1 PASAR IV
70049944,SMP SWASTA PRESTIGE BILINGUAL SCHOOL,,,A,26,12,YAYASAN FATIH INDONESIA,KOTA MEDAN,KEC. MEDAN DENAI,JL BROMO NO 224
10200301,SMP ISTIQLAL DELITUA,0617030263,smpistiqlaldelitua1992@yahoo.com,A,404,22,YAYASAN PERGURUAN ISTIQLAL DELI TUA,KAB. DELI SERDANG,KEC. DELI TUA,JL. DELI TUA
10204026,SMP SWASTA ADVENT SIMODONG,081295050291,smpadventsimodong@gmail.com,C,85,4,YAYASAN PENDIDIKAN GEREJA MASEHI ADVENT HARI KETUJUH SUMATERA UTARA,KAB. BATU BARA,KEC. SEI SUKA,DUSUN IV
69991679,SMP TAHFIZH AZHAR CENTRE,082114070377,tahfizhyac@gmail.com,A,905,55,YAYASAN AZHAR CENTRE LABUHANBATU UTARA,KAB. LABUHANBATU UTARA,KEC. KUALUH SELATAN,DUSUN SUKA MULIA DESA DAMULI PEKAN
69924632,SMP IT DARUSSALAM,085275727879,smpdarussalam45@yahoo.com,B,96,6,YAYASAN PENDIDIKAN ISLAM NURUL 'ILMI LANGKAT,KAB. LANGKAT,KEC. BINJAI,JL. SUKA MULYA DUSUN V
69984095,SMP AZZAKIYAH ISLAMIC LEADERSHIP,082166083889,azzakiyahislamicschool@gmail.com,A,45,7,YAYASAN AZ ZAKIYAH ISLAMIC CENTRE,KOTA MEDAN,KEC. MEDAN TEMBUNG,JL. METEOROLOGI IV NO. 34
10257672,SMP SWASTA KRISTEN KALAM KUDUS,0614520470,smpkkmedan@yahoo.com,A,219,22,YAYASAN KALAM KUDUS INDONESIA CABANG MEDAN,KOTA MEDAN,KEC. MEDAN PETISAH,JL. MAYANG NO. 10
10201040,SMP ESA PRAKARSA SELESAI,,smpesaprakarsa093@gmail.com,A,244,21,YAYASAN PENDIDIKAN ESA PRAKARSA,KAB. LANGKAT,KEC. SELESAI,JALAN BINJAI - KUALA
10261589,SMP SWASTA IT AL IHYA TG. GADING,081377098786,smpit.alihya@gmail.com,B,259,19,YAYASAN PENDIDIKAN AL IHYA,KAB. BATU BARA,KEC. SEI SUKA,JL. SAWO NO. 01 TANJUNG GADING
10261541,SMP SWASTA AD DAKWAH,0621442047,addakwah.sergai@gmail.com,A,188,13,YAYASAN AD-DAKWAH,KAB. SERDANG BEDAGAI,KEC. SEI BAMBAN,JL. GEMPOLAN PASAR I GG. BAKTI
69990701,SMP SWASTA PRAJAMUDA,082272488789,prajamudaschool9@gmail.com,C,43,8,YAYASAN PENDIDIKAN BAITURRAHMAN BASILAM BL,KAB. LANGKAT,KEC. WAMPU,JL.BATU DELAPAN LINK.II
10202626,SMP SWASTA TAMANSISWA SUGARANG BAYU,082364787566,smp_tamsissbayu@yahoo.com,C,56,6,YAYASAN PERSATUAN PERGURUAN TAMANSISWA,KAB. SIMALUNGUN,KEC. BANDAR,JLN.M.KAMDARI HUTA I SUGARANG BAYU
10200315,SMP SWASTA HARAPAN-3,0617876152,harapan_smp@yahoo.com,A,451,26,YAYASAN PENDIDIKAN HARAPAN,KAB. DELI SERDANG,KEC. DELI TUA,JL. KARYA WISATA UJUNG NO.31
70035920,SMP PERINTIS BERSAMA SEJAHTERA MEDAN,082288261461,,C,28,12,YAYASAN PERINTIS BERSAMA SEJAHTERA,KOTA MEDAN,KEC. MEDAN AMPLAS,JL. SM. RAJA NO.3
10260907,SMP SWASTA AL WASHLIYAH 6 AIR PUTIH,0622646076,smp_s_aw_6_ap@yahoo.co.id,B,239,20,AL JAM'IYATUL WASHLIYAH,KAB. BATU BARA,KEC. AIR PUTIH,JL. SYARIFUDDIN NO. 10 TANJUNG KUBAH - INDRAPURA
10261587,SMP BARMA,082164396888,smp.barma@gmail.com,B,19,5,YAYASAN PERGURUAN BARMA,KAB. DELI SERDANG,KEC. SIBIRU-BIRU,JL. BIRU-BIRU DESA KUTOMULYO
10211044,SMP SWASTA YPMA,0618454883,smp_ypma@yahoo.co.id,B,92,10,YAYASAN PESANTREN MODERN AL-ADNAN,KOTA MEDAN,KEC. MEDAN SUNGGAL,JL. PESANTREN NO.13 SEI SIKAMBING B MEDAN
69725092,SMPS DIRGANTARA BESITANG,081370338799,smpsdirgantara@gmail.com,B,65,5,YAYASAN PESANTREN CENTRE,KAB. LANGKAT,KEC. BESITANG,JL. MEDAN - B. ACEH HARUM SARI
10205269,SMP SWASTA PELITA AEK KANOPAN,0624692966,smpswastapelitaaekkanopan@yahoo.com,B,39,9,YAYASAN PERGURUAN PELITA TRI MANDIRI AEKKANOPAN,KAB. LABUHANBATU UTARA,KEC. KUALUH HULU,JALAN JENDERAL SUDIRMAN UJUNG AEK KANOPAN
10257323,SMP SWASTA METHODIST 6,0618452601,methodist.6.medan@gmail.com,A,383,21,PENDIDIKAN GMI JEMAAT GLORIA,KOTA MEDAN,KEC. MEDAN HELVETIA,"JL. BINJAI KM. 7,8"
70052897,SMP ISLAM AL AZHAR ASY-SYARIF LABUHANBATU,,,,121,15,YAYASAN AL AZHAR RANTAUPRAPAT,KAB. LABUHANBATU,KEC. RANTAU UTARA,LINGKUNGAN PERLAYUAN II KELURAHAN PULO PADANG
70005276,SMP SWASTA ISTANA HATI BINJAI,085297571489,smpswastaistanahatibinjai@gmail.com,B,88,11,YAYASAN ISTANA HATI KITA,KOTA BINJAI,KEC. BINJAI UTARA,"JALAN AR. HAKIM LK. III, KEL. NANGKA, KEC. BINJAI UTARA, KOTA BINJAI"
10209272,SMP SATRYA BUDI,08126513609,smpsatryabudikesatuan@yahoo.co.id,B,102,10,PERGURUAN SATRYA BUDI PERDAGANGAN,KAB. SERDANG BEDAGAI,KEC. PERBAUNGAN,JLN. KH AHMAD THAHIR
10213947,SMP SWASTA SWADAYA,081361417708,smpswadayabulucina@gmail.com,B,304,11,YAYASAN PENDIDIKAN SWADAYA CENTRE,KAB. DELI SERDANG,KEC. HAMPARAN PERAK,JALAN LIMO MIRI
10211006,SMP SWASTA SANTO YOSEPH MEDAN,0618218684,smpsantoy@ymail.com,A,386,23,YAYASAN PERGURUAN KATOLIK DON BOSCO KEUSKUPAN AGUNG MEDAN,KOTA MEDAN,KEC. MEDAN TUNTUNGAN,JL. FLAMBOYAN RAYA NO 139 TJ. SELAMAT - MEDAN
10202554,SMP SWASTA YPI DHARMA BUDI,081264724421,smpypidharmabudi@gmail.com,B,281,18,YPI DHARMA BUDI,KAB. SIMALUNGUN,KEC. SIDAMANIK,MANIK MARAJA
10208744,SMP SWASTA SANTA LUSIA,063331904,smpsantalusiadoloksanggul@gmail.com,A,657,30,SANTA LUSIA VIRGINI,KAB. HUMBANG HASUNDUTAN,KEC. DOLOKSANGGUL,JL. MERDEKA NO. 47
70000260,SMP PLUS ULUL ILMI,06142073466,ululilmiislamicschoolsmp@gmail.com,A,114,15,YAYASAN RAPY RAY PUTRATAMA,KOTA MEDAN,KEC. MEDAN DENAI,JL JERMAL 2
69957003,SMP SWASTA AL-MUCHTAR,081376517290,smpalmuchtar9@gmail.com,C,71,11,PERGURUAN AL-MUCHTAR,KAB. DELI SERDANG,KEC. SUNGGAL,JL. SEI MENCIRIM KOMPLEK KODAM LAMA I/BB DUSUN XII GANG SILIWANGI BLOK I NO.12
10210024,SMP SWASTA HUSNI THAMRIN MEDAN,061414974,husni_thamrinmdn@yahoo.com,A,1,4,YAYASAN HUSNI THAMRIN MEDAN,KOTA MEDAN,KEC. MEDAN PERJUANGAN,JL. GALANG NO. 1 MEDAN
69985076,SMP SWASTA AL WASHLIYAH 15 MEDAN,,smpslwashliya15@gmail.com,C,12,5,SDALWASHLIYAH 15,KOTA MEDAN,KEC. MEDAN TIMUR,JL. UMAR NO. 95 MEDAN
10210221,SMP AR RAHMAN,,smparrahmanmedan@gmail.com,A,128,11,YAYASAN PENDIDIKAN ARRAHMAN MEDAN,KOTA MEDAN,KEC. MEDAN HELVETIA,JL. BRIGJEND H.A.MANAF LUBIS / GAPERTA UJUNG 58
10202512,SMP SWASTA NUSANTARA BALIMBINGAN TANAH JAWA,06225892075,smpnusantara_tanahjawa87@yahoo.com,B,111,8,,KAB. SIMALUNGUN,KEC. TANAH JAWA,JL. SISINGAMANGARAJA BALIMBINGAN T. JAWA
10205262,SMP SWASTA RK BINTANG KEJORA,062429149,smpswastarkbintangkejora@gmail.com,B,189,12,BPGARK PAROKI AEK NABARA,KAB. LABUHANBATU,KEC. PANGKATAN,KAMPUNG BERINGIN
10212527,SMP SWASTA DEWANTARA,081397902623,dewantarasmp@gmail.com,B,211,20,YAYASAN PENDIDIKAN DEWANTARA KUTA PARIT,KAB. LANGKAT,KEC. SELESAI,JL. LETJEND. JAMIN GINTING
20259943,SMP SWASTA UBUDIYAH P. BRANDAN,082171165300,smpswastaubudiyah4@gmail.com,B,134,11,YAYASAN PENDIDIKAN UBUDIYAH,KAB. LANGKAT,KEC. BABALAN,JL. THAMRIN JAWA
70048368,SMP ABISATYA SARAH SCHOOL,082267663868,smpabisatyasarahschool@gmail.com,,25,9,ABISATYA SARAH SCHOOL,KAB. DELI SERDANG,KEC. TANJUNG MORAWA,JL. LIMAU MUNGKUR DUSUN II NO. 652
10201136,SMP S TAMAN SISWA BULUH TELANG,081260566389,smpstamsisbt@gmail.com,C,25,9,PERSATUAN PERGURUAN TAMANSISWA CABANG BULUH TELANG,KAB. LANGKAT,KEC. PADANG TUALANG,BULUH TELANG
10202010,SMP SWASTA ANJANG SANA,085370553452,smpswastaanjangsana@gmal.com,B,32,10,PERGURUAN ANJANGSANA KUTAMBARU,KAB. KARO,KEC. MUNTE,KUTAMBARU
10261971,SMP SWASTA CERDAS MURNI,0617384039,smp.cerdasmurni@gmail.com,A,307,22,YAYASAN ADLIN MURNI,KAB. DELI SERDANG,KEC. PERCUT SEI TUAN,JL. BERINGIN PASAR VII TEMBUNG
10260707,SMP SWASTA KRISTEN BNKP MAZINO,082366016444,smpskrbnkp2007@gmail.com,B,63,15,YAYASAN BANUA NIHA KERISO PROTESTAN MAZINO (BNKP MAZINO),KAB. NIAS SELATAN,KEC. MAZINO,DESA LOLOMBOLI
10213979,SMP NURUL HASANAH,08126337831,smp_nurulhasanah@yahoo.com,B,309,21,YP NURUL HASANIAH,KAB. DELI SERDANG,KEC. PERCUT SEI TUAN,JL.AMAL BAKTI NO.69 B
70001624,SMP IT AR-RASYAD KUALA,,adisiswanto920@gmail.com,B,195,8,AR-RASYAD,KAB. LANGKAT,KEC. KUALA,JL.SYAILENDRA
10213964,SMP HARAPAN,081377229153,smpharapan.pb@gmail.com,B,427,17,YAYASAN PERGURUAN HARAPAN ANUGRAH  PAYA BAKUNG,KAB. DELI SERDANG,KEC. HAMPARAN PERAK,JALAN PELAJAR NO 02
10257551,SMP SWASTA PGRI 3 MEDAN,082267487004,smppgri3medan@gmail.com,A,587,25,PERWAKILAN YPLP PGRI PROVINSI SUMATERA UTARA,KOTA MEDAN,KEC. MEDAN MARELAN,JL. ABDUL SANI MUTHALIB
10219918,SMP SWASTA CITRA HARAPAN,0616990368,yp.citra_harapan@yahoo.com,A,147,13,YAYASAN CITRA HARAPAN JAYA,KAB. DELI SERDANG,KEC. PERCUT SEI TUAN,"JL. MEDAN PERCUT KM.19,5"
10211009,SMP SWASTA SRIWIJAYA,7860085,sekolahsmpsriwijaya@gmail.com,B,113,11,SMP SWASTA SRIWIJAYA,KOTA MEDAN,KEC. MEDAN JOHOR,JL. B. ZEIN HAMID GG PEMBANGUNAN NO. 25
10205272,SMP S TORGAMBA,081361215188,smpstorgamba@gmail.com,B,116,7,YAYASAN PERGURUAN TORGAMBA,KAB. LABUHANBATU SELATAN,KEC. TORGAMBA,PTP NUSANTARA III TORGAMBA
10201029,SMP SWASTA SATRIA BINGAI,081375719219,smpswastasatriabingai@gmail.com,B,65,14,SMK SWASTA SATRIA BINGAI NAMO UKUR,KAB. LANGKAT,KEC. SEI BINGAI,SEI BINGAI
10213941,SMP SWASTA RK DELI MURNI DISKI,0618824436,dsmprkdm.diski@yahoo.com,A,184,19,YAYASAN PERGURUAN KATOLIK DON BOSCO KEUSKUPAN AGUNG MEDAN,KAB. DELI SERDANG,KEC. SUNGGAL,JALAN BINJAI KM 14.5 DISKI
10220928,SMP SWASTA MUHAMMADIYAH BESITANG,082361316101,smpswastamuhammadiyahbesitang@gmail.com,B,108,8,PIMPINAN DAERAH MUHAMMADIYAH (PDM) KAB. LANGKAT,KAB. LANGKAT,KEC. BESITANG,"JLN. MEDAN B. ACEH KM 103,5 BUKIT PELITA"
10257906,SMP HARVARD,081375948686,harvardsmp2@gmail.com,B,216,15,YAYASAN MUHAM ERDILAP LALAP,KOTA MEDAN,KEC. MEDAN LABUHAN,JL TUAR INDAH BLOK XI  MARTUBUNG
10213982,SMP PAB 10 MEDAN ESTATE,,smpswastapab10medest@gmail.com,B,83,12,PERKUMPULAN AMAL BAKTI  SUMATERA UTARA,KAB. DELI SERDANG,KEC. PERCUT SEI TUAN,JALAN MESJID NO. 1 MEDAN ESTATE
10261217,SMP SWASTA SWADAYA,082273365432,smpswadaya@gmail.com,B,83,15,YAYASAN PENDIDIKAN SWADAYA,KAB. LANGKAT,KEC. BATANG SERANGAN,JL. PERJUANGAN
70036984,SMP IT PLUS AZ-ZAHRA,,smpitplusazzahra@gmail.com,A,102,9,AZ-ZAHRA DENDANG,KAB. LANGKAT,KEC. STABAT,JL. JENDRAL SUDIRMAN KM.38 KEL. DENDANG
10211042,SMP SWT YAYASAN PERGURUAN UTAMA,0616617811,yp.utamamedan@yahoo.com,B,90,10,YAYASAN PERGURUAN UTAMA,KOTA MEDAN,KEC. MEDAN TEMBUNG,JL. SULUH NO. 80 A MEDAN
10257851,SMP SWASTA PABAKU STABAT,0618911233,smpswastapabakustabat@gmail.com,B,168,14,YAYASAN PERGURUAN PANCA ABDI BANGSAKU,KAB. LANGKAT,KEC. STABAT,JL. PERINGGONDANI KARANG REJO NO.813 STABAT
10260140,SMP SWASTA BINA BANGSA,0622648155,smpbinabangsaspgbatubarasumut@ymail.com,B,146,12,YAYASAN PERGURUAN BINA BANGSA SIMPANG GAMBUS,KAB. BATU BARA,KEC. LIMA PULUH,JALAN LINTAS SUMATERA KM. 111
10211358,SMP SWASTA MUHAMMADIYAH 12,,smpswastamuhammadiyah12@gmail.com,B,38,13,PIMPINAN DAERAH MUHAMMADIYAH (PDM) KOTA BINJAI,KOTA BINJAI,KEC. BINJAI KOTA,JL. K. H. AHMAD DAHLAN NO. 4 BINJAI
10201043,SMP SWASTA MUHAMMADIYAH 15,085371487576,smpmuhammadiyahseicabang@gmail.com,A,82,6,PIMPINAN DAERAH MUHAMMADIYAH (PDM) KAB. LANGKAT,KAB. LANGKAT,KEC. SECANGGANG,JL. KH AHMAD DAHLAN
10211048,SMP TPI,,smptamanpendidikanislam@gmail.com,B,44,17,PERKUMPULAN TAMAN PENDIDIKAN ISLAM,KOTA MEDAN,KEC. MEDAN KOTA,JL. PELAJAR NO. 44 MEDAN
10202722,SMP SWASTA BUDI SATRIA,082365832013,smpbudisatria291@gmail.com,C,10,3,YAYASAN AL-WASHLIYAH BAHAL BATU,KAB. SIMALUNGUN,KEC. HUTABAYU RAJA,BAHAL BATU
10260835,SMP SWASTA AR-RAHMAN PERCUT,0616990621,smparrahmanpercut2008@gmail.com,A,223,24,YAYASAN HAJJAH RACHMAH NASUTION,KAB. DELI SERDANG,KEC. PERCUT SEI TUAN,JL. KANGKUNGAN DUSUN II
10211011,SMP SWASTA SUCI MURNI,,smpsucimurni@yahoo.com,B,41,10,YAYASAN SUTJI MURNI,KOTA MEDAN,KEC. MEDAN DELI,MEDAN
10211037,SMP SWASTA YASPEMDA BELAWAN,,,C,97,11,YAYASAN PENDIDIKAN PEMBANGUNAN DAERAH,KOTA MEDAN,KEC. MEDAN KOTA BELAWAN,JL.JAWA JL.CIPANAS BELAWAN 2
10204037,SMP METHODIST 2 KISARAN,062341489,smp.methodist2kisaran@gmail.com,A,176,18,YAYASAN PENDIDIKAN KRISTEN METHODIST MORIA KISARAN,KAB. ASAHAN,KEC. KISARAN BARAT,JL. TEUKU UMAR KISARAN
10214007,SMPS PEMNAS BINJAI BAKUNG,,smppemnas.pantailabu@yahoo.com,B,154,12,PEMBANGUNAN NASIONAL,KAB. DELI SERDANG,KEC. PANTAI LABU,DUSUN II DESA BINJAI BAKUNG
10209264,SMP SWASTA KITA MATAPAO,085260570109,smpkitamatamapo@gmail.com,C,38,4,PERGURUAN KITA,KAB. SERDANG BEDAGAI,KEC. TELUK MENGKUDU,MATAPAO
70023925,SMP SWASTA ISLAM TERPADU YUNUS AL BANAT,,,B,185,10,YAYASAN PENDIDIKAN YUNUS AL-BANAT,KAB. SERDANG BEDAGAI,KEC. SIPISPIS,DUSUN I DESA MARJANJI
70042637,SMP IT MUBARAK NURUL HIKMAH,,mubaraknurulhikmah@gmail.com,B,96,11,YAYASAN MUBARAK NURUL HIKMAH,KAB. DELI SERDANG,KEC. TANJUNG MORAWA,JL. KASMIR GANG SENTOSA
70028599,SMP AZZAHRA ISLAMIC PLUS INDONESIA,,,A,29,6,AZZAHRA ISLAMIC PLUS INDONESIA,KAB. SIMALUNGUN,KEC. GUNUNG MALIGAS,JALAN HANDAYANI HUTA I PELADANGAN
70001917,SMP IT NUUR AR RADHIYYAH,,superadmin@smpitnuurarr.sch.id,A,109,13,YAYASAN NUUR AR RADHIYYAH,KAB. LANGKAT,KEC. TANJUNG PURA,JL.PANGKALAN BERANDAN KM.63 DUSUN HARAPAN
10200418,SMP SWASTA ABDI KARYA,,smpabdikarya.t@gmaill.com,B,70,6,SMP SWASTA ABDI KARYA,KAB. DELI SERDANG,KEC. STM HILIR,DESA TALAPETA
69990257,SMP SWASTA TRIANA,081224211367,smps.triana2019@gmail.com,B,471,17,YAYASAN PENDIDIKAN TRIANA,KAB. DELI SERDANG,KEC. PERCUT SEI TUAN,JL. SEDERHANA DUSUN IX SEROJA DESA SAMBIREJO TIMUR
69987320,SMP ISLAM TERPADU BARUNA HUSADA SIBUHUAN,081260400974,smpitbarunahusada@gmail.com,B,40,11,YAYASAN PERGURUAN BARUNA HUSADA SIBUHUAN,KAB. PADANG LAWAS,KEC. LUBUK BARUMUN,JL. LINTAS SIBUHUAN – GUNUNG TUAN KM.8
70000807,SMP MUHAMMADIYAH 04 BADIRI,082277971925,smpmuh4badiri@gmail.com,B,70,8,PIMPINAN DAERAH MUHAMMADIYAH (PDM) KAB. TAPANULI TENGAH,KAB. TAPANULI TENGAH,KEC. BADIRI,LINGKUNGAN VI
69900340,SMP BINTANG SERGAI,082273939550,smpswastabintang16@gmail.com,A,139,9,YPT. BINA GENERASI TANGGUH SERDANG BEDAGAI,KAB. SERDANG BEDAGAI,KEC. SEI RAMPAH,JALAN PUSKESMAS DSN III DESA SEI REJO KEC. SEI RAMPAH
10259855,SMP SWASTA KARYA BHAKTI,081370060017,smpskaryabhaktibahtonang20@yahoo.com,C,147,13,YAYASAN PENDIDIKAN KARYA BHAKTI BAH TONANG,KAB. SIMALUNGUN,KEC. RAYA KAHEAN,JL. PROTOKOL NO.26
10259121,SMP SWASTA NURUL ISLAM INDONESIA,0617360440,smpnii20b@gmail.com,B,137,16,NURULISLAMINDONESIABARU,KOTA MEDAN,KEC. MEDAN AREA,JL. MEGAWATI NO.20 B
10261610,SMP SWASTA MUHAMMADIYAH 23,082273008334,smpmuhammadiyah23@gmail.com,B,70,8,PIMPINAN DAERAH MUHAMMADIYAH (PDM) KAB. ASAHAN,KAB. ASAHAN,KEC. SILAU LAUT,JL. MANUNGGGAL 14
10202533,SMP UISU,06227553220,smps_uisu@yahoo.com,B,85,8,BP YAYASAN UISU SIANTAR,KAB. SIMALUNGUN,KEC. SIANTAR,JLN. ASAHAN
10212573,SMP S KESUMA INDAH,085370008277,smpkesumaindah.psp@gmail.com,A,180,15,YAYASAN BUDI BAKTI KEUSKUPAN SIBOLGA,KOTA PADANG SIDEMPUAN,KEC. PADANG SIDIMPUAN SELATAN,"JL. TEUKU UMAR, NO.17"
10258065,SMP SWASTA IDANOI,089523829335,smps_idanoi@yahoo.co.id,B,191,23,YAYASAN PERGURUAN IDANOI,KOTA GUNUNGSITOLI,KEC. GUNUNGSITOLI IDANOI,JL.PELUD BINAKA KM.16 SWALUBANUA-II
10211585,SMP SWASTA F. TANDEAN TEBING TINGGI,062121583,ftandean.smp@gmail.com,A,409,27,PERGURUAN F. TANDEAN TEBING TINGGI,KOTA TEBING TINGGI,KEC. TEBING TINGGI KOTA,JALAN DR. SUTOMO NO. 28-A
10202750,SMP SWASTA TPI AL HASANAH,081362053320,smpstpialhasanah@gmail.com,C,103,5,YAYASAN TAMAN PENDIDIKAN AL- HASANAH,KAB. SIMALUNGUN,KEC. PEMATANG BANDAR,JL. SISINGAMANGARAJA NO.202
10205182,SMP S ADVENT SEI PELANCANG,,jonipurba70@gmail.com,B,70,6,YAYASAN PENDIDIKAN GEREJA MASEHI ADVENT HARI KETUJUH SUMATERA UTARA,KAB. LABUHANBATU,KEC. PANAI TENGAH,SEI PELANCANG
10208892,SMP SW. PEMBANGUNAN SIMBOLON,081262901229,smps.pembangunan.simbolon@gmail.com,C,89,9,YAYASAN PEMBANGUNAN,KAB. SAMOSIR,KEC. PALIPI,SIMBOLON
10213925,SMP PANGERAN ANTASARI,0618461647,smppangeranantasari@yahoo.co.id,A,320,13,YAYASAN PENDIDIKAN PANGERAN ANTASARI,KAB. DELI SERDANG,KEC. LABUHAN DELI,JL. VETERAN NO. 1060/19
10261876,SMP SWASTA TELAGA SAID,085261969693,smptelagasaid@gmail.com,B,150,7,YAYASAN PENDIDIKAN TELAGA SAID,KAB. LANGKAT,KEC. SEI LEPAN,JALAN DUSUN II BUKIT BARU
69967075,SMP SWASTA AL AKBAR PURBA GANDA,081264409541,smpalakbarpurbaganda.69967075@gmail.com,B,116,10,YAYASAN BONA SIMALUNGUN MANDIRI,KAB. SIMALUNGUN,KEC. PEMATANG BANDAR,JALAN BESAR PURBAGANDA
10213918,SMP PAB 2 HELVETIA,0618453800,admin@smppab2helvetia.sch.id,A,387,33,PERKUMPULAN AMAL BAKTI  SUMATERA UTARA,KAB. DELI SERDANG,KEC. LABUHAN DELI,JALAN VETERAN PASAR IV HEVETIA
10203544,SMP SW. ADVENT LUMBAN GAMBIRI,085371632845,lumbangambirismpadvent@gmail.com,B,185,11,YAYASAN PENDIDIKAN GEREJA MASEHI ADVENT HARI KETUJUH SUMATERA UTARA,KAB. DAIRI,KEC. PARBULUAN,LUMBAN GAMBIRI
10213849,SMP SWASTA JAYA KRAMA,0617951789,smpjayakrama@rocketmail.com,A,129,13,YAYASAN PENDIDIKAN HAJJAH KASIH INDONESIA,KAB. DELI SERDANG,KEC. BERINGIN,JL. MIMBAR UMUM PSR. VI
10204038,SMP SWASTA MERANTI,08116592011,smpdaerahmeranti@gmail.com,B,193,15,YAYASAN PENDIDIKAN MERANTI,KAB. ASAHAN,KEC. MERANTI,JL. PERINTIS KEMERDEKAAN
10257669,SMP SWT IRA,0617365244,irasmp@gmail.com,B,144,17,YAYASAN PERGURUAN IRA MEDAN,KOTA MEDAN,KEC. MEDAN TEMBUNG,JL. PERTIWI NO. 111 / 53 B MEDAN
10202544,SMP SWASTA ISLAM BAH BIRONG ULU SIDAMANIK,082275343624,smpislambahbirunguluptpniv@gmail.com,B,123,16,YAYASAN PENDIDIKAN PERKEBUNAN NUSANTARA IV,KAB. SIMALUNGUN,KEC. SIDAMANIK,PTPN IV BAH BIRUNG ULU
10239037,SMP SWASTA HARAPAN BANGSA,8930290,smpyphbkuala@gmail.com,B,81,9,HARAPAN BANGSA KUALA,KAB. LANGKAT,KEC. KUALA,"JLN.BINJAI KUALA KM.18,5 KUALA"
69970292,SMP SWASTA IT AL MUNADI,081226937191,smpitalmunadi2017@gmail.com,A,364,35,YAYASAN WAKAF AL MUNADI MEDAN,KOTA MEDAN,KEC. MEDAN MARELAN,JL. MARELAN VII LINGK 1 NO. 212
69899771,SMP-IT NURUL ILMI,73359762,smpitni1405@gmail.com,A,75,11,YAYASAN PENDIDIKAN HAJI AGUS SALIM,KAB. DELI SERDANG,KEC. PERCUT SEI TUAN,JL KOLAM NO 1
69963889,SMP KRISTEN KALAM KUDUS-2 MEDAN,8456531,smpkalamkudusdua@gmail.com,A,188,16,YAYASAN KALAM KUDUS INDONESIA CABANG MEDAN,KOTA MEDAN,KEC. MEDAN HELVETIA,JL. KAPTEN MUSLIM NO. 130/114
69992639,SMP SWASTA ISLAM TERPADU AR RAHMAN,,smpsitarrahmantt@gmail.com,B,104,12,PUSAT PENDIDIKAN JIBO,KOTA TEBING TINGGI,KEC. BAJENIS,JL. PROF. DR. HAMKA
70013648,SMP IT AL-KAHFI,,smpitalkahfi06@gmail.com,B,127,7,YAYASAN LIL MUTTAQINA IMAMA LANGKAT,KAB. LANGKAT,KEC. HINAI,JL.SWADAYA
10261472,SMP SWASTA GLOBAL PRIMA MEDAN,0614556090,yyspendglobalprima@yahoo.co.id,A,331,18,YAYASAN PERGURUAN TINGGI PRIMA INDONESIA,KOTA MEDAN,KEC. MEDAN MAIMUN,JL. BRIGJEND KATAMSO NO.282/283
70045487,SMP IT DARUL AN NAJAH MARBAU,,,A,44,13,YAYASAN DARUL AN NAJAH MARBAU,KAB. LABUHANBATU UTARA,KEC. MARBAU,DUSUN VI DESA BELONGKUT
10201363,SMAS HARAPAN,085275684538,smasharapan.babalan@gmail.com,B,374,21,YAYASAN PERGURUAN HARAPAN,KAB. LANGKAT,KEC. BABALAN,JL. PERDAMAIAN 82 PK. BRANDAN
10201317,SMA SWASTA YASPENMAS SEI LEPAN,081376345614,smaswastayaspenmas@gmail.com,B,84,6,YAYASAN PENDIDIKAN MASYARAKAT,KAB. LANGKAT,KEC. SEI LEPAN,SIDODADI - JASA MAKMUR
10211693,SMAS ADVENT,,smaadvent@ymail.com,A,138,12,YAYASAN PENDIDIKAN GEREJA MASEHI ADVENT HARI KETUJUH SUMATERA UTARA,KOTA PEMATANGSIANTAR,KEC. SIANTAR MARTOBA,JL. RAKUTTA SEMBIRING
70052302,SMA IT KHALISHATURRAHMI BINJAI,,,,,0,,KOTA BINJAI,KEC. BINJAI SELATAN,JL. SAMANHUDI PSR.II TANAH MERAH
70052461,SMA SWASTA PELANGI BUDI MANDIRI,,,B,11,6,PERKUMPULAN LEMBAGA PELANGI BUDI MANDIRI,KOTA MEDAN,KEC. MEDAN PETISAH,JL. SAMPUL NO. 29
10211311,SMAS SATRIA,0618828856,sma.satria.nusantara@gmail.com,B,27,12,YAYASAN PENDIDIKAN SATRIA NUSANTARA,KOTA BINJAI,KEC. BINJAI TIMUR,"JL.SOEKARNO-HATTA, KM 19,5 BINJAI"
10202679,SMA SWASTA METHODIST,062296194,smamethodistperdagangan@gmail.com,B,36,7,YAYASAN PERGURUAN KRISTEN METHODIST IMMANUEL PERDAGANGAN,KAB. SIMALUNGUN,KEC. BANDAR,JL. GEREJA NO 62 PERDAGANGAN
10210898,SMAS LETJEN S PARMAN,4555279,ypspmedan@gmail.com,A,59,5,YAYASAN PERGURUAN LETJEN S. PARMAN MEDAN,KOTA MEDAN,KEC. MEDAN AREA,JL. WAHIDIN NO. 170 MEDAN
10212199,SMAS MUHAMMADIYAH 11 PSP,063421159,smuhammadiyah11padangsidimpuan@yahoo.co.id,B,28,9,PIMPINAN WILAYAH MUHAMMADIYAH (PWM) PROV. SUMATERA UTARA,KOTA PADANG SIDEMPUAN,KEC. PADANG SIDIMPUAN UTARA,JL. S. PARMAN NO. 18
69981782,SMA IT JABAL NOOR,087848485025,smaitjabalnoor@gmail.com,B,116,11,YAYASAN JABAL NOOR UTAMA,KAB. DELI SERDANG,KEC. SUNGGAL,JL. SEI MENCIRIM GG. ABADI
10211540,SMA SWASTA R.A. KARTINI,062122952,smarakartini.tebingtinggi@gmail.com,A,212,15,YAYASAN PERGURUAN R.A. KARTINI,KOTA TEBING TINGGI,KEC. RAMBUTAN,JALAN KL. YOS SUDARSO NO. 89
69967634,SMAS SATU PADU BOARDING SCHOOL,081376342860,sma1padubs@gmail.com,A,98,13,YAYASAN PENDIDIKAN KATOLIK BETLEHEM,KAB. DELI SERDANG,KEC. SINEMBAH TNJNG MUDA HULU,JL. VETERAN
10210907,SMA SWASTA METHODIST 4 MEDAN,0614512475,smamethodistpolonia@yahoo.com,B,82,8,YAYASAN PENDIDIKAN GEREJA METHODIST INDONESIA 4,KOTA MEDAN,KEC. MEDAN POLONIA,JL. PEKONG NO. 31
10206585,SMAS SW KELUARGA,081360779948,smasw.keluarga@gmail.com,B,84,7,YAYASAN PERGURUAN KELUARGA SIAMBATON NAPA,KAB. TAPANULI TENGAH,KEC. MANDUAMAS,JL. PENDIDIKAN NO. 30 PO. MANDUAMAS
10209429,SMAS SADAR NAGARAJA,081377066689,smasadarnagaraja@gmail.com,C,31,8,YAYASAN PENDIDIKAN SATIA DARMA NAGARAJA,KAB. SERDANG BEDAGAI,KEC. SIPISPIS,NAGUR PANE
10204256,SMAS MUHAMMADIYAH 8 KISARAN ASAHAN,081361099119,smamapankisaran@gmail.com,A,998,44,PIMPINAN WILAYAH MUHAMMADIYAH (PWM) PROV. SUMATERA UTARA,KAB. ASAHAN,KEC. KISARAN TIMUR,JL. MADONG LUBIS NO. 8 KISARAN
69943068,SMA SWASTA AL HIKMAH,0616841769,sma_al_hikmah@yahoo.co.id,A,643,26,YAYASAN PERGURUAN AL-HIKMAH,KOTA MEDAN,KEC. MEDAN MARELAN,JL. MARELAN I PASAR IV
10214179,SMAS PGRI 37 BATANG KUIS,081370527696,sma_pgri37@yahoo.com,C,52,10,PERWAKILAN YPLP PGRI PROVINSI SUMATERA UTARA,KAB. DELI SERDANG,KEC. BATANG KUIS,JL. AMPERA NO.219
69883509,SMA SWASTA AR RASYID ASAHAN,082162062941,smas.ar.rasyid14@gmail.com,B,72,8,YAYASAN PENDIDIKAN AR-RASYID ASAHAN,KAB. ASAHAN,KEC. KISARAN BARAT,JL. KELINCI LINGUNGAN IV
10214157,SMAS METHODIST KUTALIMBARU,77837249,methodist_bts@yahoo.com,B,43,13,YPGMI,KAB. DELI SERDANG,KEC. KUTAIIMBARU,PERUM BUMI TUNTUNGAN
10210797,SMA SWASTA AN-NIZAM,0617350605,smaannizam62@gmail.com,A,102,17,YAYASAN SECH OEMAR BIN SALMIN BAHADJADJ,KOTA MEDAN,KEC. MEDAN DENAI,JL. PERJUANGAN / TUBA II NO. 62
10261031,SMA SWASTA AL-MANAR MEDAN,,smaunggulan.almanar@gmail.com,A,226,24,YAYASAN PENDIDIKAN ISLAM AL-MUNAWWARAH,KOTA MEDAN,KEC. MEDAN JOHOR,JL. KARYA BAKTI NO.34
10210823,SMA SWASTA TELADAN CINTA DAMAI MEDAN,8459452,smastcd@gmail.com,B,117,11,YAYASAN PERGURUAN TELADAN SUMATERA UTARA,KOTA MEDAN,KEC. MEDAN HELVETIA,JL. PENDIDIKAN NO. 62
70048264,SMA UNGGUL SKYLANDSEA YAPPSU,082226209331,smaunggulskylandsea@gmail.com,B,34,6,YAYASAN PENGEMBANGAN PROFESI SUMATERA UTARA,KAB. DELI SERDANG,KEC. TANJUNG MORAWA,"JL MEDAN KM.24,5"
10257886,SMA ISLAM AL-ULUM TERPADU MEDAN,0616642331,sma.iaut.dapodikmen@gmail.com,A,272,18,YAYASAN AMANAH KARAMAH,KOTA MEDAN,KEC. MEDAN TEMBUNG,JL.TUASAN NO. 35 MEDAN
10211684,SMAS MELATI,,,C,46,7,YAYASAN PERGURUAN MAJELIS AMAL BAKTI ISLAM,KOTA PEMATANGSIANTAR,KEC. SIANTAR BARAT,JL. JAWA NO.27
10205373,SMAS PELITA AEKKANOPAN,,smaspelitaaekkanopan@gmail.com,B,53,4,YAYASAN PERGURUAN PELITA TRI MANDIRI AEKKANOPAN,KAB. LABUHANBATU UTARA,KEC. KUALUH HULU,JL. JENDERAL SUDIRMAN UJUNG AEKKANOPAN
10260219,SMA SWASTA HARAPAN BARU MEDAN,,herliyandusoraya@gmail.com,B,86,6,YAYASAN PENDIDIKAN HARAPAN BARU SUMATERA UTARA,KOTA MEDAN,KEC. MEDAN JOHOR,JL.PINTU AIR IV/ LINGGA RAYA
10210743,SMAS KRISTEN KALAM KUDUS,4520470,skkk_medan@yahoo.com,A,248,23,YAYASAN KALAM KUDUS INDONESIA CABANG MEDAN,KOTA MEDAN,KEC. MEDAN PETISAH,JL.MAYANG NO.10
69733918,SMAS SATU NUSA,8826326,smasatunusabinjai@yahoo.com,B,21,3,ABDURRAHMAN AYUN,KOTA BINJAI,KEC. BINJAI KOTA,JL. PANDE DINGIN NO. 42
10220887,SMA SWASTA  TPI BASILAM,081370609088,smastpibasilam@gmail.com,B,100,10,YAYASAN BINA LANGKAT NUSANTARA ( BILANUSA ),KAB. LANGKAT,KEC. WAMPU,JL. EMPLASMEN KEBUN BASILAM
10259546,SMA SWASTA HKBP GIRSANG SIPANGAN BOLON,062542052,aritahamonangan@gmail.com,B,36,5,YAYASAN PERGURUAN HKBP PARAPAT,KAB. SIMALUNGUN,KEC. GIRSANG SIMPANGAN BOLON,JL. BUKIT BARISAN 19
10220782,SMAS SANTO PAULUS,6841356,smastpaulusmtb@yahoo.co.id,B,160,12,YAYASAN PERGURUAN SANTO PAULUS MARTUBUNG,KOTA MEDAN,KEC. MEDAN LABUHAN,JL PANCING NO. 9 MARTUBUNG
10220209,SMA SWASTA DHARMA BHAKTI SIBORONGBORONG,,dharma.bhaktisma@gmail.com,B,91,13,YAYASAN DHARMA BHAKTI SIBORONGBORONG,KAB. TAPANULI UTARA,KEC. SIBORONGBORONG,JL. SM. RAJA SIBORONGBORONG
10220320,SMAS YAPIM MABAR,0616854981,yapim.mbr007@gmail.com,A,101,17,YAYASAN PERGURUAN INDONESIA MEMBANGUN TARUNA,KAB. DELI SERDANG,KEC. PERCUT SEI TUAN,JL. MANGAAN VII PASAR III LK. 16 MABAR
10210911,SMAS PARULIAN 1,7346982,smaparulian_1@yahoo.co.id,A,215,14,YAYASAN PENDIDIKAN PARULIAN MEDAN,KOTA MEDAN,KEC. MEDAN KOTA,JL. STADION TELADAN NO.23
10210709,SMA SWASTA ERIA MEDAN,0617866341,smaswastaeria@gmail.com,A,184,20,YAYASAN PENDIDIKAN ANI IDRUS PERGURUAN ERIA,KOTA MEDAN,KEC. MEDAN KOTA,JL. SISINGAMANGARAJA NO. 195
70046573,SMA EDU GLOBAL,082280004694,info@smaegsmdn.sch.id,A,90,23,YAYASAN KREASI EDULAB INDONESIA,KOTA MEDAN,KEC. MEDAN SELAYANG,"KOMP. OCBC RING ROAD, JL. GAGAK HITAM NO. A1A - A4B"
10261247,SMA SWASTA TAMANSISWA SIDOMULYO,08216447328,smatamansiswasidomulyo03@gmail.com,B,71,7,PERSATUAN PERGURUAN TAMANSISWA CABANG SIDOMULYO,KAB. BATU BARA,KEC. SEI BALAI,JALAN PITO WIYONO DUSUN V
10258535,SMA SWASTA ANUGERAH HARAPAN BANGSA MEDAN,0616841514,anugerahharapanbangsamedan@gmail.com,A,131,19,YPK ANUGERAH HARAPAN BANGSA MEDAN,KOTA MEDAN,KEC. MEDAN MARELAN,JL. AMD LINGKUNGAN 22 GG. SERASI
10210706,SMAS DWIWARNA,7347913,sma.dwiwarna@yahoo.com,B,39,14,PENDIDIKAN DAN SOSIAL DWIWARNA,KOTA MEDAN,KEC. MEDAN KOTA,JL. GEDUNG ARCA NO. 52
10203517,SMA SWASTA BUKIT CAHAYA SIDIKALANG,081269390858,smasbukitcahayasidikalang@gmail.com,A,69,9,YAYASAN PENDIDIKAN BUKIT CAHAYA,KAB. DAIRI,KEC. SIDIKALANG,JL. MAKMUR NO. 10 SIDIKALANG
10259617,SMAS TUNAS BARU PKL BRANDAN,0620323637,xinmiaotb73@gmail.com,B,127,9,YAYASAN PENDIDIKAN TUNAS BARU,KAB. LANGKAT,KEC. BABALAN,JL. IMAM BONJOL NO. 72
10211302,SMAS INSANI,082247320518,smainsanibinjaidapodikmen@gmail.com,C,8,3,YAYASAN PERGURUAN INSANI,KOTA BINJAI,KEC. BINJAI UTARA,JL. KOMPOR NO. 27 BINJAI
10209427,SMAS SATRIA DHARMA,7991347,smasatriadharma@yahoo.com,B,270,18,YAYASAN PENDIDIKAN SATRIA DHARMA PERBAUNGAN,KAB. SERDANG BEDAGAI,KEC. PERBAUNGAN,JL. AKASIA NO. 8 JAMBUR PULAU
69978871,SMA SWASTA INDAH MAJU JAYA,,smaswastaindahmajujaya@yahoo.com,B,38,6,YAYASAN INDAH MAJU JAYA GROUP,KAB. LANGKAT,KEC. BATANG SERANGAN,DUSUN RUMAH SEKOLAH
10260917,SMA SWASTA CITRA MEDANG DERAS,613015,smacitra_medangderas@yahoo.co.id,B,156,25,YAYASAN PENDIDIKAN KELUARGA CITRA,KAB. BATU BARA,KEC. MEDANG DERAS,JL. RAHARJA PASAR 1
69900043,SMA TARUNA HANG TUAH  TELUKDALAM NIAS SELATAN,085373442013,smataruna.hangtuahtelukdalam@gmail.com,B,35,11,YAYASAN HANG TUAH CABANG JAKARTA,KAB. NIAS SELATAN,KEC. TELUK DALAM,JALAN BALOHO INDAH
10205374,SMAS PANGLIMA POLEM RANTAUPRAPAT,,smas.ppr@gmail.com,A,155,11,PERGURUAN PANGLIMA POLEM RANTAUPRAPAT,KAB. LABUHANBATU,KEC. RANTAU UTARA,JL. CUT NYAK DIN RANTAUPRAPAT
10210742,SMA SWASTA NASRANI 2 MEDAN,,smasnasrani2medan@gmail.com,B,74,11,PERKUMPULAN PERGURUAN NASRANI MEDAN,KOTA MEDAN,KEC. MEDAN PERJUANGAN,JL. PENDIDIKAN NO. 88
10220213,SMAS DHARMA BAKTI,0617953725,pdharmabakti.sma@gmail.com,A,196,21,YAYASAN SOSIAL DHARMA BAKTI LUBUK PAKAM,KAB. DELI SERDANG,KEC. LUBUK PAKAM,JL. BIDAN NO. 8
10257751,SMAS YAPIM SYAH BANDAR,081362765959,yapimdesabinjai@rocketmail.com,B,52,7,YAYASAN PERGURUAN INDONESIA MEMBANGUN TARUNA,KAB. SERDANG BEDAGAI,KEC. TEBING SYAHBANDAR,JL. TEBING TINGGI - INDRA PURA KM.10 DUSUN IV
10201366,SMAS DARUSSA ADAH SEI SIUR,082168441358,smasdarussaadahlkt@gmail.com,B,101,12,PENDIDIKAN AL ISLAM,KAB. LANGKAT,KEC. PANGKALAN SUSU,JL.PKL.BERANDAN DESA SEI SIUR DUSUN IV PANTON KEC.PKL.SUSU KAB.LANGKAT 20858
10210889,SMAS NURCAHAYA,082371127869,yayasanpendidikannurcahaya@gmail.com,A,117,6,PENDIDIKAN NURCAHAYA,KOTA MEDAN,KEC. MEDAN SELAYANG,JL. BUNGA CEMPAKA NO. 41
10258062,SMA SWASTA METHODIST,062392495,smamethodist2tanjungbalai@yahoo.co.id,A,189,11,YAYASAN PERGURUAN KRISTEN METHODIST BUKIT SION,KOTA TANJUNG BALAI,KEC. TANJUNG BALAI SELATAN,JL. IMAM BONJOL NO. 64
70054920,SMA SWASTA IT NAHDHATUL ULUM,,,,,0,,KAB. LABUHANBATU,KEC. RANTAU UTARA,"KAMPUNG WONOSARI, AEK PAING B II KEL. AEK PAING, KEC. RANTAU UTARA KAB. LABUHANB"
10205369,SMA SWASTA RK BINTANG TIMUR,,smarkbtrantauprapat@gmail.com,A,420,25,YAYASAN PERGURUAN KATOLIK SANTO LAURENSIUS,KAB. LABUHANBATU,KEC. RANTAU UTARA,JL. CUT MEUTIA UJUNG RANTAUPRAPAT
10220518,SMAS SW ST FRANSISKUS,0631372362,santufransiskus11@gmail.com,A,217,16,YAYASAN BUDI BAKTI KEUSKUPAN SIBOLGA,KAB. TAPANULI TENGAH,KEC. PANDAN,JL. PROF. MR. DR. M. HAZAIRIN
10214152,SMA SWASTA PANGERAN ANTASARI,8461641,smaantasari@yahoo.co.id,A,172,14,YAYASAN PENDIDIKAN PANGERAN ANTASARI HELVETIA,KAB. DELI SERDANG,KEC. LABUHAN DELI,JL. VETERAN NO. 1060/19
69979559,SMA SWASTA MEDAN INDEPENDENT SCHOOL,0618361816,misadmin@mismedan.org,A,20,5,MEDAN INTERNATIONAL SCHOOL,KOTA MEDAN,KEC. MEDAN TUNTUNGAN,JL. JAMIN GINTING KM. 10 / JL. TALI AIR NO. 5
10204240,SMAS MERANTI,08126487517,smas.meranti@gmail.com,B,176,15,YAYASAN PENDIDIKAN MERANTI,KAB. ASAHAN,KEC. MERANTI,JL. PERINTIS KEMERDEKAAN NO.182 MERANTI
10204251,SMAS SWADAYA PULAU RAKYAT,0623355504,smasswadaya@gmail.com,A,640,32,YAYASAN PENDIDIKAN SWADAYA,KAB. ASAHAN,KEC. PULAU RAKYAT,JL. YASPENDA NO. 37 PULAU RAKYAT PEKAN
10202659,SMA SWASTA ASSISI SIANTAR,7551164,smaassisi@gmail.com,A,294,29,YAYASAN PUTERI HATI KUDUS,KAB. SIMALUNGUN,KEC. SIANTAR,JL. ASAHAN KM. 6
10211312,SMA SWASTA SANTO THOMAS 4 BINJAI,081362070791,santothomas83@gmail.com,A,207,12,YAYASAN PERGURUAN KATOLIK DON BOSCO KEUSKUPAN AGUNG MEDAN,KOTA BINJAI,KEC. BINJAI TIMUR,JL. IKAN TENGGIRI NO. 21 BINJAI
69822701,SMA SWASTA ISLAM NUR IHSAN,0617341704,unit.sma@nurihsanislamicschool.sch.id,A,36,11,YAYASAN PINTA HARAPAN,KOTA MEDAN,KEC. MEDAN TEMBUNG,JL.BERSAMA NO.83 A MEDAN
10202001,SMA SWASTA KATOLIK 2 KABANJAHE,062820758,sma_katolik2_kabanjahe@ymail.com,A,320,24,YAYASAN PERGURUAN KATOLIK DON BOSCO KEUSKUPAN AGUNG MEDAN,KAB. KARO,KEC. KABANJAHE,JLN. KOTACANE / RAKOETTA S. BRAHMANA KABANJAHE
69816258,SMA AWIRRASYIDIN,081263103762,smaawirrasyidin@gmail.com,B,73,10,AWIRRASYIDIN,KOTA MEDAN,KEC. MEDAN SUNGGAL,JL. BINJAI KM 8.5
10208956,SMAS HKBP PANGURURAN,062620151,sma_hkbppgr@yahoo.com,B,106,11,YAYASAN PERGURUAN HKBP PANGURURAN,KAB. SAMOSIR,KEC. PANGURURAN,JL. GEREJA NO. 9 A
10201344,SMA SWASTA MUHAMMADIYAH 4 BABALAN,085270629062,smamh4babalan@gmail.com,A,347,28,PIMPINAN WILAYAH MUHAMMADIYAH (PWM) PROV. SUMATERA UTARA,KAB. LANGKAT,KEC. BABALAN,JL. KALIMANTAN PANGKALAN BRANDAN
10260076,SMA SWASTA BINA BANGSA,648155,binabangsasimpanggambus@gmail.com,B,113,11,YAYASAN PERGURUAN BINA BANGSA SIMPANG GAMBUS,KAB. BATU BARA,KEC. LIMA PULUH,JL.LINTAS SUMATERA KM.111
10261987,SMAS ADVENT TELADAN,,smaadventteladan@yahoo.co.id,B,46,10,YAYASAN PENDIDIKAN PERGURUAN ADVENT TELADAN,KAB. LABUHANBATU SELATAN,KEC. TORGAMBA,KAMPUNG BARU III
10211534,SMA SWASTA IR. H. DJUANDA,062121364,smajuandatebing@gmail.com,A,446,26,PERGURUAN SWASTA IR.H.DJUANDA,KOTA TEBING TINGGI,KEC. TEBING TINGGI KOTA,JL. THAMRIN NO. 125
10210714,SMAS HANG KESTURI,0617369484,smahangkesturi@yahoo.co.id,A,36,12,,KOTA MEDAN,KEC. MEDAN KOTA,JL. SUTOMO NO. 144 A MEDAN
10259857,SMAS ERLANGGA,062226672,sma.erlangga@gmail.com,B,42,8,YAYASAN ERLANGGA,KOTA PEMATANGSIANTAR,KEC. SIANTAR TIMUR,JL. MERDEKA NO. 280-286
70051506,SMA SWASTA SITI HAJAR,,smaswastasitihajar@gmail.com,B,21,10,YAYASAN RIZAL AZALIBAKI INDONESIA,KAB. DELI SERDANG,KEC. SIBOLANGIT,JL. MEDAN BERASTAGI
10210821,SMA SWASTA NASRANI 3 MEDAN,081292966732,smasnasranitiga@gmail.com,B,59,8,PERKUMPULAN PERGURUAN NASRANI MEDAN,KOTA MEDAN,KEC. MEDAN KOTA,JL. TURI NO. 108
10203519,SMAS NUSANTARA,081260342513,smanusantaratigalingga@gmail.com,B,91,9,YAYASAN PERGURUAN NUSANTARA TIGALINGGA,KAB. DAIRI,KEC. TIGALINGGA,JL. NUSANTARA. TIGALINGGA
10258253,SMA SWASTA KATOLIK BINTANG LAUT,085358147032,smas.katolikbintanglaut@gmail.com,A,556,39,YAYASAN SANTU FIDELIS,KAB. NIAS SELATAN,KEC. TELUK DALAM,JL. DIPONEGORO NO. 26 C
10258259,SMA SWASTA AFORE SUSUA,081360491623,smasafore.susua@yahoo.com,B,131,18,YAYASAN PERGURUAN AFORE SUSUA,KAB. NIAS SELATAN,KEC. ULUSUSUA,DESA FONDRAKORAYA
10210745,SMA SWASTA KARTIKA I-2 MEDAN,081361345237,viera.malmsteen@gmail.com,A,552,35,YAYASAN KARTIKA JAYA CABANG I BUKIT BARISAN,KOTA MEDAN,KEC. MEDAN HELVETIA,JL. BRIGJEN H.A MANAF LUBIS
10211315,SMAS MUHAMMADIYAH 12,088260115473,binjaismamuhammadiyah12@gmail.com,B,77,12,PIMPINAN WILAYAH MUHAMMADIYAH (PWM) PROV. SUMATERA UTARA,KOTA BINJAI,KEC. BINJAI KOTA,JL. KHA. DAHLAN NO. 4 BINJAI
10201997,SMA SWASTA GBKP KABANJAHE,062820924,smagbkpkabanjahe@gmail.com,A,379,32,YAYASAN PENDIDIKAN KRISTEN GEREJA BATAK KARO PROTESTAN,KAB. KARO,KEC. KABANJAHE,JL. MARIAM GINTING NO.3 KABANJAHE
70005101,SMA SWASTA IT DAARUL ISTIQLAL,,itdaarulistiqlalsmaswasta@gmail.com,A,189,14,YAYASAN PENDIDIKAN DAARUL ISTIQLAL,KAB. DELI SERDANG,KEC. PATUMBAK,JL. PANTAI RAMBUNG GG. CAKRA II PASAR III
10210705,SMA SWASTA DR WAHIDIN SUDIROHUSODO MEDAN,085270209965,sma.wahidin@gmail.com,A,673,52,YAYASAN PERGURUAN DR. WAHIDIN SUDIROHUSODO,KOTA MEDAN,KEC. MEDAN LABUHAN,"JL. KL. YOS SUDARSO KM. 16,5 P.RAMBAI"
10210903,SMA SWASTA METHODIST - 2 MEDAN,0614565281,info@meth2medan.sch.id,A,1664,62,YAYASAN PENDIDIKAN KRISTEN METHODIST THAMRIN,KOTA MEDAN,KEC. MEDAN KOTA,JL. MH. THAMRIN NO. 96
10203525,SMAS ADVENT SUMBUL,450153,perguruanadvents@yahoo.com,B,106,5,YAYASAN PENDIDIKAN GEREJA MASEHI ADVENT HARI KETUJUH SUMATERA UTARA,KAB. DAIRI,KEC. SUMBUL,JL. PELITA ATAS NO.  53 SUMBUL
70046900,SMA SWASTA NAKAMURA,06180089009,,,12,4,YAYASAN NAKAMURA,KOTA MEDAN,KEC. MEDAN BARAT,JL. T. AMIR HAMZAH NO. 10
10210850,SMA SWASTA YOS SUDARSO MEDAN,6624751,ypyos.sudarso@gmail.com,A,183,13,PENDIDIKAN BUDIMAN KUNIMAH,KOTA MEDAN,KEC. MEDAN BARAT,JL. K.L. YOS SUDARSO NO. 50
70047000,SMA SWASTA PLUS ULUL ILMI,06142073466,smaentrepreneurplusululilmi@gmail.com,A,13,14,YAYASAN RAPY RAY PUTRATAMA,KOTA MEDAN,KEC. MEDAN DENAI,JL. JERMAL 2
10210750,SMAS HUSNI THAMRIN,4149745,smahusnithamrin168@gmail.com,B,8,8,YAYASAN HUSNI THAMRIN MEDAN,KOTA MEDAN,KEC. MEDAN PERJUANGAN,JL. GALANG NO. 1 MEDAN PERJUANGAN
10212023,SMA SWASTA TRITUNGGAL,,smatritunggalkatolik@yahoo.co.id,A,145,14,YAYASAN PENDIDIKAN KATOLIK SANTO YOSEPH MEDAN,KOTA TANJUNG BALAI,KEC. TANJUNG BALAI SELATAN,JL. ABADI NO. 25
10210728,SMAS DARUSSALAM,0614574242,smasdarussalam@yahoo.com,A,285,21,YAYASAN PENDIDIKAN ISLAM MIFTAHUSSALAM,KOTA MEDAN,KEC. MEDAN PETISAH,JL.DARUSSALAM NO. 26 ABC
10204246,SMAS UMUM SENTOSA,081264148337,smaumsen@gmail.com,B,168,9,YAYASAN PERGURUAN UMUM SENTOSA 1986,KAB. ASAHAN,KEC. BANDAR PASIR MANDOGE,JL. BENJAMIN BP. MANDOGE
10264684,SMA SWASTA BATARI POLONIA,7867481,shscbd@batari.sch.id,A,83,14,YAYASAN PERGURUAN IRAFFLES,KOTA MEDAN,KEC. MEDAN SUNGGAL,JL. SEI SERAYU NO. 80
69733966,SMAS TUNAS HARAPAN,081362170874,smatunasharapan464@yahoo.co.id,B,80,9,,KAB. LABUHANBATU UTARA,KEC. KUALUH SELATAN,DESA SIMANGALAM
10211526,SMA SWASTA DIPANEGARA TEBING TINGGI,,smasdipanegara.tt@gmail.com,A,115,14,YAYASAN DIPANEGARA,KOTA TEBING TINGGI,KEC. BAJENIS,JL. KF. TANDEAN NO. 204 TEBING TINGGI
69824455,SMA SWASTA PERGURUAN KRISTEN METHODIST INDONESIA SIDIKALANG,085270750206,smamethodist.sdk@gmail.com,B,205,14,YAYASAN PENDIDIKAN GEREJA METHODIST INDONESIA WILAYAH-I,KAB. DAIRI,KEC. SIDIKALANG,JL.SENTOSA
10212445,SMA SWASTA DAR - ALFALAH,,sma.alfalah.tanjungbalai@gmail.com,A,75,12,PERGURUAN DAAR AL FALAH,KOTA TANJUNG BALAI,KEC. TANJUNG BALAI SELATAN,JL. JEND. SUDIRMAN
10208158,SMAS MUHAMMADIYAH 13 PANYABUNGAN,321940,dolicandra333@gmail.com,B,80,14,PIMPINAN WILAYAH MUHAMMADIYAH (PWM) PROV. SUMATERA UTARA,KAB. MANDAILING NATAL,KEC. PANYABUNGAN,JL. BHAYANGKARA RAYA
10214128,SMAS MUHAMMADIYAH 18 SUNGGAL,082164370642,smamuhammadiyahsunggal@yahoo.co.id,A,192,18,PIMPINAN WILAYAH MUHAMMADIYAH (PWM) PROV. SUMATERA UTARA,KAB. DELI SERDANG,KEC. SUNGGAL,JL. SEI MENCIRIM NO. 60
10210708,SMAS EKKLESIA,081374539192,ekklesiasma896@gmail.com,C,14,10,YAYASAN VERAMANGATUR TIUR DAUD SIREGAR,KOTA MEDAN,KEC. MEDAN DENAI,JL. MENTENG VII GG. SWASEMBADA NO.21
10214180,SMA SWASTA RAKYAT PANCUR BATU,0618362344,smaswastarakyatpancurbatu@gmail.com,B,79,11,YAYASAN PERGURUAN RAKYAT PANCURBATU,KAB. DELI SERDANG,KEC. PANCUR BATU,JL. LETJEN. JAMIN GINTING
10214186,SMAS TAMORA,0617941403,smaswastatamora@yahoo.co.id,B,15,5,YAYASAN PENDIDIKAN TAMORA,KAB. DELI SERDANG,KEC. TANJUNG MORAWA,JL. IRIAN GG. PENDIDIKAN NO.1
10205366,SMAS YPKK AJAMU,082365301949,smasw_ypkkajamu@yahoo.com,B,26,4,YAYASAN PENDIDIKAN KELUARGA KARYAWAN,KAB. LABUHANBATU,KEC. PANAI HULU,JL. TERUBUK PTP IV KEBUN AJAMU
10259746,SMAS ESA PRAKARSA,0618829306,smaesaprakarsa@gmail.com,A,361,23,YAYASAN PENDIDIKAN ESA PRAKARSA,KAB. LANGKAT,KEC. SELESAI,JL. BINJAI - KUALA PEKAN SELESAI
10200433,SMAS ISTIQLAL DELI TUA,7030263,smaistiqlaldelitua@gmail.com,A,398,29,YAYASAN PERGURUAN ISTIQLAL,KAB. DELI SERDANG,KEC. DELI TUA,JL. STASIUN NO. 1A
70050098,SMA ISLAM TERPADU AYATUL MUBAROK,,,C,21,2,YAYASAN PONDOK PESANTREN TAHFIDZUL QURAN AYATUL MUBAROK,KAB. DELI SERDANG,KEC. LABUHAN DELI,DUSUN V PASAR II
10210929,SMAS NASIONAL GULTOM,0616612690,smagultom1984@gmail.com,B,50,6,,KOTA MEDAN,KEC. MEDAN PERJUANGAN,JL. PELITA IV NO. 90
10210832,SMA SWASTA W. R. SUPRATMAN 2 MEDAN,0617880109,smawrsupratman2medan@gmail.com,A,485,27,YAYASAN PERGURUAN WAGE RUDOLF SUPRATMAN,KOTA MEDAN,KEC. MEDAN JOHOR,JL. BRIGJEN. ZEIN HAMID NO. 33
10257759,SMAS PLUS SHAFIYYATUL AMALIYYAH,8211347,smaplus.ypsa@yahoo.co.id,A,374,30,YAYASAN PENDIDIKAN SHAFIYYATUL AMALIYYAH,KOTA MEDAN,KEC. MEDAN SUNGGAL,JL. SETIA BUDI NO. 191
10211706,SMAS HKBP 1,062224575,smayphkbp@yahoo.com,B,303,26,YAYASAN PENDIDIKAN HURIA KRISTEN BATAK PROTESTAN PEMATANG SIANTAR,KOTA PEMATANGSIANTAR,KEC. SIANTAR SELATAN,JL. GEREJA NO. 26
10205371,SMAS AEKNABARA,0624002790005,smaswastaaeknabara@yahoo.co.id,A,93,15,YAYASAN SEMBILAN DESA,KAB. LABUHANBATU,KEC. BILAH HULU,JL. PERHUBUNGAN NO. 69 AEKNABARA
69984142,SMAS UNGGULAN UMMU RAHMAH,08126518439,sma.ummurahmah@yahoo.com,B,57,3,,KAB. DELI SERDANG,KEC. PATUMBAK,JL. PERTAHANAN NO. 1-B
70056427,SMA SWASTA IT MUBARAK NURUL HIKMAH,087884530758,smasitmubaraknurulhikmah@gmail.com,,13,5,YAYASAN MUBARAK NURUL HIKMAH,KAB. DELI SERDANG,KEC. TANJUNG MORAWA,"JL. KASMIR GG. SENTOSA DUSUN V DESA BANGUN REJO, KEC. TANJUNG MORAWA KAB. DELI S"
10257604,SMAS BINA TARUNA,6860513,smas.binataruna@yahoo.co.id,B,149,11,YAYASAN PENDIDIKAN BINATARUNA JAYA,KOTA MEDAN,KEC. MEDAN MARELAN,JL. MARELAN RAYA NO.100
10211691,SMAS BUDI MULIA,7436265,smabudimulia_psiantar@yahoo.com,A,1015,52,YAYASAN BUDI MULIA LOURDES,KOTA PEMATANGSIANTAR,KEC. SIANTAR MARIMBUN,JL.. MELANTHON SIREGAR
10211313,SMAS PALAPA,081361621316,smaswastapalapabinjai@yahoo.com,B,75,8,YAYASAN PERGURUAN PALAPA BINJAI,KOTA BINJAI,KEC. BINJAI UTARA,JALAN SEI MUSI NO. 19
70052060,SMA SWASTA ALAM ISTANA HATI,,,B,60,6,YAYASAN ISTANA HATI KITA,KOTA BINJAI,KEC. BINJAI UTARA,"JL. SISINGAMANGARAJA KEL. NANGKA, KEC. BINJAI UTARA, KOTA BINJAI"
10214106,SMA SWASTA BANDUNG,7380823,bandungsma@yahoo.co.id,B,256,14,YAYASAN PERGURUAN BANDUNG,KAB. DELI SERDANG,KEC. PERCUT SEI TUAN,JL. PENGABDIAN NO. 72
10210901,SMAS MAYJEND SUTOYO SM,8473611,sma_sutoyo@yahoo.com,A,77,5,YAYASAN PERGURUAN MAYJEND SUTOYO SM MEDAN,KOTA MEDAN,KEC. MEDAN SUNGGAL,JL. BANGAU NO. 2 MEDAN
10260115,SMAS NURUL IMAN TANJUNG MORAWA,7946660,sma.nuruliaman2006@gmail.com,A,492,42,YAYASAN PERGURUAN NURUL IMAN,KAB. DELI SERDANG,KEC. TANJUNG MORAWA,JL. PASAR XIII DESA LIMAU MANIS
10219926,SMA SWASTA SANTA LUSIA,,smastlusia@gmail.com,A,177,17,SANTA LUSIA VIRGINI,KAB. DELI SERDANG,KEC. PERCUT SEI TUAN,JL.MEDAN-BATANG KUIS KM.14 N0.123
69900420,SMA SWASTA NUPELA,085276416789,smaswastanupela@gmail.com,B,205,17,YAYASAN NURANI PELITA AGUNG,KAB. NIAS,KEC. GIDO,DESA LOLOZASAI
10202662,SMA SWASTA ABDI SEJATI PERDAGANGAN,081260948494,smaabdisejati123@gmail.com,A,278,18,YAYASAN PENDIDIKAN KATOLIK SANTO YOSEPH MEDAN,KAB. SIMALUNGUN,KEC. BANDAR,JL. JENDERAL SUDIRMAN NO.275 PERDAGANGAN
69991482,SMA SWASTA ISLAM TERPADU AL IZZAH,081288858005,smait.izzah.bb@gmail.com,B,255,20,YAYASAN SEKOLAH ISLAM TERPADU BINA UMMAT AL IZZAH,KAB. BATU BARA,KEC. AIR PUTIH,JL. KH. AHMAD DAHLAN PSR I
10210905,SMAS METHODIST 7 MEDAN,4150612,smamethodist7medan@gmail.com,A,75,16,YAYASAN DAUN PALEM INDONESIA,KOTA MEDAN,KEC. MEDAN TIMUR,JALAN MADONG LUBIS NO. 7 MEDAN
10257680,SMA IT AL HUSNAYAIN,06363221155,smasital_husnayain@yahoo.co.id,B,92,16,ALHUSNAYAIN,KAB. MANDAILING NATAL,KEC. PANYABUNGAN,JL. WILLEM ISKANDER / NUSANTARA II
10200447,SMA SWASTA PEMBANGUNAN GALANG,7980422,smaspembangunangalang@gmail.com,B,198,14,YAYASAN PERGURUAN PEMBANGUNAN GALANG,KAB. DELI SERDANG,KEC. GALANG,JL. PETANI LINGKUNGAN VII
10202652,SMA SWASTA CINTA RAKYAT DUYNHOVEN,081375257854,smaduynhoven01@gmail.com,A,592,34,YAYASAN PERGURUAN KATOLIK DON BOSCO KEUSKUPAN AGUNG MEDAN,KAB. SIMALUNGUN,KEC. SILIMAKUTA,JL. KABAN JAHE NO. 50 SARIBUDOLOK
10212556,SMAS NAHDLATUL ULAMA,063424070,smanu-padangsidimpuan@yahoo.com,C,13,3,YAYASAN PERGURUAN NAHDLATUL ULAMA PADANGSIDIMPUAN,KOTA PADANG SIDEMPUAN,KEC. PADANG SIDIMPUAN SELATAN,JL. SISINGAMANGARAJA NO. 18
10204227,SMAS DIPONEGORO KISARAN,062341070,smadipo2015@gmail.com,A,101,10,YAYASAN DIPONEGORO,KAB. ASAHAN,KEC. KISARAN BARAT,JL. DIPONEGORO NO. 125 KISARAN
69900874,SMA SWASTA BERSINAR,081370880185,smaswastabersinar@gmail.com,C,38,10,YAYASAN BERSINAR,KAB. DELI SERDANG,KEC. PERCUT SEI TUAN,JL. PERKUSI NO. 25 DUSUN III A
10259849,SMAS BUNGA BANGSA,0614143315,smabungabangsa872@yahoo.com,B,73,9,YAYASAN PENDIDIKAN BUNGA BANGSA MEDAN,KOTA MEDAN,KEC. MEDAN BARAT,JL. SEI DELI/SIKAMBING NO. 2K MEDAN
69877343,SMA FAJAR MAS BAWONAURU,,smafajarmasbawonauru@gmail.com,C,98,11,YAYASAN PERGURUAN FAJAR MAS BAWONAURU,KAB. NIAS SELATAN,KEC. SOMAMBAWA,DESA GOLAMBANUA II
10262274,SMAS GENERUS BANGSA,,smagenerusbangsa.hs@gmail.com,B,97,6,AL FATH MEDAN BARAT,KAB. DELI SERDANG,KEC. KUTAIIMBARU,JL.GLUGUR KOTA
10220916,SMAS NASIONAL,08126588495,nlingga04@gmail.com,B,43,7,NASIONAL NAMOTERASI,KAB. LANGKAT,KEC. SEI BINGAI,JL. LINGGA 4 NAMUTERASI
10203521,SMAS RISMANDUMA,081314513328,smarismaduma@yahoo.com,A,121,10,YP. RIS MADUMA,KAB. DAIRI,KEC. SUMBUL,"JL.BESAR NO.11, DESA/KEL. TANJUNG BERINGIN, KEC. SUMBUL, KAB.DAIRI"
10259155,SMAS WIDIYA DHARMA,085265421116,smas_widiyadharma@yahoo.com,A,197,20,YAYASAN WIDIYA DARMA,KAB. LABUHANBATU SELATAN,KEC. TORGAMBA,DIVISI A PT. ASAM JAWA
10210749,SMA SWASTA HKBP SIDORAME MEDAN,4158047,smaswastahkbpsidoramemedan@gmail.com,A,59,13,YAYASAN PENDIDIKAN HKBP SIDORAME,KOTA MEDAN,KEC. MEDAN PERJUANGAN,JL. DOROWATI NO. 40
70057527,SMA SWASTA YAPIM INDRAPURA,,,,9,2,YAYASAN PERGURUAN INDONESIA MEMBANGUN TARUNA,KAB. BATU BARA,KEC. AIR PUTIH,JL. LINTAS MEDAN - KISARAN KM. 108
10201322,SMAS PERSIAPAN,0618911118,smapersiapanstabat@gmail.com,A,496,30,YAYASAN PENDIDIKAN PERSIAPAN STABAT,KAB. LANGKAT,KEC. STABAT,JL. HIB TEMBELENG
69968865,SMA SWASTA MENTARI BANGSA,0614577289,smasmentaribangsa@gmail.com,A,122,8,YAYASAN PENDIDIKAN MENTARI BANGSA,KOTA MEDAN,KEC. MEDAN PERJUANGAN,JL.SULANG SALING NO.7
10201318,SMAS WATHANIYAH,081361042600,smaswastawathaniyah@gmail.com,B,97,10,YAYASAN PERGURUAN WATHANIYAH TANJUNG LENGGANG,KAB. LANGKAT,KEC. BOHOROK,JL. DEWI RIMBA T. LENGGANG
60728989,SMAS METHODIST 12,0617879781,smamethodist12medan@gmail.com,A,127,18,YAYASAN DAUN PALEM INDONESIA,KOTA MEDAN,KEC. MEDAN AMPLAS,JL PANCA NO 28
10257747,SMAS TAMAN SISWA,081376965100,sma.tamansiswa.nagaraja@gmail.com,B,124,13,PERSATUAN PERGURUAN TAMANSISWA CABANG NAGARAJA,KAB. SERDANG BEDAGAI,KEC. SIPISPIS,JL. NAGARAJA
10210829,SMAS WR SUPRATMAN 1,7347470,wr_supratman1@yahoo.com,A,201,19,YAYASAN PERGURUAN WAGE RUDOLF SUPRATMAN,KOTA MEDAN,KEC. MEDAN KOTA,JL. ASIA NO. 143 MEDAN
10211314,SMAS PABA BINJAI,8822657,sma@paba-binjai.sch.id,A,387,26,PANCA ABDI BANGSA (PABA),KOTA BINJAI,KEC. BINJAI SELATAN,JL. PADANG SIDEMPUAN NO. 8 BINJAI
10210806,SMA SWASTA AL-FATTAH MEDAN,,smaswastaalfattah@gmail.com,A,51,9,YAYASAN PERGURUAN AL-FATTAH MEDAN,KOTA MEDAN,KEC. MEDAN TIMUR,JL. CEMARA NO. 172
10212200,SMAS NURUL ILMI,063425614,smasnurulilmi@gmail.com,A,712,62,LEMBAGA BM MUDA,KOTA PADANG SIDEMPUAN,KEC. PADANG SIDIMPUAN SELATAN,JL. BM. MUDA NO. 05 SILANDIT
10220885,SMA SWASTA BINA BERSAUDARA,081397902623,binabersaudara@gmail.com,A,177,11,,KAB. LANGKAT,KEC. SELESAI,JL. LETJEND JAMIN GINTING KUTA PARIT
10259074,SMAS BANI ADAM AS,6850665,baniadamsma@gmail.com,B,244,14,BADAN PENGURUS PENGELOLA PENDIDIKAN DAN PANTI ASUHAN,KOTA MEDAN,KEC. MEDAN DELI,JL.MANGAN III PSR 2 NO. 216
69984574,SMA SWASTA DELISHA,082172919543,smadelisha@gmail.com,B,119,13,YAYASAN PENDIDIKAN DELISHA,KAB. DELI SERDANG,KEC. HAMPARAN PERAK,JL. KARYA BAKTI
10210721,SMAS BUDISATRYA,7366899,budisatryas@yahoo.co.id,A,385,24,PERGURUAN BUDISATRYA,KOTA MEDAN,KEC. MEDAN TEMBUNG,JL. LETDA SUJONO NO. 166
70047264,SMA SWASTA SANGKARA,,,A,14,6,YAYASAN PENDIDIKAN NASIONAL SANGKARA,KOTA MEDAN,KEC. MEDAN SUNGGAL,JL. ABADI NO. 20A
10211306,SMAS YPIS MAJU,0618820737,smaswastaypismaju@gmail.com,A,146,17,YAYASAN PERGURUAN IBU SUGIARTI MAJU,KOTA BINJAI,KEC. BINJAI UTARA,JL. T. A.HAMZAH N0 638 BINJAI
69862685,SMAS KARYA BARU,,smaskaryabaru80@gmail.com,C,45,13,YAYASAN KARYA BARU SEI TAWAR,KAB. LABUHANBATU,KEC. PANAI HILIR,DUSUN 1 DESA SEI TAWAR KECAMATAN PANAI HILIR
10261565,SMA SWASTA AL -  ABDI BAH LIAS,081397463462,sma_alabdi@yahoo.co.id,B,65,13,PERGURUAN AL - ABDI BAH LIAS,KAB. SIMALUNGUN,KEC. BANDAR,JL. KUALA TANJUNG POND. TENGAH BAH LIAS
69984148,SMA PLUS SEDAYU NUSANTARA,085325252515,info@sedayunusantara.sch.id,A,706,45,YAYASAN IMIENS NUSANTARA,KOTA MEDAN,KEC. MEDAN MARELAN,JL. MARELAN IV PASAR 3 LINGKUNGAN 26
10259931,SMA SWASTA TAMAN SISWA BAH JAMBI,085270867826,tamansiswa_bahjambi@yahoo.com,B,175,19,PERSATUAN PERGURUAN TAMANSISWA CABANG BAH JAMBI,KAB. SIMALUNGUN,KEC. JAWA MARAJA BAH JAMBI,"JL. CEMPAKA, PDK. SEJAHTERA"
10214127,SMA SWASTA METHODIST INDONESIA LUBUK PAKAM,7952412,pkmi_lpakam@yahoo.com,A,460,24,PERGURUAN KRISTEN METHODIST INDONESIA LUBUK PAKAM,KAB. DELI SERDANG,KEC. LUBUK PAKAM,JL.TEUKU CIK DITIRO NO.34 LUBUK PAKAM
10210883,SMAS NASRANI 1 MEDAN,4536239,smaswanasrani1@gmail.com.com,B,59,10,PERKUMPULAN PERGURUAN NASRANI MEDAN,KOTA MEDAN,KEC. MEDAN BARU,JL. KAPT. PATTIMURA NO. 14 MEDAN
69733774,SMA NURUL HASANAH MEDAN,0618218671,smasnurulhasanahmedan@gmail.com,B,17,8,YAYASAN NURUL HASANAH,KOTA MEDAN,KEC. MEDAN BARU,JL. LETJEND JAMIN GINTING NO. 314 MEDAN
10211564,SMA SWASTA TOGAMA,,togama_sma@yahoo.co.id,B,19,5,YAYASAN TOGAMA,KOTA TEBING TINGGI,KEC. TEBING TINGGI KOTA,JL. DI PANJAITAN NO. 44
70041102,SMA SWASTA ISLAM TERPADU BAITUL QUR’AN,,,B,29,12,YAYASAN PENDIDIKAN ISLAM BAITUL QURAN DELI SERDANG,KAB. DELI SERDANG,KEC. STM HILIR,JL. BANDAR LABUHAN KOMPLEK GRANIT INDAH RESIDENCE
10259371,SMAS METHODIST 3 MEDAN,0614155236,sma_methodist3@yahoo.com,A,530,28,YAYASAN PENDIDIKAN METHODIST PERINTIS KEMERDEKAAN,KOTA MEDAN,KEC. MEDAN TIMUR,JL.PERINTIS KEMERDEKAAN NO. 37
10204225,SMAS KESATUAN MERANTI,,smakesatuanmeranti@gmail.com,B,162,15,YAYASAN KESATUAN MERANTI,KAB. ASAHAN,KEC. MERANTI,JL. JENDERAL SUDIRMAN NO. 47 MERANTI
10202769,SMA SWASTA TUNAS HARAPAN,081272126888,tunasharapan666@gmail.com,A,160,18,YAYASAN TUNAS HARAPAN SAYUR MATINGGI,KAB. SIMALUNGUN,KEC. UJUNG PADANG,JL. SAYURMA TINGGI
10258261,SMA SWASTA FAJAR MAS,085371481181,smasfajarmaslahusa@gmail.com,B,81,20,YAYASAN PERGURUAN FAJAR MAS LAHUSA,KAB. NIAS SELATAN,KEC. LAHUSA,JL.LAHUSA-GOMO KM.4
10202768,SMA SWASTA YPI DHARMA BUDI,081264724421,smaypidharmabudi@rocketmail.com,A,361,19,SMA S YPI DHARMA BUDI,KAB. SIMALUNGUN,KEC. SIDAMANIK,JL.MANIK MARAJA SARI MATONDANG
70047497,SMA SWASTA BINA KASIH NUSANTARA,081362626500,binakasihnusantara@gmail.com,,301,32,PERGURUAN WIRAHUSADA MEDAN,KOTA MEDAN,KEC. MEDAN TUNTUNGAN,JL. BUNGA NCOLE NO. 100
69759178,SMA SWASTA DIRGANTARA BESITANG,08126444408,dirgantaracentre@yahoo.com,B,58,16,YAYASAN PESANTREN DIRGANTARA CENTRE,KAB. LANGKAT,KEC. BESITANG,DUSUN HARUM SARI
10211309,SMA SWASTA TAMAN SISWA,0618821958,tamsis.binjai.id@gmail.com,A,233,19,PERSATUAN PERGURUAN TAMANSISWA CABANG BINJAI,KOTA BINJAI,KEC. BINJAI KOTA,JL. JEND. SUDIRMAN NO. 11 BINJAI
10220895,SMAS DHARMA BAKTI SELESAI,085261825387,sma.dharma.bakti.selesai@gmail.com,B,116,19,YASPEND DHARMA BAKTI SELESAI,KAB. LANGKAT,KEC. SELESAI,JALAN MESJID RAYA NO. 46
10220224,SMAS SUMATERA TJ MORAWA,085276255144,smasumatera2006@yahoo.co.id,B,119,8,,KAB. DELI SERDANG,KEC. TANJUNG MORAWA,JL. SULTAN SERDANG PASAR VIII
69733775,SMAS INDONESIA MEMBANGUN TARUNA MARELAN,0616859247,yapim.marelan@gmail.com,B,165,10,YAYASAN PERGURUAN INDONESIA MEMBANGUN TARUNA,KOTA MEDAN,KEC. MEDAN MARELAN,JL. MARELAN I PASAR IV BARAT
10210733,SMA SWASTA KATOLIK BUDI MURNI 2,8367421,smakatolikbudimurni2medan@yahoo.co.id,A,639,41,YAYASAN PERGURUAN KATOLIK DON BOSCO KEUSKUPAN AGUNG MEDAN,KOTA MEDAN,KEC. MEDAN TUNTUNGAN,JL. KAPITEN PURBA I  MEDAN
10220288,SMAS HKBP 2 TARUTUNG,,sma_hkbp2trt@yahoo.com,A,381,19,YAYASAN PENDIDIKAN HKBP TAPANULI UTARA,KAB. TAPANULI UTARA,KEC. TARUTUNG,JL. RA KARTINI NO. 7
10210891,SMAS NURUL ISLAM INDONESIA,7360440,sma_nurul_islam_indonesia@yahoo.co.id,B,94,16,NURULISLAMINDONESIABARU,KOTA MEDAN,KEC. MEDAN AREA,MEGAWATI NO.20 B MEDAN
10219149,SMAS PEMNAS PANTAI LABU,,smapemnas_pantailabu@yahoo.com,C,70,11,PEMBANGUNAN NASIONAL,KAB. DELI SERDANG,KEC. PANTAI LABU,DUSUN II BINJAI BAKUNG
10204241,SMAS METHODIST 2 KISARAN,,smasmethodistkisaran@gmail.com,A,313,22,YAYASAN PENDIDIKAN KRISTEN METHODIST MORIA KISARAN,KAB. ASAHAN,KEC. KISARAN BARAT,JL. TEUKU UMAR KISARAN
70051566,SMA SWASTA DOS ROHA,,,,8,7,YAYASAN VICTORY DOS ROHA,KAB. HUMBANG HASUNDUTAN,KEC. DOLOKSANGGUL,"JL. DR. FERDINAND LUMBAN TOBING DESA PASARIBU, KEC. DOLOK SANGGUL KAB. HUMBANG H"
10214181,SMA SWASTA RK DELI MURNI,0617030117,smarkdelimurni@gmail.com,A,585,29,YAYASAN PERGURUAN KATOLIK DON BOSCO KEUSKUPAN AGUNG MEDAN,KAB. DELI SERDANG,KEC. DELI TUA,JL. NOGIO VI NO. 117
10259101,SMA SWASTA PEMBDA 2 GUNUNGSITOLI,081361535834,smaspemda2gusit@gmail.com,B,1,3,PERGURUAN PEMBDA NIAS,KOTA GUNUNGSITOLI,KEC. GUNUNGSITOLI,JL.PELITA NO.9 GUNUNGSITOLI
10211316,SMA SWASTA METHODIST BINJAI,8821418,pkmi_binjai@yahoo.co.id,A,599,36,YAYASAN METHODIST INDONESIA BINJAI,KOTA BINJAI,KEC. BINJAI KOTA,JL. JEND. SUDIRMAN NO. 136
10210827,SMAS TUNAS GAJAH MADA,0617350567,smatunasgajahmada@gmail.com,B,82,9,YAYASAN GAJAH MADA,KOTA MEDAN,KEC. MEDAN KOTA,JL. TILAK NO. 95/97 MEDAN
69989188,SMA ISLAM INSAN CENDEKIA BADIRI,081260699232,yayasaninsancedekiatt@gmail.com,C,1,14,,KAB. TAPANULI TENGAH,KEC. BADIRI,JL. MESJID
10204249,SMAS TAMAN SISWA SUKADAMAI,085297136130,smatamansiswa_sukadamai@yahoo.com,B,216,12,PERSATUAN PERGURUAN TAMANSISWA CABANG SUKADAMAI,KAB. ASAHAN,KEC. PULO BANDRING,JL. PROTOKOL PERHUTAAN SILAU
10260019,SMAS DARUL ILMI MURNI,0617033061,smaplus_darulilmimurni@ymail.com,A,28,8,YAYASAN PENDIDIKAN ISLAM HAJI MASRI DARUL ILMI MURNI,KAB. DELI SERDANG,KEC. NAMO RAMBE,JL.BESAR NAMORAMBE/JL. PERJUANGAN - NAMORAMBE
10262331,SMA SWASTA AL - AZHAR,,sma.alazhar0035@gmail.com,B,77,11,YAYASAN PONDOK PESANTREN AL AZHAR,KAB. BATU BARA,KEC. SEI BALAI,JL. MAWAR NO. 33 SUKARAMAI
10212097,SMAS HKBP SIBOLGA,06313270420,hkbp.smasib@yahoo.com,A,166,10,YAYASAN PENDIDIKAN HKBP SIBOLGA,KOTA SIBOLGA,KEC. SIBOLGA KOTA,JL. SISWOMIHARJO NO. 6 SIBOLGA
10214187,SMAS TRI SAKTI LUBUK PAKAM,7952115,smaswastatrisaktilubukpakam@gmail.com,B,70,11,PERGURUAN TRI SAKTI,KAB. DELI SERDANG,KEC. LUBUK PAKAM,JL. P. SIANTAR NO. 80A
70042065,SMA SWASTA RUMAH HARAPAN TOBASA,085262874474,smarumahharapantobasa@gmail.com,A,179,12,YAYASAN RUMAH HARAPAN TOBASA,KAB. TOBA,KEC. PORSEA,PONDOK GADU
10210755,SMAS ISLAM AZIZI,,sma_azizi@yahoo.co.id,B,66,11,PERGURUAN ISLAM AZIZI,KOTA MEDAN,KEC. MEDAN PERJUANGAN,JL. KESATRIA NO. 70 MEDAN
10214148,SMA SWASTA PERKUMPULAN AMAL BAKTI (PAB) 8 SAENTIS,0616990779,smapabsaentis@gmail.com,A,516,32,PERKUMPULAN AMAL BAKTI  SUMATERA UTARA,KAB. DELI SERDANG,KEC. PERCUT SEI TUAN,JL. KALI SERAYU PTP II SAENTIS
10219163,SMA SWASTA RK SERDANG MURNI,7951427,smarkserdangmurnilubukpakam@yahoo.co.id,A,378,28,YAYASAN PERGURUAN KATOLIK DON BOSCO KEUSKUPAN AGUNG MEDAN,KAB. DELI SERDANG,KEC. LUBUK PAKAM,JL. P. SIANTAR NO. 146  LUBUK PAKAM
10264655,SMA SWASTA YAPIM TARUNA SEI ROTAN,7383600,seirotan@ymail.com,A,201,15,YAYASAN PERGURUAN INDONESIA MEMBANGUN (YAPIM) TARUNA,KAB. DELI SERDANG,KEC. PERCUT SEI TUAN,JL. MEDAN BATANG KUIS DUSUN VIII
10220214,SMAS HARAPAN BANGSA TJ MORAWA,7943371,smaharapanbangsatjmorawa@gmail.com,A,75,9,YAYASAN SELAMAT AMANAH PERGURUAN HARAPAN BANGSA,KAB. DELI SERDANG,KEC. TANJUNG MORAWA,JL. DARMOSARI DESA TANJUNG BARU
10202682,SMA SWASTA HKBP HUTABAYURAJA,085276945293,smashkbp_hutabayuraja@yahoo.co.id,A,323,20,YAYASAN PERGURUAN,KAB. SIMALUNGUN,KEC. HUTABAYU RAJA,JL. SM. RAJA NO. 158
10259076,SMAS PERMATA,082360925073,smasspermata@yahoo.co.id,C,50,15,YAYASAN PERMATA,KAB. NIAS BARAT,KEC. MANDREHE UTARA,DESA LOLOMBOLI
10260949,SMA SWASTA YAPIM TARUNA MEREK,,yapimmerek@yahoo.com,A,139,6,YAYASAN PERGURUAN INDONESIA MEMBANGUN TARUNA,KAB. KARO,KEC. MEREK,JL.LINTAS MEREK SARIBUDOLOK
10214167,SMAS SINGOSARI DELI TUA,0617032552,sma.swasta.singosari@gmail.com,A,170,18,YAYASAN PENDIDIKAN SINGOSARI,KAB. DELI SERDANG,KEC. DELI TUA,JL. BESAR MEDAN DELI TUA KM.11
10208955,SMAS KARYA JAYA PANGURURAN,062620082,karyajaya.smk@gmail.com,B,48,8,PERGURUAN SWASTA SMA KARYA JAYA PANGURURAN,KAB. SAMOSIR,KEC. PANGURURAN,JL. TANAH LAPANG
69972083,SMA SWASTA METHODIST CHARLES WESLEY,06142771542,sma@methodistcw.sch.id,A,148,7,YAYASAN KRISTEN CHARLES WESLEY MEDAN,KOTA MEDAN,KEC. MEDAN POLONIA,JL. PADANG GOLF (DALAM) KOMP. CBD POLONIA BLOK CC NO. 108
10204242,SMA SWASTA MITRA INALUM,062231140,smamitrainalum@yahoo.com,A,476,33,YAYASAN MITRA INALUM,KAB. BATU BARA,KEC. SEI SUKA,JL.BERINGIN NO. 1 TG. GADING
10210918,SMA SWASTA WIYATA DHARMA MEDAN,4152405,wiyata.sma@gmail.com,A,240,27,YAYASAN WIYATA DHARMA MAKMUR,KOTA MEDAN,KEC. MEDAN KOTA,JL. WAHIDIN NO. 31 MEDAN
10210924,SMA SWASTA RAKSANA,0614524356,sma_raksana@yahoo.com,A,269,24,YAYASAN PENDIDIKAN RAKSANA,KOTA MEDAN,KEC. MEDAN PETISAH,JL. GAJAH MADA NO. 20
10211303,SMAS LANGKAT,082238906688,dapodiksmaslangkat@gmail.com,A,24,7,SMA SWASTA LANGKAT BINJAI,KOTA BINJAI,KEC. BINJAI UTARA,JL. SISINGAMANGARAJA NO. 21 BINJAI
10210836,SMA SWASTA SUTOMO 2 MEDAN,0616615133,smasutomo2@sutomo-mdn.sch.id,A,750,35,YAYASAN PERGURUAN SUTOMO MEDAN,KOTA MEDAN,KEC. MEDAN BARAT,JL. DELI INDAH IV NO. 6
10210871,SMA SWASTA HARAPAN MEKAR MEDAN,082366522558,smahrpnmkr16208@gmail.com,B,129,13,YAYASAN PENDIDIKAN HARAPAN MEKAR,KOTA MEDAN,KEC. MEDAN MARELAN,JL. MARELAN RAYA NO. 77
69977029,SMA SWASTA KI HAJAR DEWANTORO,,smaskhdseiberombang@gmail.com,C,175,9,YAYASAN PERGURUAN NASIONAL KI HAJAR DEWANTORO,KAB. LABUHANBATU,KEC. PANAI HILIR,JL. JEND. AHMAD YANI NO. 69
10204230,SMA SWASTA DAERAH AIR PUTIH,,smadaerahairputih@yahoo.co.id,B,74,10,YAYASAN PENDIDIKAN DAERAH AIR PUTIH,KAB. BATU BARA,KEC. AIR PUTIH,JL.SYARIFUDDIN
10210746,SMA SWASTA KARTIKA I -1 MEDAN,0614576992,smakartika1mail@gmail.com,A,49,13,YAYASAN KARTIKA JAYA CABANG I BUKIT BARISAN,KOTA MEDAN,KEC. MEDAN PETISAH,JL. S. PARMAN NO. 240 MEDAN
10257550,SMA SWASTA ASUHAN DAYA MEDAN,6626084,smaasuhandaya@yahoo.co.id,B,119,8,YAYASAN PERGURUAN ASUHAN,KOTA MEDAN,KEC. MEDAN DELI,JL. PEMATANG PASIR GG. WAKAF
10214162,SMA SWASTA BINA BANGSA TIGA JUHAR,085275998499,smaswastabinabangsa05@gmail.com,B,268,26,YAYASAN PERGURUAN BINA BANGSA TIGA JUHAR,KAB. DELI SERDANG,KEC. SINEMBAH TNJNG MUDA HULU,JL. PASAR BARU NO. 36
10257549,SMA SWASTA RAHMAT ISLAMIYAH MEDAN,8468378,smarahmatislamiyah@gmail.com,B,130,6,YAYASAN PERGURUAN RAHMAT ISLAMIYAH,KOTA MEDAN,KEC. MEDAN HELVETIA,JL.GAPERTA/BAKTI NO.25
10210881,SMA SWASTA MULIA PRATAMA,0618362402,yayasanmuliapratama@yahoo.com,A,172,16,YAYASAN PENDIDIKAN NASIONAL MULIA PRATAMA,KOTA MEDAN,KEC. MEDAN TUNTUNGAN,JL. JAHE RAYA NO. 1 PERUMNAS SIMALINGKAR
10220913,SMAS DEWANTARA,085265564039,dewantarastungkit@gmail.com,B,80,11,YAYASAN PERGURUAN DEWANTARA,KAB. LANGKAT,KEC. WAMPU,JL. STUNGKIT
70057023,SMA SWASTA ISLAM AL-ILHAMIYAH,,,,9,3,YAYASAN PENDIDIKAN ISLAM ILHAMIYAH,KAB. LABUHANBATU,KEC. BILAH HILIR,JLN. PT HSJ DUSUN SIDODADI DESA SIDOMULYO
10210723,SMAS BUDI UTOMO,4528473,,A,56,13,YAYASAN PENDIDIKAN BUDI UTOMO,KOTA MEDAN,KEC. MEDAN AREA,JL. JURUNG NO. 33
10214149,SMAS PAB 9 PATUMBAK,085370768991,smapab9patumbak@gmail.com,B,212,17,PERKUMPULAN AMAL BAKTI  SUMATERA UTARA,KAB. DELI SERDANG,KEC. PATUMBAK,JL. PERTAHANAN UJUNG PATUMBAK
10203520,SMAS PERGURUAN NASIONAL,06272520533,smaperguruannasionalsidikalang@yahoo.com,C,69,10,YAYASAN BADAN PENDIDIKAN KRISTEN,KAB. DAIRI,KEC. SIDIKALANG,JL. FL. TOBING NO. 42 SIDIKALANG
10260918,SMA SWASTA YPK KEDAISIANAM,,smaypkkedaisianam@yahoo.com,B,177,24,YAYASAN PENDIDIKAN KELUARGA CITRA,KAB. BATU BARA,KEC. TANJUNG TIRAM,JL. H. MHD. ZEN JAWI
70060823,SMA SWASTA TUNAS KARYA UNGGUL BERASRAMA,,,,,25,YAYASAN TUNAS KARYA UNGGUL BERASRAMA,KAB. LABUHANBATU,KEC. RANTAU SELATAN,JL. TENGKU AMIR HAMZAH NO. 100
69956350,SMA SWASTA TARUNA BANGSA,,smastarunabangsasws@gmail.com,C,63,8,YAYASAN TARUNA BANGSA,KAB. LANGKAT,KEC. SAWIT SEBERANG,JLN.MEKAR SAWIT PONDOK XIII
10214107,SMA SWASTA BAYU PERTIWI,8823891,sma.bayupertiwi@gmail.com,B,28,5,YAYASAN PENDIDIKAN BAYU PERTIWI,KAB. DELI SERDANG,KEC. SUNGGAL,JL. INPRES KM 16
69900824,SMA SWASTA PONTREN AL-IHSAN,085207672490,sma.pontren.alihsan@gmail.com,B,94,23,YAYASAN LABURA MADANI,KAB. LABUHANBATU UTARA,KEC. KUALUH SELATAN,JALAN BALAI DESA UJUNG NO. 22
10264637,SMA SWASTA HAS SEPAKAT,0624551045,ssmaswastahassepakat@yahoo.com,B,414,26,YAYASAN PENDIDIKAN HAJI AHMAD SANUSI NEGERI LAMA,KAB. LABUHANBATU,KEC. BILAH HILIR,JL.BESAR NEGERI LAMA NO.95
10258034,SMAS SWAKARYA,,smaswakaryabinjai@gmail.com,A,3,3,,KOTA BINJAI,KEC. BINJAI KOTA,JL. SAMAN HUDI NO 17 BINJAI
10211697,SMA SWASTA RK BINTANG TIMUR,7354409,bintangtimur.sma@gmail.com,A,1055,64,YAYASAN PERGURUAN KATOLIK SANTO LAURENSIUS,KOTA PEMATANGSIANTAR,KEC. SIANTAR SELATAN,JL. MARIMBUN NO. 5
10204252,SMA SWASTA SEPAKAT SEI BALAI,,sma_sepakat@yahoo.co.id,B,38,3,YAYASAN PERGURUAN PENDIDIKAN SEPAKAT SEI BALAI,KAB. BATU BARA,KEC. SEI BALAI,JL. BESAR NO. 26 SEI BALAI
10209425,SMA SWASTA SETIA BUDI ABADI PERBAUNGAN,0617990279,sma.sba28@gmail.com,A,295,24,YAYASAN PERGURUAN SETIA BUDI ABADI PERBAUNGAN,KAB. SERDANG BEDAGAI,KEC. PERBAUNGAN,JL. SERDANG NO. 157 PERBAUNGAN
10210818,SMA SWASTA AL-ULUM MEDAN,7355535,alulumsma@yahoo.co.id,A,550,45,YAYASAN PEMBANGUNAN DAN PENDIDIKAN JIHADUL ILMI,KOTA MEDAN,KEC. MEDAN AREA,JL. CEMARA NO.10
10260179,SMAS JABAL THARIQ,,jabal_thariq@ymail.com,A,154,18,YAYASAN PERGURUAN JABAL THARIQ,KAB. PADANG LAWAS UTARA,KEC. HALONGONAN TIMUR,"DESA BATANG PANE II KEC, HALONGONAN TIMUR"
10209423,SMA SWASTA YAPIM SEI BAMBAN,,yapimsb@gmail.com,A,67,5,YAYASAN PERGURUAN INDONESIA MEMBANGUN TARUNA,KAB. SERDANG BEDAGAI,KEC. SEI BAMBAN,JL. B ESAR DESA PON
10208457,SMA SWASTA BINTANG TIMUR 1 BALIGE,063221087,bastian.panjaitan@gmail.com,A,895,49,YAYASAN DON BOSCO  MANADO,KAB. TOBA,KEC. BALIGE,JL. PASTOR SYBRANDUS VAN ROSSUM
10210842,SMA SWASTA SUCI MURNI MEDAN,6854023,smas.sucimurni@gmail.com,A,51,4,YAYASAN SUTJI MURNI,KOTA MEDAN,KEC. MEDAN DELI,JL. PERAK NO. 34 KOTA BANGUN
10260236,SMAS MUHAMMADIAH 20,085371147610,dianasaputrii123@gmail.com,B,116,7,PIMPINAN WILAYAH MUHAMMADIYAH (PWM) PROV. SUMATERA UTARA,KAB. LANGKAT,KEC. SECANGGANG,JL. KH. A. DAHLAN KARANG GADING
10212416,SMAS KELUARGA,,smayayasanperguruankeluarga@yahoo.co.id,A,649,40,YAYASAN PERGURUAN KELUARGA,KOTA PEMATANGSIANTAR,KEC. SIANTAR BARAT,JL. SERAM ATAS NO.15
70049255,SMA SWASTA AL MUSLIMIN PANDAN,,,,134,17,YAYASAN AL-MUSLIMIN PANDAN (YAMP),KAB. TAPANULI TENGAH,KEC. PANDAN,JL. RIDWAN HUTAGALUNG
10261242,SMA SWASTA ISLAM TERPADU DAAR AL ULUUM KISARAN,,smaitkis@gmail.com,B,55,12,YAYASAN PESANTREN MODERN DAAR AL ULUUM ASAHAN,KAB. ASAHAN,KEC. KISARAN BARAT,JLN. MAHONI (SIBOGAT) KISARAN
69877346,SMA SWASTA BINA KASIH,081375633030,smasbinakasih@gmail.com,C,88,17,YAYASAN BINA KASIH ORUDUA,KAB. NIAS SELATAN,KEC. ARAMO,JL. SIHONOATAUO ARAMO
70011789,SMA SAINS TAHFIDZ QURAN AL-AMMAR,,contact@smaalammar.sch.id,A,72,11,YAYASAN BUNAYYA ABDULLAH,KAB. DELI SERDANG,KEC. TANJUNG MORAWA,JALAN LIMAU MANIS
10210820,SMA SWASTA BRIGJEN KATAMSO MEDAN,80031879,smabk1medan@gmail.com,A,874,34,YAYASAN PERGURUAN NASIONAL BRIGJEND KATAMSO,KOTA MEDAN,KEC. MEDAN SUNGGAL,JL. SUNGGAL NO. 370
70063594,SMA SWASTA IT NUR AL ANSHAR,,,,,0,,KAB. LABUHANBATU UTARA,KEC. NA. IX-X,"JL. GARUDA NO. 56 LK, II SIRANDORUNG"
10209426,SMAS SEBELAS MARET,082293502850,sebelasmaret.dm03@gmail.com,B,214,9,SMA SWASTA SEBELAS MARET,KAB. SERDANG BEDAGAI,KEC. DOLOK MASIHUL,JL. RAYA BESAR DOLOK MASIHUL
10210759,SMA SWASTA LAKSAMANA MARTADINATA,91085360,martadinata_medan@yahoo.com,A,1122,32,YAYASAN PERGURUAN LAKSAMANA MARTADINATA,KOTA MEDAN,KEC. MEDAN BARAT,JL.PERTEMPURAN NO.125
10204238,SMA SWASTA ADVENT TANJUNG KASAU,081221657788,sekolahadventtks@gmail.com,B,43,6,YAYASAN PENDIDIKAN GEREJA MASEHI ADVENT HARI KETUJUH SUMATERA UTARA,KAB. BATU BARA,KEC. LAUT TADOR,TANJUNG KASAU
10205415,SMAS INDONESIA MEMBANGUN,06247001257,smayapimpinangawan@yahoo.co.id,A,59,11,YAYASAN PERGURUAN INDONESIA MEMBANGUN TARUNA,KAB. LABUHANBATU SELATAN,KEC. TORGAMBA,JL. LINSUM KM 18 PINANG AWAN
70057824,SMA SWASTA DARUL FURQAN,082276925702,darulfurqansmaswasta@gmail.com,,26,2,YAYASAN PENDIDIKAN DARUL FURQAN,KAB. LABUHANBATU SELATAN,KEC. SUNGAI KANAN,DUSUN AIR LUMPATAN
69953550,SMA SWASTA TAMAN SISWA PADANG TUALANG,,sma.tamsis.patul@gmail.com,B,132,11,PERSATUAN PERGURUAN TAMANSISWA CABANG PADANG TUALANG,KAB. LANGKAT,KEC. PADANG TUALANG,JL. BATANG SERANGAN
10258039,SMA SWASTA CERDAS MURNI,7384309,smacerdasmurni9@gmail.com,A,341,27,YAYASAN ADLIN MURNI,KAB. DELI SERDANG,KEC. PERCUT SEI TUAN,JL. BERINGIN NO.33
10211681,SMAS YP MAHK,,advent.perguruan@yahoo.co.id,B,26,7,YAYASAN PENDIDIKAN GEREJA MASEHI ADVENT HARI KETUJUH SUMATERA UTARA,KOTA PEMATANGSIANTAR,KEC. SIANTAR SELATAN,JL. NIAS UJUNG NO. 67
10261532,SMA UNGGULAN CT FOUNDATION,0616851729,info@smactf.sch.id,A,284,27,YAYASAN CHAIRUL TANJUNG,KAB. DELI SERDANG,KEC. LABUHAN DELI,KOMPLEKS RUMAH ANAK MADANI JL. VETERAN PSR VII
10214172,SMAS MASEHI SEBIRU BIRU,082363121451,goodspeed721985@gmail.com,B,288,18,YAYASAN PENDIDIKAN KRISTEN GBKP CABANG PERIARIA,KAB. DELI SERDANG,KEC. SIBIRU-BIRU,"JL. DELI TUA - PENEN KM 36,5 DESA PERIARIA"
10210934,SMA SWASTA PGRI 12 MEDAN,085262399722,smaspgri12medan@gmail.com,B,162,15,PERWAKILAN YPLP PGRI PROVINSI SUMATERA UTARA,KOTA MEDAN,KEC. MEDAN MARELAN,JALAN KAPTEN RAHMAD BUDDIN LK. IX GANG JAMBU
69754111,SMAS ST. IGNASIUS MEDAN,0617852009,sma.ignasius@yahoo.com,A,226,23,YAYASAN SERI AMAL MEDAN,KOTA MEDAN,KEC. MEDAN JOHOR,JL. KARYA WISATA NO. 6 MEDAN
10210702,SMAS BODHICITTA MEDAN,0617367120,sma@bodhicitta.sch.id,A,488,23,YAYASAN PENDIDIKAN BUDDHIS BODHICITTA,KOTA MEDAN,KEC. MEDAN DENAI,JL. SELAM NO. 39 - 41 MEDAN
10259989,SMA SWASTA TAMAN SISWA SAWIT SEBERANG,,smas.tamsis.swis@gmail.com,B,50,5,PERSATUAN PERGURUAN TAMANSISWA CABANG SAWIT SEBERANG,KAB. LANGKAT,KEC. SAWIT SEBERANG,JL. TAMAN SISWA
10210816,SMAS AL BUKHARI MUSLIM,4519495,info.sma_albukharimuslim@yahoo.com,B,55,7,YAYASAN TAMAN PERGURUAN ISLAM AL BUKHARI MUSLIM,KOTA MEDAN,KEC. MEDAN BARU,JL. SRIWIJAYA NO. 57
69918114,SMA SWASTA PAULY MANDIRI,,smapaulymandiri@gmail.com,C,46,13,YAYASAN PENDIDIKAN PAULY MANDIRI,KAB. DELI SERDANG,KEC. TANJUNG MORAWA,JL. BATANG KUIS GG. SOPONYONO UJUNG DUSUN II DESA BUNTU BEDIMBAR
10220227,SMA SWASTA YAPIM SEI GLUGUR,76851110,yapimseigelugur70@gmail.com,A,124,10,YAYASAN PERGURUAN INDONESIA MEMBANGUN TARUNA,KAB. DELI SERDANG,KEC. PANCUR BATU,JL. GELUGUR RIMBUN
10210838,SMAS SRIWIJAYA MEDAN,0617860085,sekolahsmasriwijaya@gmail.com,B,111,8,YAYASAN PERGURUAN SRIWIJAYA,KOTA MEDAN,KEC. MEDAN JOHOR,JL. BRIGJEN ZEIN HAMID GG. PEMBANGUNAN NO. 25
10259218,SMA SWASTA ERA UTAMA PANCUR BATU,8306741,,C,68,5,YAYASAN PERGURUAN ERA UTAMA,KAB. DELI SERDANG,KEC. PANCUR BATU,JL PEMBANGUNAN NO.27 PANCUR BATU
10202670,SMA SWASTA ISLAM PROYEK UISU SIANTAR,06227551624,smaswastauisusiantar@yahoo.co.id,A,151,15,BP. YAYASAN UISU SIANTAR,KAB. SIMALUNGUN,KEC. SIANTAR,"JL. ASAHAN KM. 4,5  SIANTAR"
10262125,SMA SWASTA MAHAD MUHAMMAD SAMAN,0882015625070,smamahadmuhammadsaman@gmail.com,B,69,13,YAYASAN PENDIDIKAN HAJJAH NYAK KAOY (YAPINKA),KAB. DELI SERDANG,KEC. SUNGGAL,JL. DISKI GLUGUR RIMBUN DUSUN V
10202658,SMA SWASTA BINA GUNA TANAHJAWA,06227562022,smaswastabinaguna@gmail.com,B,203,16,YAYASAN PERGURUAN BINAGUNA,KAB. SIMALUNGUN,KEC. TANAH JAWA,JL. KOMPLEKS SEKOLAH SWASTA
10212022,SMA SWASTA SISINGAMANGARAJA,062392002,sma_sm.raja@yahoo.com,A,442,30,YAYASAN PERGURUAN SISINGAMANGARAJA,KOTA TANJUNG BALAI,KEC. TANJUNG BALAI SELATAN,JLN. SISINGAMANGARAJA NO.101
69930818,SMA IT SWASTA DAARUSSAKINAH,,smaitdaarussakinah@yahoo.com,B,91,5,YAYASAN PENDIDIKAN DAARUSSAKINAH,KAB. ASAHAN,KEC. SEI DADAP,JL. PROTOKOL SEI KAMAH I
10220223,SMAS RIZKI ANANDA PATUMBAK,7882829,sma_rizkiananda@ymail.com,B,82,5,YAYASAN PENDIDIKAN ELVA SYOFYAN,KAB. DELI SERDANG,KEC. PATUMBAK,JL. MEKATANI NO 56 MARENDAL
70045721,SMA SWASTA DHARMA ANUGERAH,,,A,6,5,YAYASAN DHARMA ANUGERAH,KOTA MEDAN,KEC. MEDAN BARU,JL. BABURA LAMA NO.7 KEL DARAT
10202651,SMA SWASTA GKPS.1 PAMATANG RAYA,331345,smasgkps1@gmail.com,A,718,38,YAYASAN PENDIDIKAN GKPS,KAB. SIMALUNGUN,KEC. RAYA,JL. GURU JASON SARAGIH NO.03
10261473,SMA SWASTA GLOBAL PRIMA MEDAN,0614556090,yppm.global@yahoo.com,A,254,18,YAYASAN PERGURUAN TINGGI PRIMA INDONESIA,KOTA MEDAN,KEC. MEDAN MAIMUN,JL. BRIGJEN KATAMSO NO. 282-283 MEDAN
10260072,SMAS KARTINI UTAMA,081397360006,smaskartiniutama9@gmail.com,B,233,18,YAYASAN PERGURUAN KARTINI UTAMA,KAB. SERDANG BEDAGAI,KEC. SEI RAMPAH,JL. TERATAI DUSUN III SEI RAMPAH
10205396,SMAS KARYA TANI PANAI T S E,552086,smaskaryatani@yahoo.com,B,361,23,KARYA TANI,KAB. LABUHANBATU,KEC. PANAI HULU,JL. BESAR AJAMU TANJUNG SARANG ELANG
69773550,SMAS YAPIM TARUNA,,yapimtarunadolokmasihul@gmail.com,B,35,13,YAYASAN PERGURUAN INDONESIA MEMBANGUN TARUNA,KAB. SERDANG BEDAGAI,KEC. DOLOK MASIHUL,DOLOK MASIHUL
10209412,SMAS MIFTAHUL IRSYAD,081362324312,miftahulirsyad05@gmail.com,B,254,21,YAYASAN PENDIDIKAN MIFTAHUL IRSYAD,KAB. SERDANG BEDAGAI,KEC. TANJUNG BERINGIN,JL. BESAR DS. MANGGA DUA
69985502,SMA SWASTA UMBUL MAS WISESA,,sma18.swastaumbulmaswisesa@gmail.com,B,268,11,YAYASAN PENDIDIKAN UMBUL MAS WISESA,KAB. LABUHANBATU SELATAN,KEC. KAMPUNG RAKYAT,PERKEBUNAN UMBUL MAS WISESA
69987033,SMA SWASTA IT DARUL HASAN,082182149266,smaitdarulhasanpsp@gmail.com,B,155,18,DARUL HASAN KOTA PADANGSIDIMPUAN,KOTA PADANG SIDEMPUAN,KEC. HUTAIMBARU,JL. OMPU HUTA TUNJUL GG. ATTAUBAH
70052335,SMA SWASTA ISLAM TERPADU BARUNA SIBUHUAN,,,,,0,YAYASAN PERGURUAN BARUNA HUSADA SIBUHUAN,KAB. PADANG LAWAS,KEC. LUBUK BARUMUN,JL. LINTAS SIBUHUAN – GUNUNGTUA KM.08
10259718,SMAS PURNA YUDHA SEI RAKYAT,,purnayudha_sma@yahoo.com,B,65,11,PURNAYUDHA,KAB. LABUHANBATU,KEC. PANAI TENGAH,DESA SEI RAKYAT
70023653,SMA SWASTA MAITREYAWIRA DELI SERDANG,0616637111,sma@maitreyawira-ds.sch.id,A,571,54,YAYASAN PENDIDIKAN BUDDHIS CAHAYA KASIH MAITREYA,KAB. DELI SERDANG,KEC. PERCUT SEI TUAN,JL. CEMARA BOULEVARD UTARA NO. 8 KOMPLEKS CEMARA ASRI
10210712,SMAS GKPI PADANG BULAN,081396758855,smasgkpipadangbulanmedan@gmail.com,B,223,18,YAYASAN BIAS SINAR KASIH,KOTA MEDAN,KEC. MEDAN BARU,JL. LETJEN. JAMIN GINTING KOMPLEKS PAMEN
10260627,SMA SWASTA PAB 11 LUBUK PAKAM,081361494892,smapablubukpakam1@gmail.com,B,67,5,PERKUMPULAN AMAL BAKTI  SUMATERA UTARA,KAB. DELI SERDANG,KEC. LUBUK PAKAM,JL. PANTAI LABU-KUALA NAMU
10204229,SMAS DAERAH KISARAN,082367686660,smasdakis@gmail.com,B,93,12,YAYASAN PENDIDIKAN MUTIARA ILMU,KAB. ASAHAN,KEC. KISARAN TIMUR,JL. MADONG LUBIS NO.6 KISARAN
10211533,SMA SWASTA F. TANDEAN,062123896,smaswastaftandean@yahoo.co.id,A,620,26,PERGURUAN F. TANDEAN TEBING TINGGI,KOTA TEBING TINGGI,KEC. TEBING TINGGI KOTA,JL. SUTOMO 28 A TEBING TINGGI
70050659,SMA SWASTA METHODIST KABANJAHE,,,,175,9,YAYASAN KRISTEN METHODIST FILIPI KABANJAHE,KAB. KARO,KEC. KABANJAHE,JL. KAPTEN BOM GINTING
10211712,SMAS SEMINARI,7026003,seminari.pematangsiantar@gmail.com,A,209,19,YAYASAN PENDIDIKAN KATOLIK SANTO YOSEPH MEDAN,KOTA PEMATANGSIANTAR,KEC. SIANTAR MARIHAT,JL. LAPANGAN BOLA ATAS
10204231,SMAS DAERAH AIR JOMAN,06234540166,sma.daerah_ajo@yahoo.co.id,B,219,14,YAYASAN PENDIDIKAN SWASTA DAERAH AIR JOMAN,KAB. ASAHAN,KEC. AIR JOMAN,"JL. PASAR XII BINJAI SERBANGAN, KEC. AIR JOMAN,KAB. ASAHAN."
70058315,SMA SWASTA MUHAMMADIYAH AHMAD DAHLAN AEKKANOPAN,085177384941,smamuhahmaddahlanak@gmail.com,,21,6,PIMPINAN WILAYAH MUHAMMADIYAH (PWM) PROV. SUMATERA UTARA,KAB. LABUHANBATU UTARA,KEC. KUALUH HULU,JL. PEJUANG 45
10210939,SMA SWASTA SANTO THOMAS 2 MEDAN,80513075,santo_thomas2@yahoo.com,A,1179,52,YAYASAN PERGURUAN KATOLIK DON BOSCO KEUSKUPAN AGUNG MEDAN,KOTA MEDAN,KEC. MEDAN PETISAH,JL. LETJEN S. PARMAN NO. 107
10220210,SMAS PGRI 20 SIBORONGBORONG,063341900,sekolah.pgri20@yahoo.co.id,B,883,48,PERWAKILAN YPLP PGRI PROVINSI SUMATERA UTARA,KAB. TAPANULI UTARA,KEC. SIBORONGBORONG,JL. SM. RAJA NO.153A
69815454,SMAS IMELDA RITONGA,,smaimeldaritonga@gmail.com,B,79,10,YAYASAN IMELDA,KAB. LABUHANBATU,KEC. RANTAU SELATAN,JL. KARYA BAKTI NO. 20 RANTAUPRAPAT
70056330,SMA SWASTA IT INSAN CENDEKIA INDONESIA,,smaitinsancendekiaindonesia@gmail.com,,17,2,CITRA DHARMA RIAU,KOTA MEDAN,KEC. MEDAN DENAI,JLN. DATUK KABU NO. 3 LINK. VII
10212197,SMAS KAMPUS,063422896,smaswastakampus@ymail.com,B,31,7,YAYASAN PERGURUAN KAMPUS PADANGSIDIMPUAN,KOTA PADANG SIDEMPUAN,KEC. PADANG SIDIMPUAN UTARA,JL. SUTAN SORIPADA MULIA 64 A
10210736,SMAS KEBANGSAAN,,smakebangsaanmedan@yahoo.co.id,B,147,9,YAYASAN PENDIDIKAN KEBANGSAAN SUMATERA UTARA,KOTA MEDAN,KEC. MEDAN DENAI,JL.PERG.TINGGI SWADAYA NO.3 PSR. MERAH
10261760,SMA SWASTA AL-FITYAN MEDAN,0618223329,sma.alfityan.medan@gmail.com,A,525,44,YAYASAN AL-FITYAN,KOTA MEDAN,KEC. MEDAN SELAYANG,JL. KELUARGA LINGKUNGAN IX NO. 77
10214147,SMA SWASTA PERKUMPULAN AMAL BAKTI ( PAB) 6 HELVETIA,,smapab6helvetia@gmail.com,A,104,11,PERKUMPULAN AMAL BAKTI  SUMATERA UTARA,KAB. DELI SERDANG,KEC. LABUHAN DELI,JL. VETERAN PSR 4 HELVETIA
10257832,SMA SWASTA  GAJAH MADA MEDAN,0614514978,sma.gajahmada.medantimur@gmail.com,A,118,11,YAYASAN PERGURUAN GAJAH MADA SUMATERA UTARA,KOTA MEDAN,KEC. MEDAN TIMUR,JL. HM. SAID NO. 19
70004769,SMA SWASTA IT AL FITYAH BINJAI,082367677534,smaitalfityahbinjai@gmail.com,B,84,13,SIT AL-FITYAH BINJAI,KOTA BINJAI,KEC. BINJAI BARAT,JL. LET. UMAR BAKI LK. IV
10214124,SMA SWASTA CITRA HARAPAN,0616990368,yp.citra_harapan@yahoo.com,B,134,11,YAYASAN CITRA HARAPAN JAYA,KAB. DELI SERDANG,KEC. PERCUT SEI TUAN,"JL. MEDAN PERCUT KM. 19,5"
10210720,SMA SWASTA KATOLIK BUDI MURNI 1,4535689,budimurni19@yahoo.com,A,503,39,YAYASAN PERGURUAN KATOLIK DON BOSCO KEUSKUPAN AGUNG MEDAN,KOTA MEDAN,KEC. MEDAN TIMUR,JL. TIMOR NO. 34 MEDAN
10211708,SMAS TELADAN,062222210,smateladanps@gmail.com,A,650,44,PENDIDIKAN TELADAN,KOTA PEMATANGSIANTAR,KEC. SIANTAR BARAT,JL. SINGOSARI NO. 3
10257852,SMAS PABAKU,0618911233,smapabakustabat@gmail.com,B,79,13,YASPER PABAKU,KAB. LANGKAT,KEC. STABAT,JL.PRINGGONDANI NO. 813 KARANG REJO
69984151,SMA SWASTA CARNEGIE MEDAN,085261324159,smacarnegie@gmail.com,A,80,8,YAYASAN BINA INSAN NEGARA,KOTA MEDAN,KEC. MEDAN AREA,JL. EMAS NO. 10
10220290,SMAS PARSAORAN,,smas_parsaoran@yahoo.co.id,B,81,4,YAYASAN NUR MAROJAHAN PARSAORAN,KAB. TAPANULI UTARA,KEC. PARMONANGAN,JL. HUTATINGGI
10220891,SMAS TUNAS BANGSA,081362096492,smaswastatunasbangsa@gmail.com,B,129,12,YAYASAN PENDIDIKAN TUNAS BANGSA,KAB. LANGKAT,KEC. BINJAI,JL. S. PARMAN NO. 6 KWALA BEGUMIT
10201996,SMA SWASTA BERSAMA BERASTAGI,,ypbersamaberastagi@gmail.com,B,270,21,YAYASAN PERGURUAN BERSAMA BERASTAGI,KAB. KARO,KEC. BERASTAGI,JL. JAMIN GINTING SP UJUNG AJI BERASTAGI
10211292,SMAS AN NADWA ISLAMIC CENTRE,,an_nadwa@yahoo.com,B,41,10,AN-NADWA ISLAMIC CENTRE,KOTA BINJAI,KEC. BINJAI UTARA,JL. TEUKU UMAR NO. 89 BINJAI
70041103,SMA SWASTA IT KHANSA KHALIFAH,,,B,60,7,YPI KHANSA KHALIFAH,KAB. DELI SERDANG,KEC. SUNGGAL,JL. SENTOSA GG. SEKOLAH NO. 105
10212198,SMAS KESUMA INDAH,063426722,smas.kesumaindah@yahoo.co.id,A,197,17,YAYASAN BUDI BAKTI KEUSKUPAN SIBOLGA,KOTA PADANG SIDEMPUAN,KEC. PADANG SIDIMPUAN SELATAN,JL. BATANG GADIS NO. 9
10212524,SMAS AL MA ARIF,085373234955,scholalmaarif073@yahoo.co.id,C,17,9,PONDOK PESANTREN AL MAARIF BENGKEL STABAT,KAB. LANGKAT,KEC. STABAT,JALAN PASAR 10 BENGKEL
10211683,SMA SWASTA MARS PEMATANGSIANTAR,062221104,smaypmars@gmail.com,A,198,18,YAYASAN PERGURUAN MARS,KOTA PEMATANGSIANTAR,KEC. SIANTAR TIMUR,JL JEND. AHMAD YANI NO. 400
69758996,SMA SWASTA  ISLAM ULUN NUHA MEDAN,0617852780,smaislamulunnuha@gmail.com,B,355,28,YAYASAN MINHAJUS SUNNAH MEDAN,KOTA MEDAN,KEC. MEDAN JOHOR,JL. KARYA DARMA 2 / GG. PIPA II
10259432,SMA SWASTA AL-WASHLIYAH 7,081323777757,sma.al_washliyah7@yahoo.co.id,B,278,16,AL-JAMIYATUL WASHLIYAH,KAB. SERDANG BEDAGAI,KEC. SEI RAMPAH,JL. KP. LALANG DESA SIMPANG EMPAT
10200448,SMA SWASTA BPI,,sma.swastabpi1996@gmail.com,C,111,8,YAYASAN BINA PELAJAR INDONESIA,KAB. DELI SERDANG,KEC. HAMPARAN PERAK,JL. PALUH HIU DUSUN VI
10259745,SMAS AIRLANGGA,081368324040,smaswastaairlangga2@gmail.com,B,161,9,YAYASAN PENDIDIKAN AIRLANGGA,KAB. LANGKAT,KEC. SEI BINGAI,JL. BATU MENJAH NO.3D NAMU UKUR UTARA
10262411,SMAS YAPIM TARUNA STABAT,8910118,yapimtaruna@yahoo.co.id,A,181,19,YAYASAN PERGURUAN INDONESIA MEMBANGUN TARUNA,KAB. LANGKAT,KEC. STABAT,JL. JEND. SUDIRMAN
10209413,SMA SWASTA METHODIST EL-SHADDAY,7990177,smasmethodistperbaungan@gmail.com,A,175,12,YAYASAN PERGURUAN KRISTEN METHODIST EL-SHADDAY,KAB. SERDANG BEDAGAI,KEC. PERBAUNGAN,JL. MAWAR NO. 2 PERBAUNGAN
10214105,SMA SWASTA  ANDREAS,081269377534,ypkaandreas@yahoo.co.id,B,67,6,YAYASAN PERGURUAN KRISTEN ANDREAS,KAB. DELI SERDANG,KEC. SUNGGAL,JL. PENDAWA NO.50
70050963,SMA SWASTA NOBLE,082364740085,administration@nobleschool.sch.id,B,19,3,YAYASAN NOBLE PLUS,KOTA MEDAN,KEC. MEDAN PERJUANGAN,JL. PELITA II NO. 46
10204228,SMA SWASTA DAERAH SEI BEJANGKAR,0623459158,smadaerahseibejangkar@gmail.com,A,191,15,YAYASAN PERGURUAN DAERAH SEI BEJANGKAR,KAB. BATU BARA,KEC. SEI BALAI,JL. BESAR SIMPANG SEI BEJANGKAR
10211689,SMAS HARAPAN,,smaharapann@yahoo.com,B,50,8,SMA SWASTA HARAPAN,KOTA PEMATANGSIANTAR,KEC. SIANTAR MARIHAT,JLN. BAHKORA II MARIHAT LANDBOW
10261305,SMA SWASTA MUHAMMADIYAH,08126424208,smamuhammadiyah_43@yahoo.co.id,B,75,8,PIMPINAN WILAYAH MUHAMMADIYAH (PWM) PROV. SUMATERA UTARA,KAB. KARO,KEC. KABANJAHE,JL. DJAMIN GINTING DESA SUMBER MUFAKAT NO. 02 KABANJAHE
10204236,SMAS ALWASLIYAH 8 MERANTI,,smaalwashliyah8meranti@yahoo.com,B,114,12,AL JAM'IYATUL WASHLIYAH,KAB. ASAHAN,KEC. MERANTI,JL. PERINTIS KEMERDEKAAN NO. 346 MERANTI
10211291,SMAS AHMAD YANI,8821857,yaspenday@gmail.com,A,498,23,YAYASAN PENDIDIKAN AHMAD YANI BINJAI,KOTA BINJAI,KEC. BINJAI KOTA,JL. ADE IRMA SURYANI NO.38 A BINJAI
10260259,SMAS SWADAYA,,smaswadayabulucina@gmail.com,B,183,12,YAYASAN PENDIDIKAN SWADAYA CENTRE,KAB. DELI SERDANG,KEC. HAMPARAN PERAK,JL. LIMO MIRI BULU CINA
10220287,SMAS HKBP 1 TARUTUNG,063321402,smahkbp_1_trt@yahoo.co.id,A,621,28,YAYASAN PENDIDIKAN HKBP TAPANULI UTARA,KAB. TAPANULI UTARA,KEC. TARUTUNG,JL. AHMAD YANI II/20
10208943,SMAS ADVENT SIMBOLON,085365942196,adventsimbolon@gmail.com,B,84,8,YAYASAN PENDIDIKAN GEREJA MASEHI ADVENT HARI KETUJUH SUMATERA UTARA,KAB. SAMOSIR,KEC. PALIPI,SIGAOL SIMBOLON
70054931,SMA SWASTA IT TUNAS BANGSA,,,,7,4,YAYASAN PERGURUAN TUNAS BANGSA,KAB. DELI SERDANG,KEC. PERCUT SEI TUAN,"JL. MAKMUR NO. 70, DESA/KELURAHAN BANDAR KLIPPA, KEC. PERCUT SEI TUAN, KAB. DELI"
10214153,SMAS PELITA BULU CINA,8831611,smasmk.pelita@yahoo.co.id,B,40,9,YAYASAN PELITA,KAB. DELI SERDANG,KEC. HAMPARAN PERAK,JL. EMPLASMEN BULU CINA
70035298,SMA SWASTA AD-DAKWAH,082150807167,smaaddakwah@gmail.com,A,65,6,YAYASAN AD-DAKWAH,KAB. SERDANG BEDAGAI,KEC. SEI BAMBAN,JL. GEMPOLAN PASAR I GG. BAKTI DUSUN IV
69734187,SMA SWASTA KEJAYAAN INDONESIA,0618825705,smakejayaan1@gmail.com,A,109,4,YAYASAN AGAPE KEJAYAAN INDONESIA,KOTA BINJAI,KEC. BINJAI BARAT,JL. MAYJEN SUTOYO
69964529,SMAS FATAHILLAH,082369063770,sma.fatahillah.jh@gmail.com,B,108,13,YAYASAN FATAHILLAH JARING HALUS,KAB. LANGKAT,KEC. SECANGGANG,JL. BENTENG BARU DUSUN I
10201364,SMAS GOTONG ROYONG,,smaswasta.gotongroyong@yahoo.com,B,42,9,YAYASAN PERGURUAN GOTONG ROYONG KUALA,KAB. LANGKAT,KEC. KUALA,JL. BINJAI - KUALA KM. 40
69734013,SMAS LENTERA HARAPAN,0617326799,sma.lenteraharapan@yahoo.com,A,69,13,YAYASAN PENDIDIKAN PELITA HARAPAN TANGERANG,KOTA MEDAN,KEC. MEDAN TEMBUNG,JL MESTIKA NO. 37 MEDAN
10211293,SMAS GAJAH MADA,0618822129,smagamabinjai@yahoo.co.id,A,171,15,YAYASAN PERGURUAN GAJAH MADA BINJAI,KOTA BINJAI,KEC. BINJAI BARAT,JL. RASBERI NO. 22 BINJAI
70024552,SMA SWASTA JABAL RAHMAH MULIA,08116612121,info@jrm.sch.id,A,189,17,YAYASAN JABAL RAHMAH MULIA,KOTA MEDAN,KEC. MEDAN SUNGGAL,JL. BALAI DESA NO. 24 H
10206586,SMAS SW BUDI MULIA,,smaswbudimulia@gmail.com,B,359,21,YAYASAN BUDI MULIA LOURDES,KAB. TAPANULI TENGAH,KEC. MANDUAMAS,DESA TUMBA JAE
10260770,SMAS SULTAN HASANUDDIN,0246940130,smassultan_hasanuddin@yahoo.co.id,A,216,21,SULTAN HASANUDDIN,KAB. LABUHANBATU UTARA,KEC. KUALUH HULU,JL. GHAZALI KARIM NO.48
10208159,SMAS WIRA BANGSA,,sma.wira_bangsa@yahoo.com,B,82,14,YAYASAN PERGURUAN WIRA BANGSA SIABU,KAB. MANDAILING NATAL,KEC. SIABU,JL. WIRA BANGSA NO. 07 SIABU
10257279,SMAS PABA SECANGGANG,081260664291,smaspaba@gmail.com,B,51,9,YAYASAN PENDIDIKAN PANCA ABDI BANGSA (PABA),KAB. LANGKAT,KEC. SECANGGANG,JL. SECANGGANG P.BARU TANJUNG IBUS
70044128,SMA SWASTA IT UNGGUL AL MUNADI,,smaitunggulalmunadi2022@gmail.com,A,105,14,YAYASAN WAKAF AL MUNADI MEDAN,KOTA MEDAN,KEC. MEDAN MARELAN,JL. ABDUL SANI MUTHALIB LINGKUNGAN 1
10210731,SMA SWASTA HARAPAN MEDAN,4515661,sma@harapan.ac.id,A,483,28,YAYASAN PENDIDIKAN HARAPAN,KOTA MEDAN,KEC. MEDAN MAIMUN,JL. IMAM BONJOL NO. 35
10258047,SMAS PRIMBANA,0617883945,smaprimbanamedan01@gmail.com,A,274,27,YAYASAN PENDIDIKAN GEDONG JOHOR MEDAN,KOTA MEDAN,KEC. MEDAN JOHOR,JL. JEND. BESAR A. H. NASUTION NO. 45
10258023,SMA SWASTA KATOLIK TRI SAKTI MEDAN,7348147,sma.trisakti@ymail.com,A,469,33,YAYASAN PERGURUAN KATOLIK DON BOSCO KEUSKUPAN AGUNG MEDAN,KOTA MEDAN,KEC. MEDAN DENAI,JL. MEDAN TENGGARA GG. BANTENG 21
10210717,SMAS DHARMA PANCASILA,8217393,smadharmapancasilamedan@gmail.com,A,244,29,YAYASAN DHARMA PANCASILA,KOTA MEDAN,KEC. MEDAN SELAYANG,JL. DR. MANSYUR NO. 71 C MEDAN
10214161,SMA SWASTA ROKITA SARI,0617989208,smaswasta_rokitasari@rocketmail.com,B,130,17,YAYASAN PERGURUAN ROKITA SARI,KAB. DELI SERDANG,KEC. BANGUN PURBA,JL. KARYA NO.10
10210839,SMA SWASTA ST. ANTONIUS BANGUN MULIA MEDAN,7860832,smasantonius994@gmail.com,B,110,12,YAYASAN PERGURUAN KATOLIK DON BOSCO KEUSKUPAN AGUNG MEDAN,KOTA MEDAN,KEC. MEDAN AMPLAS,JL. SISINGAMANGARAJA KM. 11 NO. 68
10211686,SMAS PELITA,082166087253,smapelitapematangsiantar155@gmail.com,A,297,21,YAYASAN PENDIDIKAN PELITA PEMATANGSIANTAR,KOTA PEMATANGSIANTAR,KEC. SIANTAR MARIHAT,JL. MELANTHON SIREGAR
10212766,SMA SWASTA KRISTEN BNKP GUNUNGSITOLI,,sma_bnkp@yahoo.com,A,246,22,YAYASAN BANUA NIHA KERISO PROTESTAN GUNUNGSITOLI,KOTA GUNUNGSITOLI,KEC. GUNUNGSITOLI,JL.PENDIDIKAN NO.7 GUNUNGSITOLI
10210795,SMAS AMAL BAKTI,,sriharyati571@yahoo.co.id,B,75,10,YAYASAN AMAL BAKTI,KOTA MEDAN,KEC. MEDAN DELI,JL. KAYU PUTIH NO. 32 MABAR
10214140,SMAS NILA HARAPAN SUNGGAL,,smanilaharapan@yahoo.co.id,B,132,11,YAYASAN PERGURUAN NILA HARAPAN,KAB. DELI SERDANG,KEC. SUNGGAL,JL. BINJAI KM. 11.2
10209419,SMAS PEMBANGUNAN,,smapb1977@gmail.com,B,79,8,PERGURUAN PEMBANGUNAN,KAB. SERDANG BEDAGAI,KEC. PERBAUNGAN,JL. STASIUN NO.5
10211542,SMA SWASTA TAMANSISWA,062121446,smatamansiswa132@yahoo.co.id,B,113,13,PERSATUAN PERGURUAN TAMANSISWA CABANG TEBING TINGGI,KOTA TEBING TINGGI,KEC. TEBING TINGGI KOTA,JL. DEBLOD SUNDORO NO. 9
70056828,SMA SWASTA SUTAN ALI MALINDO,,,,,18,YAYASAN PENDIDIKAN MALINDO,KAB. LABUHANBATU,KEC. PANAI TENGAH,JLN. DUSUN III MALINDO
10220317,SMAS AL MASDAR B KUIS,085360500172,smaalmasdar@yahoo.com,B,451,19,YAYASAN ALMASDAR,KAB. DELI SERDANG,KEC. BATANG KUIS,JL. BATANG KUIS - LUBUK PAKAM
10212417,SMA SWASTA TAMANSISWA,062229862,sma.tamansiswa.pematangsiantar@gmail.com,A,798,43,PERSATUAN PERGURUAN TAMANSISWA CABANG PEMATANGSIANTAR,KOTA PEMATANGSIANTAR,KEC. SIANTAR BARAT,JL. KARTINI NO. 18
69889120,SMA SWASTA MAARIF,081264876637,smamaarifpasarsorkam@yahoo.co.id,C,83,6,YAYASAN PENDIDIKAN MA'ARIF PASAR SORKAM,KAB. TAPANULI TENGAH,KEC. SORKAM BARAT,PASAR SORKAM KECAMATAN SORKAM BARAT
10263538,SMAS UNGGUL DEL,0632331092,info@smadel.sch.id,A,514,65,YAYASAN DEL,KAB. TOBA,KEC. LAGU BOTI,JL. SISINGAMANGARAJA
10208721,SMAS HKBP DOLOKSANGGUL,081368301990,smashkbp.ds@gmail.com,B,420,19,DEWAN SEKOLAH HURIA,KAB. HUMBANG HASUNDUTAN,KEC. DOLOKSANGGUL,JL. LETKOL GA. MANULLANG
70044404,SMA MBS DARUL ARQOM SIMALUNGUN,081333867878,smambsdarularqomsimalungun@gmail.com,A,19,5,PIMPINAN WILAYAH MUHAMMADIYAH (PWM) PROV. SUMATERA UTARA,KAB. SIMALUNGUN,KEC. PEMATANG BANDAR,DESA RAMBUNG SUSU
10212115,SMAS TRI RATNA SIBOLGA,063125703,sma.triratna.sibolga@gmail.com,A,188,15,YAYASAN VIHARA BUDDHA SIBOLGA,KOTA SIBOLGA,KEC. SIBOLGA KOTA,JL. LETJEN S. PARMAN NO. 58 SIBOLGA
10211685,SMA SWASTA METHODIST PEMATANGSIANTAR,062222314,methodist_ps@yahoo.co.id,A,567,45,YAYASAN PENDIDIKAN KRISTEN METHODIST INDONESIA BETLEHEM PEMATANGSIANTAR,KOTA PEMATANGSIANTAR,KEC. SIANTAR TIMUR,JL. PANE NO. 34
10220292,SMAS ST MARIA TARUTUNG,063321979,smasstmaria.tarutung@gmail.com,A,481,29,YAYASAN PENDIDIKAN KATOLIK SANTO YOSEPH MEDAN,KAB. TAPANULI UTARA,KEC. TARUTUNG,JL. D.I. PANJAITAN II/39
10202772,SMA SWASTA TELADAN BANGUN,06227355565,smateladan_bangun@yahoo.co.id,A,87,13,YAYASAN PENDIDIKAN TELADAN JAYA BANGUN,KAB. SIMALUNGUN,KEC. GUNUNG MALELA,JL. ASAHAN KM. 17 BANGUN
70025497,SMA SWASTA PUSAKA BANDAR KLIPPA,,smapusakabandarklippa@gmail.com,B,162,10,YAYASAN PERGURUAN CAHAYA PUSAKA BANGSA,KAB. DELI SERDANG,KEC. PERCUT SEI TUAN,JL. PERDAMEAN GG. PERDAMAIAN NO. 14
10209411,SMAS MUHAMMADIYAH 6,,smamuhammadiyahenam@yahoo.com,B,167,14,PIMPINAN WILAYAH MUHAMMADIYAH (PWM) PROV. SUMATERA UTARA,KAB. SERDANG BEDAGAI,KEC. SEI BAMBAN,JL.BESAR DESA PON DUSUN I SEI BAMBAN
10210927,SMAS PARULIAN 2,,smaparulian2medan@gmail.com,A,156,21,YAYASAN PENDIDIKAN PARULIAN MEDAN,KOTA MEDAN,KEC. MEDAN DENAI,JL. GARUDA RAYA BLOK VIII PERUMNAS MANDALA MEDAN
10257998,SMAS SANIAH,,smaswastasaniah@yahoo.co.id,B,57,10,YAYASAN SANIAH,KAB. ASAHAN,KEC. AEK SONGSONGAN,DUSUN VII AEK SONGSONGAN
10201323,SMAS PEMDA BAHOROK,,sma.pemda@gmail.com,B,432,13,YAYASAN PENDIDIKAN PEMBANGUNAN DESA BOHOROK LANGKAT,KAB. LANGKAT,KEC. BOHOROK,JL. VETERAN BAHOROK
10258256,SMA SWASTA KAMPUS TELUKDALAM,,kampussma@gmail.com,A,185,20,YAYASAN PENDIDIKAN NIAS SELATAN,KAB. NIAS SELATAN,KEC. TELUK DALAM,JL. DIPONEGORO NARI-NARI
10210800,SMAS APIPSU MEDAN,08216520502,smasapipsu60@gmail.com,A,50,18,APIPSU,KOTA MEDAN,KEC. MEDAN HELVETIA,"JALAN GATOT SUBROTO KM.5,5 GANG RASMI NO. 28"
10209424,SMAS TELADAN,062141031,smateladanseirampah@gmail.com,A,269,15,YAYASAN PENDIDIKAN MUSLIM PERSADA SEI RAMPAH,KAB. SERDANG BEDAGAI,KEC. SEI RAMPAH,JL. MEDAN -TEBING TINGGI
10262430,SMA SWASTA ISLAM TERPADU KHAIRUL IMAM,0617873038,smasit.khairulimam2011@gmail.com,A,81,12,YAYASAN KHAIRUL IMAM,KOTA MEDAN,KEC. MEDAN JOHOR,JL. STM UJUNG / JL. SUKA TEGUH NO. 1
10260628,SMAS ALWASLIYAH TANJUNG MORAWA,7940004,alwashliyahsma@ymail.com,B,387,22,AL WASHLIYAH TANJUNG MORAWA,KAB. DELI SERDANG,KEC. TANJUNG MORAWA,JL. BANDAR LABUHAN
69893325,SMA SWASTA ROHMAN INSAN,085297449556,smarohmaninsan@gmail.com,C,30,11,SMA ROHMAN INSAN,KAB. TAPANULI SELATAN,KEC. ANGKOLA BARAT,JL. SIBOLGA KM. 19 PANOBASAN
10214159,SMA SWASTA RAKYAT SEI GLUGUR,08126522833,smarakyatsgl@yahoo.co.id,A,183,17,YAYASAN PERGURUAN RAKYAT SEI GLUGUR,KAB. DELI SERDANG,KEC. PANCUR BATU,JL. TANJUNG ANOM - LAU BAKERI
10214154,SMAS PERSIAPAN SUNGGAL,089515179805,smapersiapankebangsaansunggal@gmail.com,C,53,6,YAYASAN KARYA BANGSA SUNGGAL,KAB. DELI SERDANG,KEC. SUNGGAL,JL. JOHOR SEI MENCIRIM
10210880,SMAS LETJEND HARYONO MT,8460390,smaletjenharyonomt@gmail.com,A,114,14,YAYASAN PERGURUAN LETJEN HARYONO M.T,KOTA MEDAN,KEC. MEDAN SUNGGAL,JL.PINANG BARIS II GG. SEKATA
10210923,SMA SWASTA SANTO THOMAS 1 MEDAN,0614520292,smasantothomas1medan@yahoo.co.id,A,1337,70,YAYASAN PERGURUAN KATOLIK DON BOSCO KEUSKUPAN AGUNG MEDAN,KOTA MEDAN,KEC. MEDAN PETISAH,JL. LETJEN S. PARMAN NO. 109
69867993,SMA SWASTA NANYANG ZHI HUI,0614534328,nanyangzh@yahoo.com,A,87,5,YAYASAN PENDIDIKAN NANYANG INDONESIA,KOTA MEDAN,KEC. MEDAN BARU,JL. ABDULLAH LUBIS NO.15 MEDAN
10212114,SMAS PGRI 14 SIBOLGA,,p.parapat@rocketmail.com,C,16,5,,KOTA SIBOLGA,KEC. SIBOLGA UTARA,JL. SISWOMIHARJO NO. 1 SIBOLGA
10210906,SMAS METHODIST 8 MEDAN,0616616356,sma_meth8mdn@yahoo.co.id,A,272,21,YAYASAN PERGURUAN KRISTEN METHODIST YOSAFAT MEDAN,KOTA MEDAN,KEC. MEDAN BARAT,JL. KL. YOS SUDARSO NO. 166 A
10200435,SMAS DESA MAJU STM HILIR,082125518554,desamaju.sma@gmail.com,B,78,13,YAYASAN  PERGURUAN NASIONAL DESA MAJU,KAB. DELI SERDANG,KEC. STM HILIR,JL. PROTOKOL DESA NEGARA
10211687,SMAS KARTIKA 1-4,082375653757,smakartika14@gmail.com,B,858,34,YAYASAN KARTIKA JAYA CABANG I BUKIT BARISAN,KOTA PEMATANGSIANTAR,KEC. SIANTAR BARAT,JL. KARTINI NO. 8
10202656,SMA SWASTA BUKIT CAHAYA,081396356245,smaswbukitcahaya@gmail.com,B,39,9,YAYASAN PERGURUAN  BUKIT CAHAYA,KAB. SIMALUNGUN,KEC. PANOMBEIAN PANEI,BATU 3 NAGORI BOSAR
10258492,SMAS ETISLANDIA,06180025146,smaetislandiamedan@gmail.com,B,131,14,YAYASAN PERGURUAN NASIONAL ETIS LANDIA,KOTA MEDAN,KEC. MEDAN HELVETIA,JL. GAPERTA UJUNG GG. BERKAT NO.32
10259560,SMAS PEMBANGUNAN NASIONAL,0617363386,smapemnas8@gmail.com,B,51,10,YAYASAN PERGURUAN PEMBANGUNAN NASIONAL,KOTA MEDAN,KEC. MEDAN TEMBUNG,JL. MUSTIKA NO.2
10257545,SMA SWASTA AMIR HAMZAH,,smaamirhamzah84@yahoo.com,B,172,5,,KAB. DELI SERDANG,KEC. PERCUT SEI TUAN,JL. PERTAHANAN UJUNG SIMPANG BEO
10202002,SMA SWASTA KATOLIK KABANJAHE,,smakatolik1kj@gmail.com,A,656,47,YAYASAN PERGURUAN KATOLIK DON BOSCO KEUSKUPAN AGUNG MEDAN,KAB. KARO,KEC. KABANJAHE,JL.IRIAN KABAJAHE
70052009,SMA ISLAM TERPADU IQRO STABAT,,,,41,11,YAYASAN SARANA HIDAYAH,KAB. LANGKAT,KEC. STABAT,JL. KENANGA LINGK I
10210801,SMA SWASTA AR RAHMAN MEDAN,8450418,arrahman.sma@gmail.com,A,158,18,YAYASAN PENDIDIKAN ARRAHMAN MEDAN,KOTA MEDAN,KEC. MEDAN HELVETIA,JL. H.A MANAF LUBIS NO. 58
10212526,SMA SWASTA YAYASAN PENDIDIKAN PANCASILA,081375711552,smaswastayaspenpancasila@gmail.com,A,429,25,YAYASAN PENDIDIKAN PANCASILA,KAB. LANGKAT,KEC. SAWIT SEBERANG,JL. MESJID SUBULUS SALAM
10214126,SMAS MELATI HAMPARAN PERAK,082276036776,smamelati@ymail.com,B,128,15,YAYASAN PENDIDIKAN MELATI,KAB. DELI SERDANG,KEC. HAMPARAN PERAK,JL. PASAR V HAMPARAN PERAK
10259747,SMAS PANCA KARYA,8910605,smaspancakarya@gmail.com,B,30,9,YAYASAN PENDIDIKAN PANCA KARYA,KAB. LANGKAT,KEC. STABAT,JL. WONOSARI NO. 1 PERDAMAIAN
70004716,SMA SWASTA MEDAN MULIA / MIANZHONG,,,A,450,17,YAYASAN PENDIDIKAN MEDAN MULIA/MIAN ZHONG,KOTA MEDAN,KEC. MEDAN SUNGGAL,JL. BANGAU / JL. GAGAK HITAM RINGROAD
69756078,SMAS KRISTEN ARASTAMAR,085358523056,smaskarastamar@gmail.com,C,167,19,YAYASAN EDUKASI TAMARAS (YAITA),KAB. NIAS BARAT,KEC. SIROMBU,JALAN SIHENEASI
10214143,SMA SWASTA NURUL HASANAH,08126337831,smanurulhasanah5@gmail.com,B,156,9,NURUL HASANIAH,KAB. DELI SERDANG,KEC. PERCUT SEI TUAN,JL. AMAL BAKTI TEMBUNG
10210926,SMAS PRAYATNA MEDAN,7382459,sma_prayatna@yahoo.co.id,B,256,24,PERKUMPULAN_PERGURUAN_PRAYATNA_MEDAN,KOTA MEDAN,KEC. MEDAN TEMBUNG,JL. LETDA SUJONO NO. 403
69943640,SMA SWASTA AL IHSAN WAMPU,085297097409,smaswastaalihsan@gmail.com,B,91,9,AL IHSAN,KAB. LANGKAT,KEC. WAMPU,JL.ABADI
10210716,SMAS DHARMA SAKTI,,dharmasakti6@gmail.com,B,13,5,YAYASAN PENDIDIKAN DHARMA SAKTI,KOTA MEDAN,KEC. MEDAN DENAI,JL. SEKSAMA NO. 130
10204248,SMA SWASTA TELADAN INDRAPURA,085277716328,smasteladan@gmail.com,B,165,10,YAYASAN PERGURUAN TELADAN INDRAPURA,KAB. BATU BARA,KEC. AIR PUTIH,JALAN DATUK UMAR PELANGKI NO. 8 TANAH MERAH
10210794,SMAS AL WASHLIYAH PASAR SENEN,7883282,smapasarsenenmedan@gmai.com,B,65,8,PERKUMPULAN AL JAMI'ATUL WASHLIYAH,KOTA MEDAN,KEC. MEDAN MAIMUN,JL.PASAR SENEN NO.7
10204250,SMAS TAMAN SISWA KISARAN,,tamansiswa123@ymail.com,A,94,11,PERSATUAN PERGURUAN  TAMANSISWA CABANG KISARAN,KAB. ASAHAN,KEC. KISARAN BARAT,JL. HOS COKROAMINOTO NO. 341 KISARAN
10227082,SMA SWASTA SANTO YOSEPH MEDAN,8364577,sma_st_yoseph_mdn@yahoo.co.id,A,365,31,YAYASAN PERGURUAN KATOLIK DON BOSCO KEUSKUPAN AGUNG MEDAN,KOTA MEDAN,KEC. MEDAN TUNTUNGAN,JL.FLAMBOYAN RAYA NO.139
69948419,SMA SWASTA SABAS SIGATA,,smassabassigata@gmail.com,C,37,10,SABAS,KAB. NIAS SELATAN,KEC. PULAU-PULAU BATU BARAT,SIGESE
10263531,SMA SWASTA ANASTASIA,06180047398,kristina.laia96@gmail.com,B,81,11,ANASTASIA,KAB. DELI SERDANG,KEC. PANCUR BATU,"JL. JAMIN GINTING, KM. 14, SIMP. GARDU, DUSUN V, NAMO BINTANG, PANCUR BATU, DEL"
69888712,SMAS HOSANA,0616612542,smahosana14@gmail.com,B,98,12,YAYASAN PERGURUAN KRISTEN HOSANA,KOTA MEDAN,KEC. MEDAN DELI,JALAN METAL NO. 7
69947387,SMA SWASTA CINTA KASIH MEDAN,,smacintakasih@yahoo.com,B,28,3,YAYASAN PERGURUAN KRISTEN CINTA KASIH,KOTA MEDAN,KEC. MEDAN TEMBUNG,JL. SAMA NO. 20 MEDAN
70015762,SMA SWASTA IT MTTQ,082160068687,smasit.mttq@gmail.com,C,64,8,PERKUMPULAN MAJELIS TA'LIM TILAWAH QUR'AN (MTTQ),KAB. DELI SERDANG,KEC. KUTAIIMBARU,JL. GLUGUR RIMBUN
10214164,SMAS GALIH AGUNG KUTALIMBARU,,datasmagalihagung@gmail.com,A,400,27,YAYASAN PESANTREN DARULARAFAH,KAB. DELI SERDANG,KEC. KUTAIIMBARU,JL. BERDIKARI DS. LAU BEKERI
69888490,SMA SWASTA AL - FATTAH,081263488367,smaswasta.alfattah@yahoo.co.id,B,46,6,YAYASAN PENDIDIKAN ISLAM AL FATTAH DELI SERDANG,KAB. DELI SERDANG,KEC. HAMPARAN PERAK,JL. DESA LAMA DUSUN II
10212099,SMAS MUHAMMADIYAH 15 SIBOLGA,,smamuhsibolga@gmail.com,B,53,11,PIMPINAN WILAYAH MUHAMMADIYAH (PWM) PROV. SUMATERA UTARA,KOTA SIBOLGA,KEC. SIBOLGA SELATAN,JL D E S BUNGARAN PANGGABEAN  NO 24 A SIBOLGA
70057184,SMA  SWASTA ISLAM TERPADU BIDZRATUL ILMI,,,,36,15,YAYASAN DOKTOR ASYURA FAVORIT,KOTA TANJUNG BALAI,KEC. DATUK BANDAR,JLN. JAMIN GINTING LK. III KEL. SIRANTAU KEC. DATUK BANDAR KOTA TANJUNG BALAI
10211307,SMAS TUNAS PELITA BINJAI,06180044054,smatunaspelita@gmail.com,B,186,22,YAYASAN PENDIDIKAN TUNAS PELITA,KOTA BINJAI,KEC. BINJAI UTARA,JL. PERINTIS KEMERDEKAAN NO. 166
69954868,SMA SWASTA NAMIRA,0618217859,smanamira2017@gmail.com,A,248,16,YAYASAN FAJAR DIINUL ISLAM,KOTA MEDAN,KEC. MEDAN SELAYANG,JL. SETIA BUDI PASAR I NO. 76
10209388,SMA SWASTA DHARMA UTAMA,,smadharmautama@yahoo.co.id,B,151,11,YAYASAN PENDIDIKAN DAHRMA UTAMA,KAB. SERDANG BEDAGAI,KEC. PEGAJAHAN,JL. SUKA MAJU NO.1 SUKASARI
69886177,SMAS PERTIWI,06180089558,smaspertiwimedan@gmail.com,A,135,13,YAYASAN PERGURUAN PERTIWI KOTA MEDAN,KOTA MEDAN,KEC. MEDAN BARAT,JALAN BUDI PERSATUAN/ BUDI KEMAKMURAN NO. 33/38
10210900,SMAS MARKUS MEDAN,8459970,markusmedan226@gmail.com,A,282,12,YAYASAN PERGURUAN MARKUS,KOTA MEDAN,KEC. MEDAN HELVETIA,JL. KAPTEN MUSLIM NO. 226
10259081,SMAS KATOLIK ST IGNATIUS,06180440297,yayasansma.ignatius@yahoo.com,C,38,10,YAYASAN KATOLIK SANTO IGNATIUS CINTA DAMAI - MEDAN,KOTA MEDAN,KEC. MEDAN HELVETIA,"JL.BINJAI KM 8,5 PSR V GG. MAKMUR"
10210936,SMA SWASTA AL AZHAR PLUS MEDAN,0618367946,smapluscibi.alaz2004@gmail.com,A,249,24,YAYASAN HAJJAH RACHMAH NASUTION,KOTA MEDAN,KEC. MEDAN JOHOR,JL.PINTU AIR IV NO.214 PADANG BULAN
10260094,SMA SWASTA ADVENT NIAS,081362120111,smaadventnias@gmail.com,B,495,34,YAYASAN PENDIDIKAN GEREJA MASEHI ADVENT HARI KETUJUH DSKT,KAB. NIAS,KEC. IDANOGAWO,JL. LINTAS TELUK DALAM KM. 41
10220915,SMAS PERSIAPAN 2 PD TUALANG,081375079851,smaswastapersiapan2pdtualang@gmail.com,B,64,13,YAYASAN HAJI KASUN PERSADA,KAB. LANGKAT,KEC. PADANG TUALANG,JL. TITI BESI TEBING TJ. SELAMET
10210416,SMA SWASTA AL WASHLIYAH 3 MEDAN,7868487,smaalwashliyah3@ymail.com,A,180,16,PERKUMPULAN AL JAMI'ATUL WASHLIYAH,KOTA MEDAN,KEC. MEDAN AMPLAS,JL. GARU II NO. 2 MEDAN
10220228,SMAS HARAPAN PAYA BAKUNG,06142088716,smasharapanpb@gmail.com,B,262,10,YAYASAN PERGURUAN HARAPAN ANUGRAH  PAYA BAKUNG,KAB. DELI SERDANG,KEC. HAMPARAN PERAK,JL. PELAJAR
69939076,SMA SWASTA BINTANG LANGKAT,081362418711,smabintanglangkat@gmail.com,B,93,9,VIVINA HUDA,KAB. LANGKAT,KEC. STABAT,JL.STABAT-SECANGGANG
10210756,SMAS JENDERAL SUDIRMAN,0617366238,ypjs_smajensud@yahoo.com,B,102,9,PERGURUAN JENDERAL SUDIRMAN,KOTA MEDAN,KEC. MEDAN DENAI,JL. SELAM I NO. 52
10258027,SMAS HARAPAN BATANG SERANGAN,,smasharapanbandarpulo@gmail.com,B,76,12,YAYASAN PENDIDIKAN IR.H.MAULANA,KAB. LANGKAT,KEC. BATANG SERANGAN,JL.KWALA SAWIT DUSUN BANDAR PULO BATANG SERANGAN
10210798,SMAS ANGKASA 1 LANUD SOEWONDO,0614514619,k1.swdsma@gmail.com,A,153,21,YAYASAN ARDHYA GARINI CABANG LANUD SOEWONDO,KOTA MEDAN,KEC. MEDAN POLONIA,JL. POLONIA UJUNG NO.99
10204232,SMAS DAERAH AIR BATU,,smadaerahairbatu@gmail.com,B,140,14,YAYASAN PERGURUAN SMA DAERAH AIR BATU,KAB. ASAHAN,KEC. AIR BATU,JL. PENDIDIKAN DESA SEI ALIM ULU DUSUN I
69978772,SMA SWASTA IT ALKAFFAH,081361103788,smakaffahbinjai@gmail.com,B,96,13,YAYASAN WAKAF AL KAFFAH BINJAI,KOTA BINJAI,KEC. BINJAI SELATAN,JL. JAMIN GINTING NO. 131
10220931,SMA SWASTA BUDI MURNI 3,081376987201,smabudimurni3@yahoo.com,A,217,19,YAYASAN PERGURUAN KATOLIK DON BOSCO KEUSKUPAN AGUNG MEDAN,KOTA MEDAN,KEC. MEDAN TEMBUNG,JL. TERATAI NO. 21 A
70003056,SMA SWASTA ISLAM PLUS ADZKIA,0614561280,smaislaplusadzkia@gmail.com,A,443,37,YAYASAN ADZKIA INTERNASIONAL,KOTA MEDAN,KEC. MEDAN BARU,JL. KANGKUNG NO. 24
10204255,SMA SWASTA NASIONAL PETATAL,06233446444,smasnas.petatal@yahoo.co.id,B,325,23,YAYASAN PERGURUAN NASIONAL,KAB. BATU BARA,KEC. DATUK TANAH DATAR,JL. SIMPANG TELUK BAYUR
10214144,SMA SWASTA NUSANTARA LUBUK PAKAM,06142075126,smanusantaralp@yahoo.com,A,572,39,PERGURUAN NUSANTARA LUBUKPAKAM,KAB. DELI SERDANG,KEC. LUBUK PAKAM,JL. TENGKU RAJA MUDA NO. 1
10257660,SMA SWASTA METHODIST 5 MEDAN,0616616635,sma.methodist5@gmail.com,B,265,16,PENDIDIKAN GMI JEMAAT GLORIA,KOTA MEDAN,KEC. MEDAN BARAT,JL. KARYA RAKYAT NO. 67
10259259,SMAS LINGGA TEMBA,082190365890,yayasanperguruanlingga@yahoo.co.id,C,51,14,YAYASAN PERGURUAN LINGGA,KAB. DAIRI,KEC. PEGAGAN HILIR,JL. TEMBA DESA ONAN LAMA
10203516,SMAS BUKIT CAHAYA SUMBUL,,bukitcahaya25@yahoo.co.id,B,86,2,YAYASAN PENDIDIKAN BUKIT CAHAYA,KAB. DAIRI,KEC. SUMBUL,JL. TIGA BARU NO. 48 SUMBUL
10210830,SMAS WIDIASANA UTAMA,0617325113,smaswastawidyasanautama@gmail.com,C,13,16,YAYASAN PENDIDIKAN &SOSIAL PEMBANGUNAN PERGURUAN WIDYASANA UTAMA MEDAN,KOTA MEDAN,KEC. MEDAN KOTA,JL. YOSERIZAL NO. 3 A MEDAN
70052595,SMA SWASTA HIKMATUL FADHILLAH,,,B,14,2,YAYASAN PENDIDIKAN ISLAM HIKMATUL FADHILLAH,KOTA MEDAN,KEC. MEDAN DENAI,JL. JERMAL VII GG. MURNI XII
70053394,SMA SWASTA DIAN ILMU NUSANTARA,085276507066,smadianilmunusantara@gmail.com,,7,8,YAYASAN PENDIDIKAN DIAN ILMU NUSANTARA,KAB. NIAS BARAT,KEC. MORO O,JL. HILIADULO
70003196,SMA SWASTA PENGHARAPAN,082160301444,smapengharapanmedan@gmail.com,B,48,6,LEMBAGA PENDIDIKAN INDONESIA-JERMAN,KOTA MEDAN,KEC. MEDAN AREA,JL. BROMO LORONG SOSIAL NO. 35
10210710,SMA SWASTA FREE METHODIST MEDAN,081376621986,smafreemethodist@gmail.com,B,509,24,YAYASAN PENDIDIKAN  FREE METHODIST INDONESIA,KOTA MEDAN,KEC. MEDAN HELVETIA,JL. BERINGIN RAYA 152 -E HELVETIA MEDAN
10210707,SMA SWASTA EKA PRASETYA MEDAN,082367070774,eka.prasetya99@yahoo.com,A,105,10,YAYASAN PERGURUAN EKA PRASETYA,KOTA MEDAN,KEC. MEDAN HELVETIA,JL. ASRAMA/EKA PRASETYA NO.1
10205417,SMAS BHAYANGKARI 2 RANTAUPRAPAT,062422093,smabhayangkari2rantauprapat@gmail.com,A,279,22,YAYASAN KEMALA BHAYANGKARI,KAB. LABUHANBATU,KEC. RANTAU UTARA,JL. T. CIK DI TIRO
10202005,SMA SWASTA SANTA MARIA KABANJAHE,06289832152,smasantamariakabanjahe@yahoo.co.id,A,945,43,YAYASAN SETIA MEDAN,KAB. KARO,KEC. KABANJAHE,JL. JAMIN GINTING GANG GARUDA NO. 100 KABANJAHE
10211535,SMA SWASTA KATOLIK CINTA KASIH,062122854,smaskck05@gmail.com,A,426,26,YAYASAN PERGURUAN KATOLIK DON BOSCO KEUSKUPAN AGUNG MEDAN,KOTA TEBING TINGGI,KEC. TEBING TINGGI KOTA,JL. PUSARA PEJUANG NO. 5
69831535,SMA SWASTA BINA ARTHA,085237968510,sma_binaartha@yahoo.co.id,A,298,14,YAYASAN PENDIDIKAN BINA ARTHA WACANA,KAB. PADANG LAWAS UTARA,KEC. SIMANGAMBAT,"DESA UJUNG GADING JAE, KEC. SIMANGAMBAT"
70046396,SMA PLUS TARUNA SATYA,082274306667,smaplustarsa@gmail.com,,121,12,YAYASAN TARUNA TEKNO ARIFAH,KAB. DELI SERDANG,KEC. NAMO RAMBE,JL. PEMBANGUNAN
10220517,SMAS SW EKA SATRIA,081262265512,smaswastaekasatria@gmail.com,B,81,7,,KAB. TAPANULI TENGAH,KEC. SARUDIK,JL. AKS. TUBUN SERUDIK
69762757,SMAS YAPIM TARUNA PANDAN,0631372375,yapim_pandan@yahoo.com,B,47,14,YAYASAN PERGURUAN INDONESIA MEMBANGUN TARUNA,KAB. TAPANULI TENGAH,KEC. PANDAN,JL. AHMAD YANI PANDAN
69964128,SMA SWASTA BAITUL AZIZ,085288955354,smabaitulaziz354@gmail.com,B,152,12,YP.BAITUL AZIZ,KAB. DELI SERDANG,KEC. PERCUT SEI TUAN,JL. PUSAKA/ MUARA KOLAM NO.313
10258340,SMA SWASTA PEMBDA 1 GUNUNGSITOLI,081375984955,smaswastapembda1@gmail.com,A,753,28,PERGURUAN PEMBDA NIAS,KOTA GUNUNGSITOLI,KEC. GUNUNGSITOLI,JL.PELITA NO.9 GUNUNGSITOLI
10257280,SMAS SWAKARYA SALAPIAN,06189320004,smaswakaryaslpsalapian@gmail.com,A,126,16,YAYAYASAN PERGURUAN SWAKARYA SALAPIAN,KAB. LANGKAT,KEC. SALAPIAN,JL. MERDEKA NO. 06 TANJUNG LANGKAT
10205416,SMAS DI PANJAITAN TANJUNG LEIDONG,,yayasandipanjaitan@yahoo.com,B,174,10,YAYASAN PENDIDIKAN DONALD ISAAC PANJAITAN,KAB. LABUHANBATU UTARA,KEC. KUALUH LEIDONG,JL. MESJID NO. 22 TANJUNG LEIDONG
10210805,SMA SWASTA  AL- HIDAYAH MEDAN,06173360972,smaalhidayahmedan23@gmail.com,B,184,17,YAYASAN PERGURUAN AL-HIDAYAH,KOTA MEDAN,KEC. MEDAN TEMBUNG,JL. LETDA SUJONO GG. PERGURUAN NO.4
69980023,SMA SWASTA TELADAN TANAH JAWA,082365163330,smateladan.tanahjawa@gmail.com,A,219,12,YAYASAN PENDIDIKAN TELADAN TANAH JAWA,KAB. SIMALUNGUN,KEC. TANAH JAWA,JL. SISINGAMANGARAJA NAGORI BALIMBINGAN KEC. TANAH JAWA KAB. SIMALUNGUN
69862405,SMA SWASTA DWI TUNGGAL,7945530,tunggaldwi837@ymail.com,B,127,12,PERGURUAN DWITUNGGAL,KAB. DELI SERDANG,KEC. TANJUNG MORAWA,"JL. MEDAN-TANJUNG MORAWA KM 14,5"
10212098,SMA KATOLIK SIBOLGA,063125601,sibolgasmakatolik@gmail.com,A,495,31,YAYASAN SANTA MARIA BERBELASKASIH,KOTA SIBOLGA,KEC. SIBOLGA KOTA,JL. BRIGJEN KATAMSO NO. 19 SIBOLGA
10260916,SMA SWASTA MUHAMMADIYAH 17,082213291591,smas.muhammadiyah.17.tg.tiram@gmail.com,B,217,13,PIMPINAN WILAYAH MUHAMMADIYAH (PWM) PROV. SUMATERA UTARA,KAB. BATU BARA,KEC. TANJUNG TIRAM,JL. MERDEKA NO. 70A
10210887,SMA SWASTA NURANI BELAWAN,06188810343,smanurani15@gmail.com,B,102,16,YAYASAN PERGURUAN NURANI BELAWAN,KOTA MEDAN,KEC. MEDAN KOTA BELAWAN,JL. KAKAP 2 BELAWAN
10214109,SMA SWASTA BINA SISWA,082164321110,smaswastabinasiswalaudendang@gmail.com,C,102,11,PERGURUAN BINA SISWA,KAB. DELI SERDANG,KEC. PERCUT SEI TUAN,JL. PERHUBUNGAN NO. 42
10262109,SMAS KESUMA BANGSA LONDUT,085362617600,patarl@ymail.com,B,610,36,PERGURUAN PUJA KESUMA LONDUT,KAB. LABUHANBATU UTARA,KEC. KUALUH HULU,DESA LONDUT
10210879,SMA SWASTA SANTO THOMAS 3 MEDAN,8455860,sma.st3donbosco@yahoo.co.id,A,371,25,YAYASAN PERGURUAN KATOLIK DON BOSCO KEUSKUPAN AGUNG MEDAN,KOTA MEDAN,KEC. MEDAN HELVETIA,JL. GATOT SUBROTO GG. BANTENG NO. 7
70052011,SMA SWASTA DEWANI AKBAR SERDANG BEDAGAI,,,,43,10,YAYASAN BAKTI UNTUK NEGERI DAN AGAMA,KAB. SERDANG BEDAGAI,KEC. TEBING TINGGI,JL. BESAR DUSUN XV
10210893,SMA SWASTA PADAMU NEGERI,0617862206,smapadamunegerimedan@gmail.com,B,89,2,YAYASAN PENDIDIKAN GAJAH MADA MEDAN TENGGARA,KOTA MEDAN,KEC. MEDAN DENAI,MEDAN TENGGARA VII NO.125 MEDAN
10210734,SMAS KATOLIK MARIANA,,smakatolikmarianamedan2013@gmail.com,B,80,14,YAYASAN PENDIDIKAN KATOLIK MARIANA MEDAN,KOTA MEDAN,KEC. MEDAN HELVETIA,JL.KAPT. MUSLIM NO. 112
10208952,SMAS ST PETRUS URAT,081370101722,ssantupetrus@yahoo.co.id,B,70,10,YAYASAN PENDIDIKAN SANTU PETRUS URAT,KAB. SAMOSIR,KEC. PALIPI,URAT TIMUR
10257308,SMA SWASTA  DHARMA PATRA SEI LEPAN,323600,smaswastadharmapatra@gmail.com,A,552,39,YAYASAN PENDIDIKAN DHARMA PATRA P. BERANDAN,KAB. LANGKAT,KEC. SEI LEPAN,JL. BALIK PAPAN  KOMP. PURAKA-I P. BRANDAN
10205375,SMAS MUHAMMADIYAH 10 RANTAUPRAPAT,,smamuhammadiyah10rantauprapat@gmail.com,A,114,11,PIMPINAN WILAYAH MUHAMMADIYAH (PWM) PROV. SUMATERA UTARA,KAB. LABUHANBATU,KEC. RANTAU UTARA,JL. KHA. DAHLAN NO. 94 RANTAUPRAPAT
10220215,SMAS METHODIST PANCUR BATU,8369303,methodist_pancurbatu@yahoo.com,B,277,21,YAYASAN PENDIDIKAN GEREJA METHODIST INDONESIA  ANTIOKHIA PANCURBATU,KAB. DELI SERDANG,KEC. PANCUR BATU,JL. JAMIN GINTING NO 36
10211310,SMAS SETIA BUDI,081396149332,smasetiabudi83@gmail.com,B,166,16,YAYASAN PENDIDIKAN SETIA BUDI BINJAI,KOTA BINJAI,KEC. BINJAI UTARA,JL. PERINTIS KEMERDEKAAN NO. 111 A
10211304,SMAS MELATI,081397664150,smaswastamelati@gmail.com,B,77,10,YAYASAN PERGURUAN MELATI,KOTA BINJAI,KEC. BINJAI UTARA,JL. MT. HARYONO. 314
10259859,SMA SWASTA BERDIKARI,06222156,yp.berdikari@yahoo.com,B,26,2,SMP SWASTA PANCA BUDI PERDAGANGAN,KAB. SIMALUNGUN,KEC. BANDAR,JL. KUALA TANJUNG
10214168,SMAS KARYA SEDAR SIBIRU-BIRU,08126312137,smu.karyasedar@yahoo.co.id,C,28,9,KARYA SEDAR,KAB. DELI SERDANG,KEC. SIBIRU-BIRU,JL BESAR DELI TUA
10258267,SMA SWASTA MITROS,081260014122,smas_mitros@yahoo.co.id,B,68,19,YAYASAN MITRA ORAHUA SUSUA (MITROS),KAB. NIAS SELATAN,KEC. SUSUA,DESA HILIADULOSOI
10200446,SMA SWASTA PRIMA,085261832921,smaswastaprima@yahoo.com,B,296,19,YAYASAN REIS CENDIKIA,KAB. DELI SERDANG,KEC. PERCUT SEI TUAN,JL. PRIMA PSR. VII
69969094,SMA SWASTA AMANAH TAHFIDZ,081397727705,info@amanahtahfiz.sch.id,A,38,12,YAYASAN PENDIDIKAN DAN SOSIAL HELVETIA,KAB. DELI SERDANG,KEC. SUNGGAL,JL. PELITA SEI MENCIRIM DUSUN VII
10220225,SMAS YAPIM BIRU-BIRU,082117735170,smayapimbirubiruyapim@yahoo.co.id,A,422,34,YAYASAN PERGURUAN INDONESIA MEMBANGUN TARUNA,KAB. DELI SERDANG,KEC. SIBIRU-BIRU,JL. BIRU-BIRU
10210931,SMA SWASTA PANCA BUDI MEDAN,08116300044,sma@pancabudi.sch.id,A,675,35,PROF.DR.H.KADIRUN YAHYA,KOTA MEDAN,KEC. MEDAN SUNGGAL,"JL. JEND. GATOT SUBROTO KM. 4,5"
10210711,SMA SWASTA GAJAH MADA MEDAN,8226423,smaswastagajahmadapbulan@yahoo.co.id,A,138,14,YAYASAN HAJI YAHYA SUMARDI PERGURUAN GAJAH MADA MANDIRI,KOTA MEDAN,KEC. MEDAN SELAYANG,JL. BUNGA KENANGA NO.2
10214160,SMA SWASTA RK DELI MURNI DISKI,081396027004,smarkdiski@yahoo.com,A,203,14,YAYASAN PERGURUAN KATOLIK DON BOSCO KEUSKUPAN AGUNG MEDAN,KAB. DELI SERDANG,KEC. SUNGGAL,"JL. BINJAI KM. 14,5 DISKI"
10210752,SMAS IRA MEDAN,0617365244,smairamedan@gmail.com,C,86,9,YAYASAN PERGURUAN IRA MEDAN,KOTA MEDAN,KEC. MEDAN TEMBUNG,JL. PERTIWI NO. 111/ 53 B MEDAN
10259295,SMAS DOREMA,085372401511,smadorema63@gmail.com,B,16,3,YAYASAN DOREMA,KOTA MEDAN,KEC. MEDAN SUNGGAL,"JL.BINJAI KM 7,5 / JL.PUSKESMAS NO.10 B"
10258335,SMAS PERMATA KASIH,081397561946,smapermata310@yahoo.com,B,97,18,YAYASAN SWASTA ANUGRAH PERMATA KASIH,KAB. NIAS UTARA,KEC. SITOLU ORI,DESA BOTOMBAWO
10210866,SMAS MEDAN PUTRI,4517239,smasmedanputri75@gmail.com,B,19,3,YP. MEDAN PUTRI,KOTA MEDAN,KEC. MEDAN TIMUR,JL. TIMOR UJUNG NO.5 MEDAN
69992945,SMA SWASTA AL AMJAD,,perguruanalamjad@gmail.com,A,195,19,YAYASAN HAJI HASBALLAH YUNUS,KOTA MEDAN,KEC. MEDAN SUNGGAL,JL. MERPATI NO. 81
10210928,SMA SWASTA PENCAWAN MEDAN,8363786,sma_pencawanmedan@yahoo.co.id,A,287,23,PENDIDIKAN NASIONAL MASTY PENCAWAN,KOTA MEDAN,KEC. MEDAN TUNTUNGAN,JL. BUNGA NCOLE NO. 50
10257750,SMA SWASTA GELORA PANCASILA,,sma.gelorapancasila@gmail.com,B,125,11,YAYASAN GELORA PANCASILA PEGAJAHAN,KAB. SERDANG BEDAGAI,KEC. PEGAJAHAN,JL. DUSUN HARAPAN I
10212525,SMA SWASTA KARYA BAKTI SELESAI,,smaswastakaryabakti@gmail.com,B,113,7,YAYASAN PERGURUAN KARYA BAKTI,KAB. LANGKAT,KEC. SELESAI,JL. BINJAI - KUALA  KM. 13 PASAR I PADANG CERMIN
70055028,SMA SWASTA ELTAHFIDZQU,,,,56,13,YAYASAN PENDIDIKAN RUMAH QURAN ELTAHFIDZQU,KAB. BATU BARA,KEC. NIBUNG HANGUS,DUSUN I DAMAR GETAH
10210896,SMA SWASTA MULIA MEDAN,8217095,sma_mulia@yahoo.com,B,74,13,MUSLIM LEWAT ILMU DAN AKHLAK,KOTA MEDAN,KEC. MEDAN SELAYANG,JL. KENANGA SARI NO. 33
10219101,SMAS YPI DELI DELI TUA,7031562,smaypi.delitua0814@gmail.com,B,78,11,YAYASAN PENDIDIKAN ISLAM DELITUA,KAB. DELI SERDANG,KEC. DELI TUA,"JL. MEDAN - DELITUA, GANG SURYO KM 10,8"
10210802,SMA SWASTA BINA BERSAUDARA,7861588,smabinabersaudara43@gmail.com,B,254,18,PENDIDIKAN BINA BERSAUDARA,KOTA MEDAN,KEC. MEDAN JOHOR,"JL. B. KATAMSO, T.KUNING NO. 43"
70052134,SMA SWASTA IT SETIA NURUL AZMI,,,,60,4,YAYASAN PERGURUAN SETIA NURUL AZMI,KOTA MEDAN,KEC. MEDAN DELI,JL. PANCING PS 4 LK. V
10202004,SMA SWASTA METHODIST BERASTAGI,,sma_pkmi@yahoo.co.id,A,388,22,YAYASAN METHODIST RAHMANI INDONESIA,KAB. KARO,KEC. BERASTAGI,JL. VETERAN NO.44 BERASTAGI
10263528,SMA SWASTA CINTA BUDAYA / CHONG WEN,0617359222,cintabudaya_chongwhen@yahoo.co.id,A,1226,48,YAYASAN PENDIDIKAN CINTA BUDAYA,KAB. DELI SERDANG,KEC. PERCUT SEI TUAN,"JL. WILLIEM ISKANDAR / PANCING, KOMPLEKS MMTC NO. 1 BLOK CINTA BUDAYA"
70005528,SMA SWASTA PLUS DARUL ILMI,082298233361,darulilmibatubara@gmail.com,C,157,14,YAYASAN PENDIDIKAN DARUL ILMI,KAB. BATU BARA,KEC. LIMA PULUH PESISIR,JL. PEMATANG PANAI
10219133,SMAS KARYA UTAMA MARINDAL,085297245871,karyautamasmpsma@yahoo.co.id,B,32,12,YAYASAN PERGURUAN KARYA UTAMA,KAB. DELI SERDANG,KEC. PATUMBAK,JL. PENDIDIKAN NO. 23 MARINDAL
10220226,SMA SWASTA YAPIM NAMORAMBE,081361136489,smasyapimnamorambe@gmail.com,A,151,14,YAYASAN PERGURUAN INDONESIA MEMBANGUN (YAPIM) TARUNA,KAB. DELI SERDANG,KEC. NAMO RAMBE,JL. BESAR NAMO RAMBE
10258913,SMA SWASTA DHARMAWANGSA MEDAN,6630426,smasdharmawangsa045@gmail.com,A,905,65,YAYASAN PENDIDIKAN DHARMAWANGSA,KOTA MEDAN,KEC. MEDAN BARAT,JL.K.L. YOS SUDARSO NO. 224
10210718,SMA SWASTA BUDI AGUNG MEDAN,,smabudiagung@gmail.com,A,707,47,YAYASAN PERGURUAN BUDI AGUNG,KOTA MEDAN,KEC. MEDAN MARELAN,JL. PLATINA RAYA NO. 7A MEDAN
10201327,SMAS MULIA SECURAI,,smasmulia25@gmail.com,B,88,13,YAYASAN PENDIDIKAN MULIA SECURAI,KAB. LANGKAT,KEC. BABALAN,JL. MEDAN - PK. BRANDAN KM. 77
10210747,SMA SWASTA HARAPAN MANDIRI,0617882388,smaharapan_mandiri@yahoo.co.id,A,752,36,PERGURUAN HARAPAN MANDIRI,KOTA MEDAN,KEC. MEDAN JOHOR,JL. BRIGJEND ZEIN HAMID NO.40 MEDAN
10212557,SMAS PERGURUAN RAKYAT,,smaperak@yahoo.co.id,C,91,18,PERGURUAN RAKYAT,KOTA PADANG SIDEMPUAN,KEC. PADANG SIDIMPUAN SELATAN,JL. PENDIDIKAN NO. 20
10210869,SMAS MARISI MEDAN,0618451885,smaswasta.m@yahoo.com,A,168,22,YAYASAN PENDIDIKAN NASIONAL MARISI,KOTA MEDAN,KEC. MEDAN HELVETIA,JL. GURU SINUMBA NO. 2
10261485,SMAS DEWANTARA PUTRA,,smadewantaraputra@gmail.com,B,100,11,YAYASAN PENDIDIKAN DEWANTARA PUTRA,KAB. LANGKAT,KEC. SERAPIT,JL. LETJEND JAMIN GINTING DUSUN I SEBERTUNG
10204247,SMAS TRIYADIKA YASA,,sma_triyadikayasa@yahoo.co.id,B,91,6,YAYASAN PERGURUAN TRIYADIKAYASA,KAB. ASAHAN,KEC. AEK SONGSONGAN,PERK. BANDAR SELAMAT
69877345,SMA SWASTA HOYA SEJAHTERA,082272673737,smashoyasejahtera14@gmail.com,B,121,15,YAYASAN HOYA SEJAHTERA,KAB. NIAS SELATAN,KEC. SOMAMBAWA,HOYA
10259908,SMA SWASTA TAMAN SISWA TAPIAN DOLOK,7439262,tamansiswa_tapdlk@yahoo.com.au,A,415,18,PERSATUAN PERGURUAN TAMANSISWA CABANG DOLOK ULU,KAB. SIMALUNGUN,KEC. TAPIAN DOLOK,JL. MEDAN KM 10 SINAKSAK
70025683,SMA SWASTA WELLINGTON INTELEKTUAL,0616625609,seniorhigh.wellington@gmail.com,A,318,18,PENDIDIKAN PELITA INTELEKTUAL,KAB. DELI SERDANG,KEC. PERCUT SEI TUAN,JL. CEMARA BOULEVARD BLOK C7 NO.174-182
10210837,SMA SWASTA UTAMA MEDAN,0616617811,karsautama80@gmail.com,B,177,13,YAYASAN KARSA UTAMA SEJAHTERA,KOTA MEDAN,KEC. MEDAN TEMBUNG,JL. SULUH NO. 80 A MEDAN
70040279,SMA ISLAM ARROZAQ RANTAUPRAPAT,085277143630,smaislamarrozaqrantauprapat@gmail.com,A,93,14,ARROZAQ,KAB. LABUHANBATU,KEC. RANTAU SELATAN,JL. AL NAPIAH
10201365,SMAS DARMA BHAKTI,08126324453,smaswastadharmabakti@gmail.com,B,57,7,YAYASAN PENDIDIKAN DHARMA BAKTI BESITANG,KAB. LANGKAT,KEC. BESITANG,JL. MEDAN - BANDA ACEH KM 97 BUKIT KUBU
10260490,SMAS SRI LANGKAT,081396047548,smasrilangkat.sma@gmail.com,A,329,19,YAYASAN PENDIDIKAN SERI LANGKAT,KAB. LANGKAT,KEC. TANJUNG PURA,JL. MERDEKA NO.10
69947201,SMA SWASTA HARAPAN SUSUA,081362091502,faatulol@gmail.com,C,25,9,HARAPAN SUSUA,KAB. NIAS SELATAN,KEC. ULUSUSUA,DESA FOIKHU FONDRAKO
69992310,SMA SWASTA IT PERMATA HATI,,ph.islamicschool@gmail.com,B,127,16,YAYASAN PEDIDIKAN ISLAM TERPADU PERMATA HATI BANGSA,KOTA TEBING TINGGI,KEC. RAMBUTAN,JL. GUNUNG MARTIMBANG
69948504,SMA SWASTA KINGSTON SCHOOL,0618458555,kingstonschoolmedan@gmail.com,A,59,8,YAYASAN PENDIDIKAN LATIHAN KESENIAN WULAN,KAB. DELI SERDANG,KEC. SUNGGAL,JL. KAPTEN SUMARSONO KOMP. GRAHA METROPOLITAN BLOK E NO. 25/26
10210751,SMAS INDONESIA MEMBANGUN,7864701,yapimtarmen59@yahoo.com,A,188,24,YAYASAN PERGURUAN INDONESIA MEMBANGUN TARUNA,KOTA MEDAN,KEC. MEDAN KOTA,JL. AIR BERSIH NO. 59
10210819,SMA SWASTA AL WASHLIYAH 1 MEDAN,7865845,sma_alwashliyah1medan@yahoo.co.id,B,149,14,MP. AL WASHLIYAH,KOTA MEDAN,KEC. MEDAN AMPLAS,"JL. SISINGAMANGARAJA KM. 5,5"
69947108,SMA SWASTA SANTHONI OXFORD,082369306268,santhonioxford125@gmail.com,C,79,9,YAYASAN PENDIDIKAN MEMORIAL SANTHONI OXFORD,KAB. NIAS SELATAN,KEC. MANIAMOLO,DESA BAWOSAODANO
10259084,SMA SWASTA SANTU XAVERIUS GUNUNGSITOLI,323010,smasxaverius.gusit@gmail.com,A,469,26,YAYASAN BUDI BAKTI KEUSKUPAN SIBOLGA,KOTA GUNUNGSITOLI,KEC. GUNUNGSITOLI,JL.NILAM NO.7 GUNUNGSITOLI
10214174,SMA SWASTA METHODIST TANJUNG MORAWA,7940386,sma@methodist-tamora.org,A,320,20,YAYASAN METHODIST KASIH IMANUEL INDONESIA,KAB. DELI SERDANG,KEC. TANJUNG MORAWA,JL. IRIAN NO.239
10214142,SMA SWASTA NURUL AMALIYAH,7946145,smanurulamaliyah57@gmail.com,A,313,22,YAYASAN PENDIDIKAN NURUL AMALIYAH DESA DAGANG KERAWAN,KAB. DELI SERDANG,KEC. TANJUNG MORAWA,JL. SEI MERAH
70005982,SMA SWASTA PLUS TARUNA AKTERLIS MEDAN,082165283355,smaplustamdapodik@gmail.com,A,573,30,YAYASAN PERGURUAN ISLAM AL-FADHLI,KOTA MEDAN,KEC. MEDAN JOHOR,JL. EKA BAKTI NO. 86 LINGKUNGAN IV
70039260,SMA SWASTA ISLAM PLUS AL FATIH,,,A,510,30,YAYASAN PENDIDIKAN ISLAM DAN DAKWAH AL FATIH,KOTA MEDAN,KEC. MEDAN MARELAN,JL. MARELAN II PSR IV TIMUR LINK 27
10219061,SMA SWASTA PERKUMPULAN AMAL BAKTI (PAB) 5 KLUMPANG,08126523520,smapab5_kl82@yahoo.co.id,A,472,25,PERKUMPULAN AMAL BAKTI  SUMATERA UTARA,KAB. DELI SERDANG,KEC. HAMPARAN PERAK,JL. BESAR KLUMPANG
70028151,SMA SWASTA ADVENT BILINGUAL,,,A,49,10,YAYASAN PENDIDIKAN GEREJA MASEHI ADVENT HARI KETUJUH SUMBUL,KAB. KARO,KEC. KABANJAHE,JL. JAMIN GINTING NO. 7-A
10219919,SMA  SWASTA HARAPAN 3,7876152,smaharapan3@yahoo.com,A,409,26,YAYASAN PENDIDIKAN HARAPAN,KAB. DELI SERDANG,KEC. DELI TUA,JL. KARYA WISATA UJUNG NO.31
10200436,SMAS CERDAS BANGSA,085262129820,sma.cerdasbangsa@gmail.com,A,184,21,YAYASAN PENDIDIKAN CERDAS BANGSA,KAB. DELI SERDANG,KEC. NAMO RAMBE,PASAR IV  NO. 30
10205376,SMA MUHAMMADIYAH 9 KUALUH HULU,062492715,smamuhammadiyah9@ymail.com,A,876,39,PIMPINAN WILAYAH MUHAMMADIYAH (PWM) PROV. SUMATERA UTARA,KAB. LABUHANBATU UTARA,KEC. KUALUH HULU,JL. GAZALI SINAGA NO.3
10258026,SMAS MUHAMMADIAH 19,085262992514,smamuhammadiyah.19stabat@gmail.com,C,36,11,PIMPINAN WILAYAH MUHAMMADIYAH (PWM) PROV. SUMATERA UTARA,KAB. LANGKAT,KEC. STABAT,JALAN KESEHATAN
69975663,SMA SWASTA ADVENT SEI BAMBAN,081264441825,smaadventseibamban@gmail.com,C,43,5,YAYASAN PENDIDIKAN GEREJA MASEHI ADVENT HARI KETUJUH SUMATERA UTARA,KAB. SERDANG BEDAGAI,KEC. SEI BAMBAN,JL. GEMPOLAN PASAR II KIRI KAMPUNG PON
69829547,SMA SWASTA GEMA BUWANA,081375263739,smagemabuwana@gmail.com,B,82,7,YAYASAN PENDIDIKAN GEMA BUWANA,KAB. DELI SERDANG,KEC. PERCUT SEI TUAN,JL. GAMBIR PSR VIII GG. ADIL
10214141,SMA SWASTA NUR AZIZI TANJUNG MORAWA,0617943535,sma.nurazizi@gmail.com,A,374,26,YAYASAN PENDIDIKAN NUR AZIZI TANJUNG MORAWA,KAB. DELI SERDANG,KEC. TANJUNG MORAWA,JL. PAHLAWAN NO. 28 KEL. TANJUNG MORAWA A
70056418,SMA SWASTA TELAGA SAID,085297244453,smaswastatelagasaid@gmail.com,,59,5,YAYASAN PENDIDIKAN TELAGA SAID,KAB. LANGKAT,KEC. SEI LEPAN,JLN. DUSUN II BUKIT BARU DESA TELAGA SAID
10210737,SMA SWASTA KEMALA BHAYANGKARI 1 MEDAN,0618211591,smabhayangkari01medan@gmail.com,A,295,28,YAYASAN KEMALA BHAYANGKARI,KOTA MEDAN,KEC. MEDAN BARU,JL. K.H. WAHID HASYIM NO.1
10259751,SMAS DHARMA PATRA PK SUSU,085262689808,smadppangkalansusu@gmail.com,A,118,12,YAYASAN PENDIDIKAN DHARMA PATRA PANGKALAN SUSU,KAB. LANGKAT,KEC. PANGKALAN SUSU,JL. BARUNA BUKIT KUNCI
10211711,SMAS SULTAN AGUNG,062225932,sultanagungsma@gmail.com,A,631,33,PERGURUAN SULTAN AGUNG PEMATANGSIANTAR,KOTA PEMATANGSIANTAR,KEC. SIANTAR BARAT,JL. SURABAYA. NO.19
69967257,SMAS PLUS TARUNA BANGSA,082230150090,smaplustarunabangsa@gmail.com,A,61,6,UNGGUL PUTRA BANGSA,KAB. PADANG LAWAS,KEC. BARUMUN,JL. BAGINDA SOADUON LINGKUNGAN VI
10202680,SMA SWASTA KARYA SIMANTIN,,smakaryasimantin@gmail.com,B,72,5,YAYASAN PENDIDIKAN KARYA SIMANTIN,KAB. SIMALUNGUN,KEC. PANEI,SIMANTIN PANE DAME
70054853,SMA SWASTA IT AL-FAKHRI,,,,30,7,YAYASAN PENDIDIKAN ISLAM AL FAKHRI,KAB. DELI SERDANG,KEC. SUNGGAL,"JL. SEI MENCIRIM DUSUN III, DESA/KEL. SUKAMAJU, KEC. SUNGGAL, KAB. DELI SERDANG"
10218990,SMAS AL HUSNA PATUMBAK,7030650,smaswastapesantrenalhusna@gmail.com,B,79,7,YAYASAN TMI AL HUSNA,KAB. DELI SERDANG,KEC. PATUMBAK,JL. PELAJAR PASAR III MARINDAL I
10261576,SMA SWASTA GOTONG ROYONG,081263682060,gotongroyongsmaswasta@gmail.com,B,141,15,PERGURUAN GOTONG ROYONG SIMALUNGUN,KAB. SIMALUNGUN,KEC. GUNUNG MALELA,AFD.II PERKEBUNAN BANGUN
69899811,SMA SWASTA AMAL MAS II SUMATERA UTARA,082367064421,smaswastaamalmas2hilitotoao01@gmail.com,C,133,26,AMAL MAS,KAB. NIAS SELATAN,KEC. ARAMO,DAO-DAO ZAMOLO
10259930,SMAS TARBIYAH ISLAMIYAH,081361762240,sma.tarbiyahislamiyah@yahoo.co.id,B,137,8,YAYASAN PENDIDIKAN TARBIYAH ISLAMIYAH,KAB. DELI SERDANG,KEC. HAMPARAN PERAK,JL. PERINTIS KEMERDEKAAN
70009975,SMA IT AL-HIJRAH,082368999326,yayasanalhijrah27@gmail.com,A,109,6,YAYASAN AL HIJRAH BINTUJU,KAB. TAPANULI SELATAN,KEC. ANGKOLA MUARA TAIS,JL. MANDAILING KM. 14
10262159,SMA SWASTA BUDDHIS JAYANTI,0624325828,perguruanbuddhisjayanti@gmail.com,A,158,11,YAYASAN BUDDHA JAYANTI LABUHANBATU,KAB. LABUHANBATU,KEC. RANTAU UTARA,JL. GATOT SUBROTO NO. 12-14 RANTAUPRAPAT
69977064,SMA SWASTA DELI TUA SCHOOL,06142671398,smasds.0518@gmail.com,B,87,10,YAYASAN PENDIDIKAN DELI TUA,KAB. DELI SERDANG,KEC. DELI TUA,JL. BAYUR NO. 1 LINGKUNGAN IV
10214151,SMAS PANCA JAYA GALANG,7980796,smapancajayabaru@gmail.com,B,18,6,PANCA JAYA,KAB. DELI SERDANG,KEC. GALANG,JL. SEI KARANG/ AMALIYAH GALANG
10201998,SMA SWASTA IMMANUEL KABANJAHE,7003290,immanuelsma@gmail.com,B,51,8,,KAB. KARO,KEC. KABANJAHE,JL.KATEPUL NO. 92 KABANJAHE
69932312,SMA SWASTA MUHAMMADIYAH 3 MEDAN,085270227604,smamuhammadiyah3medan@gmail.com,A,36,7,PIMPINAN WILAYAH MUHAMMADIYAH (PWM) PROV. SUMATERA UTARA,KOTA MEDAN,KEC. MEDAN HELVETIA,JL. KAPTEN MUSLIM GG. JAWA KOMP. MUHAMMADIYAH MEDAN
10211688,SMAS KAMPUS NOMMENSEN,06227355801,smakampusnommensen@gmail.com,A,279,38,UNIVERSITAS HKBP NOMMENSEN,KOTA PEMATANGSIANTAR,KEC. SIANTAR TIMUR,JL. SANGNAWALUH NO. 4
70051100,SMA SWASTA IT MADANI SUNGGAL,082267772332,smamadanisunggal@gmail.com,,51,4,YAYASAN SELAMAT RIADI JAYA,KAB. DELI SERDANG,KEC. SUNGGAL,JL. DISKI-GLUGUR RIMBUN GG. ANGGREK XII NO. B227 DUSUN II
10259248,SMAS KRISTEN IMMANUEL,0614517370,smaimmanuelmedan@ymail.com,A,106,17,PERKUMPULAN MEMBANGUN SEKOLAH KRISTEN,KOTA MEDAN,KEC. MEDAN POLONIA,JL. SLAMET RIYADI NO.1 MEDAN
10220598,SMAS PARULIAN BALNA,085169243577,smaparulianbalna@gmail.com,B,85,10,PENDIDIKAN PARULIAN,KAB. DAIRI,KEC. SUMBUL,JL. SILEUH -LEUH BALNA
70049005,SMA SWASTA ISLAM PLUS ADZKIA MEDAN,06166933130,smaadzkiamedan@gmail.com,,607,16,YAYASAN ADZKIA INTERNASIONAL,KOTA MEDAN,KEC. MEDAN TEMBUNG,JL. TUASAN NO. 4 & 6
10208953,SMAS ST MIKHAEL PANGURURAN,062620182,santomikhaelpangururan@yahoo.co.id,A,726,35,YAYASAN PENDIDIKAN KATOLIK SANTO YOSEPH MEDAN,KAB. SAMOSIR,KEC. PANGURURAN,JL. U.A. SUGIOPRANOTO
10203523,SMA SWASTA SANTO PETRUS SIDIKALANG,06272520387,ssmast.petrus@yahoo.com,A,838,40,YAYASAN SERI AMAL MEDAN,KAB. DAIRI,KEC. SIDIKALANG,JL. PARONGIL NO. 97 SIDIKALANG
10202677,SMA SWASTA MUHAMMADIYAH 7 SERBALAWAN,062264143,smamuh7@yahoo.co.id,A,660,33,PIMPINAN WILAYAH MUHAMMADIYAH (PWM) PROV. SUMATERA UTARA,KAB. SIMALUNGUN,KEC. DOLOK BATU NANGGAR,JL. MERDEKA NO. 16 SERBALAWAN
10218968,SMAS TAMAN SISWA LUBUK PAKAM,085206553772,smatamansiswalubukpakam@yahoo.co.id,B,43,7,PERSATUAN PERGURUAN TAMANSISWA CABANG LUBUK PAKAM,KAB. DELI SERDANG,KEC. LUBUK PAKAM,JL. KARTINI NO.1 LUBUK PAKAM
69877491,SMA SWASTA BINA HARAPAN ULUNEHO,081263054358,asarudi12@gmail.com,C,82,9,YAYASAN PERGURUAN BINA HARAPAN ULUNEHO,KAB. NIAS SELATAN,KEC. AMANDRAYA,DESA ORAHILI EHO KECAMATAN AMANDRAYA KABUPATEN NIAS SELATAN
69822702,SMA INDONESIA MEMBANGUN TARUNA BELAWAN,0616944908,yapimtarunabelawan@yahoo.co.id,A,53,11,YAYASAN PERGURUAN INDONESIA MEMBANGUN TARUNA,KOTA MEDAN,KEC. MEDAN KOTA BELAWAN,JALAN PULAU SERAM BELAWAN
10210933,SMA SWASTA PGRI 1 MEDAN,0618466117,smaspgri1medan@yahoo.co.id,C,50,13,PERWAKILAN YPLP PGRI PROVINSI SUMATERA UTARA,KOTA MEDAN,KEC. MEDAN PETISAH,JL. D. I. PANJAITAN NO. 189
10210828,SMAS UISU MEDAN,0617867984,smauisu@yahoo.com,A,166,21,UNIVERSITAS ISLAM SUMATERA UTARA,KOTA MEDAN,KEC. MEDAN KOTA,JL. H.BAHRUM JAMIL SH GG. UISU NO. 2
10210738,SMA SWASTA KESATRIA MEDAN,0617332473,smakesatria.medan@gmail.com,A,135,18,YAYASAN PERGURUAN KESATRIA MEDAN,KOTA MEDAN,KEC. MEDAN AREA,JL. GEDUNG ARCA NO. 24
10212554,SMAS KARYA BARU PSP,,smakaryabaru3@gmail.com,B,133,13,SMAS KARYA BARU PSP,KOTA PADANG SIDEMPUAN,KEC. PADANG SIDIMPUAN UTARA,JL. MERDEKA NO. 189 B
10220932,SMA SWASTA PULAU BERAYAN DARAT MEDAN,80033453,smaswastapulauberayandarat@yahoo.com,B,173,15,IR. DRS. J. KACARIBU,KOTA MEDAN,KEC. MEDAN TIMUR,JL. BILAL UJUNG NO. 3 MEDAN
10258339,SMA SWASTA LENTERA HARAPAN,081370935587,smalh.gusit@gmail.com,A,177,13,YAYASAN PENDIDIKAN PELITA HARAPAN TANGERANG,KOTA GUNUNGSITOLI,KEC. GUNUNGSITOLI UTARA,"JL.ARAH AWAI KM.12,5 GUNUNG SITOLI UTARA"
10212720,SMAS TRISAKTI LAGUBOTI,331203,lagubotitrisakti@yahoo.co.id,B,21,4,YAYASAN PERGURUAN TRI SAKTI LAGUBOTI,KAB. TOBA,KEC. LAGU BOTI,JL. TRISAKTI NO 26
10206577,SMAS SW TIGA BUKIT,081396806068,smasw3bukit@gmail.com,B,76,4,YAYASAN PERGURUAN TIGA BUKIT,KAB. TAPANULI TENGAH,KEC. BARUS,JL. PERJUANGAN NO. 55 BUKIT HASANG
10210868,SMA SWASTA YPK MEDAN,0617879712,smaypkmedan1965@gmail.com,A,300,20,YAYASAN PENDIDIKAN KELUARGA MEDAN,KOTA MEDAN,KEC. MEDAN KOTA,JL. SAKTI LUBIS GG. PEGAWAI NO. 8 MEDAN
10214129,SMA SWASTA MUHAMMADIYAH 5 LUBUK PAKAM,08126596588,smaswastamuhammadiyah5@gmail.com,A,113,10,PIMPINAN WILAYAH MUHAMMADIYAH (PWM) PROV. SUMATERA UTARA,KAB. DELI SERDANG,KEC. LUBUK PAKAM,JL. R.A KARTINI NO.62
10211308,SMAS TELADAN,0618822979,smateladanbinjai@gmail.com,B,24,14,YAYASAN TELADAN BINJAI,KOTA BINJAI,KEC. BINJAI KOTA,JL. TELADAN NO. 2 BINJAI
10201367,SMAS BUKIT MAS,085276186067,ypsmaswastabukitmas@gmail.com,B,59,9,YAYASAN PENDIDIKAN BUKIT MAS,KAB. LANGKAT,KEC. BESITANG,"JL.TANAH MERAH, P.BUAYA"
10210882,SMA SWASTA  NAHDATUL ULAMA MEDAN,8451713,smanahdlatululama@gmail.com,B,81,13,YAYASAN PERGURUAN NAHDLATUL ULAMA,KOTA MEDAN,KEC. MEDAN HELVETIA,JL.BRIGJEN H.A MANAF LUBIS NO.2
70030133,SMA SWASTA IT AL HIJRAH 2,081218122721,smaitboardingschool@gmail.com,A,38,10,YAYASAN AL HIJRAH DELI SERDANG,KAB. DELI SERDANG,KEC. PERCUT SEI TUAN,JL. PERHUBUNGAN
10258748,SMAS DARMA PUTRA,,smaswasta_darmaputra86@yahoo.com,C,145,12,YAYASAN PERGURUAN DARMA PUTRA,KAB. ASAHAN,KEC. TINGGI RAJA,JL. BESAR DESA PIASA ULU
69815453,SMA PRESTASI UTAMA,085275444055,prestasiutama@gmail.com,B,143,5,PENDIDIKAN PRESTASI UTAMA,KAB. DELI SERDANG,KEC. SUNGGAL,JL. KALIREJO UJUNG DUSUN II SIDODADI
10214145,SMAS PAB 4 SAMPALI PERCUT,085373331678,smapabsampali@yahoo.co.id,A,252,20,PERKUMPULAN AMAL BAKTI  SUMATERA UTARA,KAB. DELI SERDANG,KEC. PERCUT SEI TUAN,JL. PASAR HITAM NO. 69
10205367,SMAS TASIK RAJA,,sma.tasikraja@gmail.com,B,163,10,YAYASAN PERGURUAN TASIK RAJA,KAB. LABUHANBATU SELATAN,KEC. TORGAMBA,DESA BUKIT TUJUH
10210909,SMA SWASTA MUHAMMADIYAH 1 MEDAN,0617365218,info@smamsamedan.sch.id,A,228,18,PIMPINAN WILAYAH MUHAMMADIYAH (PWM) PROV. SUMATERA UTARA,KOTA MEDAN,KEC. MEDAN AREA,JL. UTAMA NO. 170
69973275,SMA SWASTA BANGUN INSAN MANDIRI,0616636702,sma.bim18@gmail.com,A,320,22,YAYASAN PENDIDIKAN SEKOLAH BANGUN INSAN MANDIRI,KOTA MEDAN,KEC. MEDAN TIMUR,JL. BAMBU II NO. 62
10259584,SMA SWASTA AL MAKSUM,6990608,smaalmaksumcintarakyat@gmail.com,A,164,17,YAYASAN PERGURUAN AL MAKSUM,KAB. DELI SERDANG,KEC. PERCUT SEI TUAN,JL. SATRIA GG. AL MAKSUM DUSUN XI
10204237,SMAS AL MA SHUM KISARAN BRT,062344500,smalmashum02@gmail.com,A,304,16,YAYASAN PERGURUAN AL MASHUM SIDODADI,KAB. ASAHAN,KEC. KISARAN BARAT,JL. BATU ASAH NO. 2 SIDODADI
10201346,SMAS METHODIST,0618930106,smaswastamethodistkuala@gmail.com,B,115,9,YPGMI WIL. I PKMI KUALA,KAB. LANGKAT,KEC. KUALA,JL. GEREJA NO. 41 KUALA
10210817,SMAS AL ITTIHADIYAH,7369496,alittihadiyahyayasan@gmail.com,B,56,9,YAYASAN PERGURUAN AL-ITTIHADIYAH TELADAN,KOTA MEDAN,KEC. MEDAN KOTA,JL. GEDUNG ARCA NO. 55
70024112,SMA SWASTA IT AL AHMAD BATUBARA,,,B,78,13,YAYASAN PENDIDIKAN AL AHMAD BATU BARA,KAB. BATU BARA,KEC. NIBUNG HANGUS,JL. DUSUN SONO TENGAH
10202661,SMA SWASTA AL WASLIYAH 2 SERBELAWAN,0622641735,alwashliyah_sma@yahoo.com,A,60,10,AL JAM'IYATUL WASHLIYAH,KAB. SIMALUNGUN,KEC. DOLOK BATU NANGGAR,JL. RAJAMIN PURBA
10201319,SMAS USIA TAMA,77812264,smasusiatama@gmail.com,B,114,12,YAYASAN PERGURUAN USIA TAMA,KAB. LANGKAT,KEC. SEI BINGAI,JL. PASAR 4 NAMUTERASI
10210822,SMA SWASTA TAMANSISWA SINGOSARI,7346241,tamansiswamdn@gmail.com,B,176,22,PERSATUAN PERGURUAN TAMANSISWA CABANG MEDAN,KOTA MEDAN,KEC. MEDAN AREA,JL.SINGOSARI NO.11
10210840,SMA SWASTA ST. PETRUS MEDAN,06142405166,smastpetrus@gmail.com,A,296,23,YAYASAN PERGURUAN KATOLIK DON BOSCO KEUSKUPAN AGUNG MEDAN,KOTA MEDAN,KEC. MEDAN JOHOR,JL. LUKU I NO. 1
10214122,SMAS KARYA PEMBANGUNAN DELI TUA,7030284,sma.kpdelitua@gmail.com,B,66,10,YAYASAN PERGURUAN KARYA PEMBANGUNAN DELI TUA,KAB. DELI SERDANG,KEC. DELI TUA,JL. PASAR VI NO. 9 DELI TUA
70048236,SMA IT UNGGUL AD DURRAH,,,A,63,13,YAYASAN PENDIDIKAN AD DURRAH,KOTA MEDAN,KEC. MEDAN MARELAN,"JL. MARELAN PASAR 4 BARAT,"
10214175,SMA SWASTA PAB 1 MEDAN ESTATE,7355620,smapab1@ymail.com,A,62,14,PERKUMPULAN AMAL BAKTI  SUMATERA UTARA,KAB. DELI SERDANG,KEC. PERCUT SEI TUAN,JL. MESJID NO. 1 PTPN II
10259244,SMAS NUSANTARA SETIA JANJI,082276597341,smasnusantara2005@yahoo.com,B,64,8,YAYASAN JANJI NUSANTARA ASAHAN,KAB. ASAHAN,KEC. SETIA JANJI,JL. PROTOKOL DESA SEI SILAU
10259130,SMA SWASTA AL-AZHAR MEDAN,0618365955,sma.alazharmedan84@gmail.com,A,581,44,YAYASAN HAJJAH RACHMAH NASUTION,KOTA MEDAN,KEC. MEDAN JOHOR,JL. PINTU AIR IV KWALA BEKALA NO. 214
70003123,SMA IT NUUR AR RADHIYYAH,06142621224,smaitnuuraradhiyyah@gmail.com,A,60,13,YAYASAN NUUR AR RADHIYYAH,KAB. LANGKAT,KEC. TANJUNG PURA,JL. PANGKALAN BRANDAN KM. 63 DUSUN HARAPAN
10210814,SMAS ADVENT 1 MEDAN,0614140448,smaadvent1medan@gmail.com,B,80,10,YAYASAN PENDIDIKAN GEREJA MASEHI ADVENT HARI KETUJUH SUMATERA UTARA,KOTA MEDAN,KEC. MEDAN TIMUR,JL. VETERAN NO. 34
69786708,SMA SWASTA SWADAYA TINGGI RAJA,085262938610,smaswadayatinggiraja@gmail.com,B,47,6,YAYASAN PERGURUAN SWADAYA TINGGI RAJA,KAB. ASAHAN,KEC. TINGGI RAJA,JALAN TERATAI DESA TINGGI RAJA
70038561,SMA SWASTA MAITREYAWIRA KISARAN,06233445124,smaswastamaitreyawirakisaran@gmail.com,A,165,26,YAYASAN PENDIDIKAN BUDDHIS CAHAYA KASIH MAITREYA,KAB. ASAHAN,KEC. KISARAN BARAT,JL. PRAMUKA NO. 19 LK. V
10209414,SMAS MELATI,,zulkarnaen_melati@yahoo.co.id,B,24,6,PERGURUAN MELATI,KAB. SERDANG BEDAGAI,KEC. PERBAUNGAN,JL. ISTANA DESA KOTA GALUH PERBAUNGAN
70005622,SMA MUHAMMADIYAH 21 KOTA TEBING TINGGI,085360065492,tebingtinggismamuhammadiyah13@gmail.com,B,78,11,PIMPINAN WILAYAH MUHAMMADIYAH (PWM) PROV. SUMATERA UTARA,KOTA TEBING TINGGI,KEC. RAMBUTAN,JL. BUKIT ANTARA NO. 98
70001763,SMA SWASTA HOLY KIDS BERSINAR MEDAN,06188868443,smaholykids18@gmail.com,B,105,7,YAYASAN SEMPAKATA BERSINAR,KOTA MEDAN,KEC. MEDAN SELAYANG,JL.BUNGA SEDAP MALAM 12 NO. 15
10210843,SMA SWASTA SULTAN ISKANDAR MUDA,0618457702,smaypsim1987@gmail.com,A,1168,49,YAYASAN PERGURUAN SULTAN ISKANDAR MUDA,KOTA MEDAN,KEC. MEDAN SUNGGAL,JL. SUNGGAL GG BAKUL LINGKUNGAN XI PEKAN 1 SUNGGAL
10211290,SMAS ABDI NEGARA,,smas.abdinegarabinjai@gmail.com,B,219,19,YAYASAN PUSAT PENGEMBANGAN SUMBER DAYA MANUSIA ABDI NEGARA BINJAI,KOTA BINJAI,KEC. BINJAI UTARA,JL. T. AMIR HAMZAH NO. 689 BINJAI
10201321,SMAS SAMANHUDI,8960056,yp.samanhudi@gmail.com,B,102,14,YAYASAN PERGURUAN SAMANHUDI,KAB. LANGKAT,KEC. TANJUNG PURA,JL. PEMUDA NO. 55
10210725,SMA SWASTA CAHAYA MEDAN,0614513285,smacahayamedan@yahoo.com,A,651,37,YAYASAN SERI AMAL MEDAN,KOTA MEDAN,KEC. MEDAN BARU,JL. HAYAM WURUK NO. 11 MEDAN
70052597,SMA SWASTA IESS NURUL AZMI,,smaiess.na@gmail.com,B,16,9,YAYASAN NURUL AZMI,KOTA MEDAN,KEC. MEDAN LABUHAN,JL. RAWE IX LINGK. XI
10210902,SMA SWASTA METHODIST - 1 MEDAN,0614152542,methodist_satumedan@yahoo.co.id,A,198,19,YAYASAN PENDIDIKAN GEREJA METHODIST INDONESIA WILAYAH I,KOTA MEDAN,KEC. MEDAN POLONIA,JL. HANG TUAH NO. 4 MEDAN
69950587,SMA YAYASAN ABDI KARYA (YADIKA) TORGANDA,081275809386,smasmkyadikasibisa@gmail.com,A,67,4,YAYASAN ABDI KARYA,KAB. LABUHANBATU SELATAN,KEC. TORGAMBA,SIBISA MANGATUR
10261516,SMAS IMELDA,082274480409,smaimelda3@gmail.com,B,119,12,YAYASAN IMELDA,KAB. LABUHANBATU,KEC. BILAH BARAT,DESA TANJUNG MEDAN
10210826,SMAS TRI MURNI,0616617530,trimurni@trimurnischool.org,B,1,0,YAYASAN PERGURUAN TRI MURNI,KOTA MEDAN,KEC. MEDAN DELI,"JL. KL. YOS SUDARSO KM. 6,5"
69895929,SMA SWASTA IMELDA,06180088956,smaimelda.mdn@gmail.com,A,428,19,YAYASAN IMELDA,KOTA MEDAN,KEC. MEDAN TIMUR,JALAN BILAL NO. 24
70048089,SMA SWASTA IT UMMI AYUNI,081264436113,smait.ummiayuni@gmail.com,A,129,25,YAYASAN PENDIDIKAN UMMI A'YUNI,KAB. SERDANG BEDAGAI,KEC. PERBAUNGAN,JL. WARINGIN
10201984,SMA SWASTA ADVENT LAURAKIT,,smaadvent.laurakit@yahoo.com,C,21,12,YAYASAN PENDIDIKAN GEREJA MASEHI ADVENT HARI KETUJUH SUMATERA UTARA,KAB. KARO,KEC. TIGANDERKET,JL. KUTABULUH SIMOLE
60728995,SMA SWASTA BRIGJEND KATAMSO II,69996459,katamso2@yahoo.co.id,A,1042,35,YAYASAN PERGURUAN NASIONAL BRIGJEND KATAMSO,KOTA MEDAN,KEC. MEDAN MARELAN,JL MARELAN RAYA PSR III
10214165,SMA SWASTA SINAR HARAPAN,7953302,sma_sinarharapan@yahoo.co.id,B,162,18,YAYASAN PERGURUAN SINAR HARAPAN CEMERLANG,KAB. DELI SERDANG,KEC. BERINGIN,JL. PANTAI LABU GG. BALI
10209421,SMAS R A KARTINI,,smasrakartini21@gmail.com,B,293,14,YAYASAN PERGURUAN R.A. KARTINI,KAB. SERDANG BEDAGAI,KEC. SEI RAMPAH,JL STASIUN NO. 45
10210824,SMAS TELADAN MEDAN,7382218,info@yptteladan.or.id,A,956,45,YAYASAN PENDIDIKAN TEKNOLOGI TELADAN MEDAN,KOTA MEDAN,KEC. MEDAN TEMBUNG,JL. PERTIWI NO.95
10205368,SMA SWASTA ST. YOSEP,062492836,smastyosep.aekkanopan2021@gmail.com,A,305,16,YAYASAN PENDIDIKAN KATOLIK SANTO YOSEPH MEDAN,KAB. LABUHANBATU UTARA,KEC. KUALUH HULU,JL. SERMA MAULANA. S. AEKKANOPAN
70013538,SMA SWASTA SANTO NICHOLAS,,,A,51,10,YAYASAN PENDIDIKAN CINTA KASIH STELLA,KOTA MEDAN,KEC. MEDAN BARU,JLN. MOJOPAHIT NO. 117 MEDAN
10202003,SMA SWASTA MASEHI GBKP BERASTAGI,,smamshbtagi@gmail.com,A,734,41,YPK GBKP CAB-BERASTAGI,KAB. KARO,KEC. BERASTAGI,JL. MERDEKA NO. 119 BERASTAGI
10204245,SMAS YAPIM SIMPANG KAWAT,0623533425,smayapimsimpkawat@gmail.com,B,158,7,YAYASAN PERGURUAN INDONESIA MEMBANGUN TARUNA,KAB. ASAHAN,KEC. AIR BATU,JL. BESAR NO. 24B SIMPANG KAWAT
69990578,SMA SWASTA ABDI PUSAKA INDONESIA,,,A,6,6,ABDI PUSAKA INDONESIA,KAB. NIAS,KEC. GIDO,DESA UMBU
69970382,SMA SWASTA TUNAS HARAPAN BANGSA,081210537151,sma.thbsirandorung@gmail.com,B,141,12,TUNAS HARAPAN BANGSA,KAB. TAPANULI TENGAH,KEC. SIRANDORUNG,JL. PERINTIS PENDIDIKAN NO. 01 PASAR KAMIS
10261406,SMAS VALENTINE,082165206023,smasvalentine001@gmail.com,B,69,9,YAYASAN PENDIDIKAN VALENTINE,KAB. DELI SERDANG,KEC. SUNGGAL,JL.PERINTIS NO.105
10210848,SMA SWASTA SUTOMO 1 MEDAN,4564176,sma@sutomo-mdn.sch.id,A,2376,91,YAYASAN PERGURUAN SUTOMO MEDAN,KOTA MEDAN,KEC. MEDAN KOTA,JL. LETKOL MARTINUS LUBIS NO. 7
10214115,SMAS DHARMA KARYA,0617952926,dharmakarya_sma@yahoo.com,B,62,10,YAYASAN PERGURUAN DHARMA KARYA,KAB. DELI SERDANG,KEC. BERINGIN,JL. PANTAI LABU SIDODADI
10210908,SMAS MUHAMMADIYAH 2 MEDAN,0618225749,smamuhammadiyahmedan2@gmail.com,A,682,42,PIMPINAN WILAYAH MUHAMMADIYAH (PWM) PROV. SUMATERA UTARA,KOTA MEDAN,KEC. MEDAN SELAYANG,JL. ABDUL HAKIM PSR I NO. 2
10219920,SMAS JAYA KRAMA BERINGIN,7951789,smajayakramaberingin18@gmail.com,A,166,10,YAYASAN PENDIDIKAN HAJJAH KASIH INDONESIA,KAB. DELI SERDANG,KEC. BERINGIN,JL. MIMBAR UMUM PSR VI SIDODADI RAMUNIA
10211680,SMA SWASTA KRISTEN KALAM KUDUS,,smakalamkudus.psiantar@gmail.com,A,551,41,YAYASAN KALAM KUDUS INDONESIA CABANG PEMATANGSIANTAR,KOTA PEMATANGSIANTAR,KEC. SIANTAR SELATAN,JL. PANE NO. 14
10202654,SMA SWASTA DHARMA BAKTI,,smadharmabakti45@gmail.com,B,21,6,YAYASAN DHARMA BAKTI SIMALUNGUN,KAB. SIMALUNGUN,KEC. TANAH JAWA,BALIMBINGAN TANAH JAWA
70003934,SMA SWASTA METHODIST PELITA KASIH,0616628296,yppk.smamuen@muenshcool.com,A,56,7,YAYASAN PENDIDIKAN PELITA KASIH METHODIST MU EN,KOTA MEDAN,KEC. MEDAN TIMUR,JL. JATI NO. 96
10210922,SMA SWASTA SANTA MARIA MEDAN,4524334,smasantamariamedan@gmail.com,A,289,15,YAYASAN SETIA MEDAN,KOTA MEDAN,KEC. MEDAN MAIMUN,JL. PALANG MERAH NO. 15
69774616,SMA SWASTA PLUS EFARINA,0622337055,smaplusefarina@yahoo.com,A,330,29,YAYASAN PENDIDIKAN EFARINA,KAB. SIMALUNGUN,KEC. SILIMAKUTA,JLN. NAWAR TARGER NO.01 SARIBUDOLOK
10205377,SMAS METHODIST RANTAUPRAPAT,0895404977615,smasmethodist017@gmail.com,A,195,12,YAYASAN PERGURUAN KRISTEN METHODIST RANTAUPRAPAT,KAB. LABUHANBATU,KEC. RANTAU UTARA,JL. BILAH NO. 24 RANTAU PRAPAT
10210715,SMAS DHARMA WANITA PERSATUAN,8363420,smadharmawanitapersatuanp@yahoo.com,B,49,5,DHARMA WANITA PERTIWI,KOTA MEDAN,KEC. MEDAN SELAYANG,JL. MELATI II NO. 30
69733773,SMA SWASTA METHODIST 6 MEDAN,0618477417,sahara_methodist@yahoo.co.id,A,307,17,PENDIDIKAN GMI JEMAAT GLORIA,KOTA MEDAN,KEC. MEDAN HELVETIA,JL. SEKOLAH NO. 402 LK III MEDAN
10210899,SMA SWASTA MAMIYAI AL-ITTIHADIYAH MEDAN,7363699,smamamiyaialittihadiyah22@gmail.com,B,136,17,YAYASAN AMAL DAN SOSIAL PANTI ASUHAN MAMIYAI AL ITTIHADIYAH,KOTA MEDAN,KEC. MEDAN AREA,JL. BROMO NO. 25
10204226,SMAS HARAPAN LOBU RAPPA BDR PL,082272732392,smas_harapanlb@yahoo.co.id,B,37,7,YAYASAN PENDIDIKAN HARAPAN LOBU RAPPA,KAB. ASAHAN,KEC. AEK SONGSONGAN,JL. SIGURA-GURA KM 10 DOLOK MARAJA
10210886,SMA SWASTA NUR HASANAH MEDAN,,smasnurhasanahmedan@gmail.com,B,48,11,YAYASAN PENDIDIKAN NUR HASANAH MEDAN,KOTA MEDAN,KEC. MEDAN AMPLAS,JL. GARU I NO. 28 MEDAN
10257790,SMAS HKBP LINTONGNIHUTA,,lintongnihutasmashkbp@yahoo.co.id,B,202,24,HKBP,KAB. HUMBANG HASUNDUTAN,KEC. LINTONGNIHUTA,JL. OLAHRAGA - LINTONGNIHUTA
70023502,SMA SWASTA THOMAS ALVA EDISON,,,B,30,2,YAY KRISTEN BERKAT JAYA MANDIRI ABADI,KOTA MEDAN,KEC. MEDAN DENAI,JL. POS DAN GIRO/ JL. DENAI NO. 131
10214182,SMA SWASTA RK DELI MURNI BANDAR BARU,062897218,smarkdelimurnibb@gmail.com,A,445,27,YAYASAN PENDIDIKAN KATOLIK BETLEHEM,KAB. DELI SERDANG,KEC. SIBOLANGIT,JL. DJAMIN GINTING KM. 47
10259744,SMAS HARAPAN BANGSA,0618930290,yphbsma@gmail.com,B,141,10,YAYASAN PENDIDIKAN HARAPAN BANGSA,KAB. LANGKAT,KEC. KUALA,"JL. BINJAI - KUALA KM 18,5"
10219089,SMA SWASTA SINAR HUSNI,8463690,sma.sinarhusni@ymail.com,A,158,14,YAYASAN PENDIDIKAN SINAR HUSNI,KAB. DELI SERDANG,KEC. LABUHAN DELI,JL. VETERAN GG. UTAMA PASAR V
10208722,SMAS RK ST MARIA PAKKAT,,sma_santark@yahoo.com,A,402,19,YAYASAN PENDIDIKAN KATOLIK SANTO YOSEPH MEDAN,KAB. HUMBANG HASUNDUTAN,KEC. PAKKAT,JL. PERGURUAN KATOLIK PAKKAT
10214177,SMAS PEMNAS PAGAR MERBAU,76293050,smapemnas_pagarmerbau@yahoo.com,B,108,14,PEMBANGUNAN NASIONAL,KAB. DELI SERDANG,KEC. PAGAR MARBAU,JL. IMPRES SUKAMANDI HILIR
10260958,SMA SWASTA BUDI LUHUR,085270013232,smaswastabudiluhurmaligasbayu@gmail.com,B,111,13,YAYASAN PERGURUAN AL-WASHLIYAH,KAB. SIMALUNGUN,KEC. HUTABAYU RAJA,MALIGAS BAYU
10210730,SMAS HANG TUAH BELAWAN,0616944524,smahangtuahbelawan76@gmail.com,A,721,40,YAYASAN HANG TUAH CABANG BELAWAN,KOTA MEDAN,KEC. MEDAN KOTA BELAWAN,JL. KAPTEN RADEN SULIAN BELAWAN
10214150,SMAS PAMASTA TANJUNG MORAWA,7943880,pamastasma@ymail.com,B,53,11,YP.PAMASTA,KAB. DELI SERDANG,KEC. TANJUNG MORAWA,"JL. PASAR BARU KM. 16,5"
10210815,SMA SWASTA ADVENT AIR BERSIH MEDAN,88867439,smaadventairbersih67@gmail.com,B,137,14,YAYASAN PENDIDIKAN GEREJA MASEHI ADVENT HARI KETUJUH SUMATERA UTARA,KOTA MEDAN,KEC. MEDAN KOTA,JL. AIR BERSIH NO. 98 A
10204253,SMAS PANTI BUDAYA KISARAN,0623347269,smaswastapantibudaya@yahoo.co.id,B,251,15,YAYASAN PENDIDIKAN KATOLIK SANTO YOSEPH MEDAN,KAB. ASAHAN,KEC. KISARAN TIMUR,JL. DURIAN NO. 24 KISARAN
10259920,SMAS TRI KARYA PENDIDIK PANTAI LABU,081375283654,pantailabusmatrikaryapendidik@gmail.com,B,37,11,NURUL IMAN,KAB. DELI SERDANG,KEC. PANTAI LABU,JL. BESAR DUSUN III DESA PALUH SIBAJI
69942251,SMA SWASTA HARVARD,085260931771,harvardsmaswasta@gmail.com,B,92,10,PENDIDIKAN NASIONAL MEDAN POLYTECHNIC,KOTA MEDAN,KEC. MEDAN LABUHAN,JL. TUAR INDAH BLOK XI
69950588,SMK SWASTA YAYASAN ABDI KARYA (YADIKA),081364073261,smasmkyadikasibisa@gmail.com,B,202,16,YAYASAN ABDI KARYA,KAB. LABUHANBATU SELATAN,KEC. TORGAMBA,SIBISA MANGATUR
10261025,SMK SWASTA NAMIRA TECH NUSANTARA,085274870725,smknamira09@gmail.com,A,17,7,YAYASAN FAJAR DIINUL ISLAM,KOTA MEDAN,KEC. MEDAN SELAYANG,"JL. SETIA BUDI PASAR I NO. 76, TJ. SARI MEDAN"
10211203,SMKS MMA UISU,,smkmma_uisu@yahoo.com,A,325,20,MAHAD MU'ALLIMIN AL-WASHLIYAH,KOTA MEDAN,KEC. MEDAN KOTA,JL. SM RAJA KAMPUS UISU TELADAN MEDAN
70049009,SMK SWASTA SARAH,,,,66,7,ABISATYA SARAH SCHOOL,KAB. DELI SERDANG,KEC. TANJUNG MORAWA,JL. LIMAU MUNGKUR DUSUN II
10264692,SMKS BARUNA HUSADA,085381345059,smksbarunahusada@gmail.com,B,36,11,YAYASAN PERGURUAN BARUNA HUSADA SIBUHUAN,KAB. PADANG LAWAS,KEC. LUBUK BARUMUN,JL LINTAS SIBUHUAN-GUNUNG TUA
10212570,SMKS PERGURUAN RAKYAT 2 PADANGSIDIMPUAN,081361672436,sperguruanrakyat272@gmail.com,B,48,12,PERGURUAN RAKYAT,KOTA PADANG SIDEMPUAN,KEC. PADANG SIDIMPUAN SELATAN,JALAN KENANGA GANG PENDIDIKAN NO. 20
19214102,SMK SWASTA WIRA JAYA TANJUNG MORAWA,08126405628,smkswastawirajaya1@yahoo.com,B,392,20,YP. WIRA JAYA,KAB. DELI SERDANG,KEC. TANJUNG MORAWA,JL. RAYA MEDAN KM. 21 BLOK. II
10220858,SMKS TELADAN RANTAUPRAPAT,,smkteladanrantauprapat@yahoo.co.id,B,1,3,YAYASAN PERGURUAN TELADAN RANTAUPRAPAT,KAB. LABUHANBATU,KEC. RANTAU SELATAN,JL. ARRAHMAN NO. 3 RANTAUPRAPAT
10219934,SMKS YAPIM MABAR,0616854981,yapim.mbr007@gmail.com,B,238,8,YAYASAN PERGURUAN INDONESIA MEMBANGUN TARUNA,KAB. DELI SERDANG,KEC. LABUHAN DELI,JL. MANGAAN VII PASAR 3 LK 16 MABAR
69815393,SMK SWASTA KRISTEN BNKP HARENORO,082351053300,smksbnkpharenoro@gmail.com,C,72,8,YAYASAN PENDIDIKAN BNKP NIAS SELATAN,KAB. NIAS SELATAN,KEC. LAHUSA,SISARAHILI
10211245,SMK SWASTA ERIA MEDAN,0617866341,smkeria@yahoo.co.id,A,50,14,PENDIDIKAN ANI IDRUS,KOTA MEDAN,KEC. MEDAN KOTA,JL. SISINGAMANGARAJA NO. 195 MEDAN
10259833,SMK SWASTA TAMAN PENDIDIKAN,697193,smktapen2005@gmail.com,B,165,10,YAYASAN PERGURUAN TAMAN PENDIDIKAN,KAB. SIMALUNGUN,KEC. BANDAR,"RAJAMIN PURBA,SH"
10205214,SMKS HARAPAN AEK KANOPAN,081362988155,smkharapan28@gmail.com,B,43,15,YAYASAN PERGURUAN HARAPAN,KAB. LABUHANBATU UTARA,KEC. KUALUH HULU,JL. JEND. SUDIRMAN NO.
10214056,SMKS PANGERAN ANTASARI LABUHAN DELI,0618461641,smkantasari@yahoo.co.id,A,415,33,YAYASAN PENDIDIKAN PANGERAN ANTASARI HELVETIA,KAB. DELI SERDANG,KEC. LABUHAN DELI,JL. VETERAN NO.1060/19 HELVETIA KEC. LABUHAN DELI KAB. DELI SERDANG
10212721,SMK SWASTA ARJUNA LAGUBOTI,0632331596,smk_arjunalaguboti@yahoo.co.id,A,208,19,YAYASAN TP ARJUNA LAGUBOTI,KAB. TOBA,KEC. LAGU BOTI,PINTUBOSI
70062103,SMK SWASTA KARYA BERSAMA,,,,12,3,PERGURUAN KARYA BERSAMA,KAB. LABUHANBATU UTARA,KEC. AEK NATAS,JL. UTAMA TANAH LAPANG DUSUN I PONDOK BARU
10210788,SMKS RAKSANA 1,0614524356,smkraksana1@gmail.com,A,307,27,YAYASAN PENDIDIKAN RAKSANA,KOTA MEDAN,KEC. MEDAN PETISAH,JL. GAJAH MADA NO. 20 MEDAN
69950972,SMK SWASTA BINA ARTHA,085237968510,smks.binaartha@gmail.com,B,81,7,YAYASAN PENDIDIKAN BINA ARTHA WACANA,KAB. PADANG LAWAS UTARA,KEC. SIMANGAMBAT,DESA UJUNG GADING JAE
10212568,SMKS PANCA DHARMA PADANGSIDIMPUAN,063424065,rickyahyar@gmail.com,A,154,28,SMKS PANCA DHARMA PADANGSIDIMPUAN,KOTA PADANG SIDEMPUAN,KEC. PADANG SIDIMPUAN SELATAN,JALAN TAPIAN NAULI NO. 35 KEL.AEK TAMPANG
10211247,SMKS BINA BERSAUDARA 1 MEDAN,0617861588,smkbinabersaudara1.medan@gmail.com,B,104,8,BINA BERSAUDARA,KOTA MEDAN,KEC. MEDAN JOHOR,JL. BRIGJEND. KATAMSO TITI KUNING 43 MEDAN
70040489,SMK SWASTA AL WASHLIYAH DOLOK ULU,083144491662,awdolokulu@gmail.com,B,92,11,YAYASAN PERGURUAN AL JAMIYATUL WASHLIYAH DOLOK ULU,KAB. SIMALUNGUN,KEC. TAPIAN DOLOK,JL. EMPLASMEN DOLOK ULU
10211801,SMKS HOTMA GUNA,085270272174,smk.hotmaguna@gmail.com,B,59,9,VIVIANTO TAMPUBOLON,KOTA PEMATANGSIANTAR,KEC. SIANTAR MARIHAT,MELANTHON SIREGAR NO.86
10211275,SMK SWASTA NURHASANAH 2 MEDAN,0617864668,smkbmnurhasanah@yahoo.co.id,B,9,4,YAYASAN PENDIDIKAN NUR HASANAH MEDAN,KOTA MEDAN,KEC. MEDAN AMPLAS,JL. GARU I NO. 28 MEDAN
69786701,SMKS AL - AZMI SEI DADAP,082363652393,smk_azmi@yahoo.co.id,B,55,5,YAYASAN PENDIDIKAN DAARUSSAKINAH,KAB. ASAHAN,KEC. SEI DADAP,JL. DESA TANJUNG ASRI
10259709,SMKS MAJU,085210912086,smkmajusecanggang@rocketmail.com,C,177,16,YAYASAN PENDIDIKAN MAJU SECANGGANG,KAB. LANGKAT,KEC. SECANGGANG,KARANG GADING
69934495,SMK SWASTA TUNAS BANGSA,08126393362,yayasantunasbangsa61@gmail.com,B,40,8,PENDIDIKAN TUNAS BANGSA,KAB. SIMALUNGUN,KEC. BANDAR HULUAN,JALAN HUTA 3
10202023,SMK SWASTA GBKP KABANJAHE,062821369,smk.gbkp@gmail.com,B,539,32,YAYASAN PENDIDIKAN KRISTEN GEREJA BATAK KARO PROTESTAN,KAB. KARO,KEC. KABANJAHE,JL. MARIAM GINTING NO.3 KABANJAHE
69816267,SMK SWASTA FREE METHODIST,081269164930,smkswastafreemethodistmedan@gmail.com,B,265,12,YAYASAN PENDIDIKAN  FREE METHODIST INDONESIA,KOTA MEDAN,KEC. MEDAN HELVETIA,JL. SEKOLAH NO 33
10261552,SMKS DEWANTARA PUTRA,,smkdewantaraputra@gmail.com,B,55,15,YAYASAN PENDIDIKAN DEWANTARA PUTRA,KAB. LANGKAT,KEC. SERAPIT,"JALAN: LETJEND JAMIN GINTING, DUSUN I DESA SEBERTUNG"
10204028,SMKS UMUM SENTOSA,082165499233,smkypus@gmail.com,B,217,12,YAYASAN PERGURUAN UMUM SENTOSA 1986,KAB. ASAHAN,KEC. BANDAR PASIR MANDOGE,JL. BENJAMIN
10262131,SMKS CERDAS MURNI,7384039,smk.tkjcm@gmail.com,A,172,19,YAYASAN ADLIN MURNI,KAB. DELI SERDANG,KEC. PERCUT SEI TUAN,JL.BERINGIN NO.33 PASAR VII TEMBUNG
69925844,SMKS AL RAZI SINAR HARAPAN,,alrazish@gmail.com,A,113,22,YAYASAN AL RAZI SINAR HARAPAN,KOTA MEDAN,KEC. MEDAN JOHOR,JL. MELINJO I NO. 19 KOMPLEK JOHOR PERMAI
10260063,SMK SWASTA MUHAMMADIYAH PONPES DARUL ARQOM,,smkmuhammadiyahpda@gmail.com,C,134,13,PIMPINAN WILAYAH MUHAMMADIYAH (PWM) PROV. SUMATERA UTARA,KAB. SIMALUNGUN,KEC. PEMATANG BANDAR,RAMBUNG SUSU KERASAAN I
10212571,SMKS PERGURUAN RAKYAT 1 PADANGSIDIMPUAN,085262544364,smkswastaperguruanrakyatpadang@gmail.com,C,185,17,YAYASAN PERGURUAN RAKYAT,KOTA PADANG SIDEMPUAN,KEC. PADANG SIDIMPUAN UTARA,JL.
10200410,SMKS TAMORA T MORAWA,,smkswastatamora@yahoo.co.id,B,10,5,YAYASAN PENDIDIKAN TAMORA,KAB. DELI SERDANG,KEC. TANJUNG MORAWA,IRIAN GG. PENDIDIKAN NO. 1
10211265,SMKS PENCAWAN 1,0618363786,drsmastypencawan@gmail.com,A,475,43,PENDIDIKAN NASIONAL MASTY PENCAWAN,KOTA MEDAN,KEC. MEDAN TUNTUNGAN,JL. BUNGA NCOLE NO. 50 MEDAN
70031840,SMK SWASTA ADVENT SURYA NUSANTARA,,,A,40,9,YAYASAN PENDIDIKAN GEREJA MASEHI ADVENT HARI KETUJUH SUMATERA UTARA,KOTA PEMATANGSIANTAR,KEC. SIANTAR MARTOBA,JL. RAKUTTA SEMBIRING
10214030,SMKS BANDUNG 1 PS TUAN DELISERDANG,0617380823,smkbandung1@gmail.com,B,196,14,YAYASAN PERGURUAN BANDUNG,KAB. DELI SERDANG,KEC. PERCUT SEI TUAN,PENGABDIAN NO.72 BANDAR SETIA PERCUT SEI TUAN
10211240,SMKS KATOLIK MARIANA,081361974718,smkmariana2023@gmail.com,C,53,13,YAYASAN PENDIDIKAN KATOLIK MARIANA MEDAN,KOTA MEDAN,KEC. MEDAN HELVETIA,JL. KAPTEN MUSLIM NO. 112 MEDAN
69756299,SMKS ABDI NEGARA 2,081377146411,snegara2@yahoo.com,B,134,10,YAYASAN PENDIDIKAN TERUNA ABDI NEGARA,KAB. LABUHANBATU SELATAN,KEC. TORGAMBA,"JLN.ABDINEGARA AEK BATU,DESA ASAM JAWA KEC.TORGAMBA"
10214029,SMKS AMIR HAMZAH 1 BM,081367920699,smkbmamirhamzah84@yahoo.com,B,54,8,YAYASAN PERGURUAN NASIONAL AMIR HAMZAH,KAB. DELI SERDANG,KEC. PERCUT SEI TUAN,JL. PERTAHANAN UJUNG SIMPANG BEO
10211090,SMKS DWIWARNA,06142910012,smkdwiwarna@ymail.com,A,198,40,PENDIDIKAN DAN SOSIAL DWIWARNA,KOTA MEDAN,KEC. MEDAN KOTA,JL. GEDUNG ARCA NO. 52 MEDAN
69762756,SMKS YAPIM TARUNA PANDAN,0631372375,yapim_pandan@yahoo.com,B,189,17,YAYASAN PERGURUAN INDONESIA MEMBANGUN TARUNA,KAB. TAPANULI TENGAH,KEC. PANDAN,JL. AHMAD YANI PANDAN
10261467,SMKS BUDI UTOMO,0618823982,smkbudiutomobinjai@yahoo.com,A,404,32,PENDIDIKAN BUDI UTOMO BINJAI,KOTA BINJAI,KEC. BINJAI TIMUR,DR.WAHIDIN NO.48 BINJAI
69883492,SMK SWASTA DR. CIPTO MANGUN KUSUMO MANDIRI,,smkciptomkmandiri@gmail.com,B,157,12,PERGURUAN SWASTA DR. CIPTO MANGUN KUSUMO MANDIRI,KAB. BATU BARA,KEC. LIMA PULUH,DSN. VII
10208077,SMKS MERPATI NUSANTARA,085262225115,bisa@smk.sch.id,B,220,22,YAYASAN SMK SWASTA MERPATI NUSANTARA,KAB. MANDAILING NATAL,KEC. SIABU,JL. IMAM BONJOL NO. 1
60726299,SMK SWASTA ADVENT NIAS,081371009348,smkadventnias@gmail.com,B,210,26,YAYASAN PENDIDIKAN GEREJA MASEHI ADVENT HARI KETUJUH DSKT,KAB. NIAS,KEC. IDANOGAWO,JL. LINTAS TELUK DALAM KM. 41
10208946,SMK SWASTA HKBP PANGURURAN,062620151,hkbpsmkpgr@gmail.com,B,291,19,YAYASAN PERGURUAN HKBP PANGURURAN,KAB. SAMOSIR,KEC. PANGURURAN,GEREJA NO. 9A
10214075,SMK SWASTA AWAL KARYA PEMBANGUNAN,085270585654,smkakpgalang@ymail.com,A,1669,89,AWAL KARYA PEMBANGUNAN,KAB. DELI SERDANG,KEC. GALANG,JL PERJUANGAN LINGKUNGAN VII
69979644,SMK SWASTA HARAPAN AL-WASHLIYAH SUKOHARJO,,smk.haw30@gmail.com,A,895,42,YAYASAN PENDIDIKAN AL-WASHLIYAH SUKOHARJO MEDAN,KOTA MEDAN,KEC. MEDAN LABUHAN,JL. PANCING I NO. 2
70024546,SMK SWASTA ISLAM TERPADU DAARUL PUTRA MADINAH,,smkitdaarulputramadinah@gmail.com,B,58,11,YAYASAN DAARUL PUTRA MADINAH,KAB. SIMALUNGUN,KEC. BANDAR HULUAN,"JL PASAR IV BAHAPAL, HUTA VIII, NAGORI"
10214050,SMK SWASTA NUSANTARA,0617951791,smknusantara90@yahoo.co.id,A,302,18,YAYASAN PERGURUAN NUSANTARA L.PAKAM,KAB. DELI SERDANG,KEC. LUBUK PAKAM,TENGKU RAJA MUDA NO.1 LUBUK PAKAM
69733920,SMKS SATU NUSA,0618826326,smksatunusabinjai@yahoo.com,B,7,6,ABDURRAHMAN AYUN,KOTA BINJAI,KEC. BINJAI KOTA,JL. PANDE DINGIN NO. 42
10211380,SMKS PUTRA ANDA BINJAI,618823746,smkputraanda11@gmail.com,A,1044,77,YAYASAN PENDIDIKAN PUTRA ANDA SUMATERA UTARA,KOTA BINJAI,KEC. BINJAI KOTA,JL. W.R. MONGONSIDI NO. 22
10264656,SMKS PEMNAS BINJAI BAKUNG,085262268995,smkpemnaspantailabu@gmail.com,B,133,14,PEMBANGUNAN NASIONAL,KAB. DELI SERDANG,KEC. PANTAI LABU,DUSUN II
70048235,SMK SWASTA NURUL IMAN,,,A,26,6,YAYASAN PENDIDIKAN NURUL IMAN TELAGA JERNIH,KAB. LANGKAT,KEC. SECANGGANG,JL. DUSUN Y
69762713,SMKS LMC MODEL INDUSTRI,06347017077,smklmc01@gmail.com,B,90,23,LIANCO MANDIRI CENTRE GUNAKARYA,KAB. TAPANULI SELATAN,KEC. ANGKOLA TIMUR,"JL. RAYA SIPIROK, PADANGSIDIMPUAN KM. 19 NO. 88 DESA MARISI"
69937371,SMK SWASTA KESEHATAN IMELDA,,dapo.imelda@gmail.com,A,705,40,YAYASAN IMELDA,KOTA MEDAN,KEC. MEDAN TIMUR,JL. BILAL NO. 52
10220304,SMK SWASTA NUSANTARA SIBORONGBORONG,,smkswastanusantara@yahoo.co.id,B,245,19,YAYASAN PENDIDIKAN SUMBER ILMU NUSANTARA,KAB. TAPANULI UTARA,KEC. SIBORONGBORONG,PINTU AIR NO. 2
10261979,SMKS YAPIM BALIGE,0632322003,yapimbalige@rocketmail.com,A,421,21,YAYASAN PERGURUAN INDONESIA MEMBANGUN TARUNA,KAB. TOBA,KEC. BALIGE,JL. LINTAS BALIGE
10214073,SMKS PEMBANGUNAN DAERAH LUBUK PAKAM,082166101115,yapemda4@gmail.com,A,265,28,PERGURUAN PEMBANGUNAN DAERAH,KAB. DELI SERDANG,KEC. LUBUK PAKAM,T.RAJA MUDA NO. 11 LUBUK PAKAM
10211698,SMKS GKPI 1 PEMATANGSIANTAR,062226547,smk.gkpi@gmail.com,A,640,45,YAYASAN PENDIDIKAN TERANG HIDUP,KOTA PEMATANGSIANTAR,KEC. SIANTAR MARIMBUN,D.I.PANJAITAN NO.47.NH
10202739,SMK SWASTA TUNAS JAYA TANAH JAWA,06227552802,smktunasjaya@gmail.com,B,42,9,YAYASAN TUNAS JAYA SIMALUNGUN,KAB. SIMALUNGUN,KEC. TANAH JAWA,BALIMBINGAN TANAHJAWA
10211816,SMKS 2 TRISAKTI,081368259117,trisaktitridarma@gmail.com,B,194,19,YP. TRISAKTI,KOTA PEMATANGSIANTAR,KEC. SIANTAR UTARA,PDT.J.WISMAR SARAGIH NO. 66 PEMATANGSIANTAR
10205210,SMKS PELITA 1 AEK KANOPAN,,smkswastapelitasatuaekkanopan@ymail.com,A,169,16,YAYASAN PERGURUAN PELITA TRI MANDIRI AEKKANOPAN,KAB. LABUHANBATU UTARA,KEC. KUALUH HULU,JL. JENDRAL SUDIRMAN UJUNG - AEK KANOPAN
10211391,SMK SWASTA SETIA BUDI BINJAI,0618823716,smkssetiabudi103@gmail.com,B,949,52,YAYASAN PENDIDIKAN SETIA BUDI BINJAI,KOTA BINJAI,KEC. BINJAI UTARA,"P. KEMERDEKAAN NO. 111-A, BINJAI"
70057128,SMK SWASTA ISLAM TERPADU AR-RIDHO,,,,27,3,YAYASAN AR-RIDHO HASANUL ARIFIN SRIYANTA,KAB. DELI SERDANG,KEC. SUNGGAL,JLN. SEI MENCIRIM PASAR V DUSUN VII-A
10214065,SMK SWASTA TARBIYAH ISLAMIYAH,085206619799,smktarbiyah2@gmail.com,A,1176,55,YAYASAN PENDIDIKAN TARBIYAH ISLAMIYAH,KAB. DELI SERDANG,KEC. HAMPARAN PERAK,JL. PERINTIS KEMERDEKAAN NO. 1 SIMPANG BERINGIN
10211250,SMKS AL WASHLIYAH 3,7860744,smkaw3_umn@yahoo.com,A,276,18,PERKUMPULAN AL JAMI'ATUL WASHLIYAH,KOTA MEDAN,KEC. MEDAN AMPLAS,JL. GARU II NO. 2 MEDAN
10206126,SMK SWASTA HKBP SARULLA,,sarullasmkhkbp@yahoo.com,B,232,14,PERGURUAN HKBP SARULLA,KAB. TAPANULI UTARA,KEC. PAHAE JAE,D.I. PANJAITAN
70058957,SMK SWASTA TARUNA BRIKARYA INTEK NUSANTARA,,,,31,5,YAYASAN PENDIDIKAN TARUNA  AKTERLIS MEDAN NUSANTARA DISINGKAT YASPENTAMNUS,KOTA MEDAN,KEC. MEDAN JOHOR,JL. EKA BAKTI GG. PIPA NO. 3
69754600,SMK SWASTA ANAK BANGSA,081362118081,smkanakbangsa@yahoo.com,B,163,14,PENDIDIKAN ANAK BANGSA NAGORI BANDAR SIANTAR,KAB. SIMALUNGUN,KEC. GUNUNG MALELA,JL. UTAMA NO 1
10205215,SMKS BUDI UTOMO 2 CIKAMPAK,,ypbu.cikampak@rocketmail.com,B,230,22,YAYASAN PERGURUAN BUDI UTOMO,KAB. LABUHANBATU SELATAN,KEC. TORGAMBA,JALAN BUDI UTOMO CIKAMPAK
10209391,SMKS AL WASHLIYAH 9,081366985227,smkaw_9@yahoo.co.id,B,65,17,AL WASHLIYAH,KAB. SERDANG BEDAGAI,KEC. PERBAUNGAN,JL. TENERA I NO 1 KEL.BATANG TERAP
69815401,SMK SWASTA PERGURUAN NASIONAL SIDIKALANG,06272520533,smkperguruannasionalsidikalang@yahoo.com,B,59,13,PERGURUAN NASIONAL SIDIKALANG,KAB. DAIRI,KEC. SIDIKALANG,DR. F.L. TOBING NO. 42-44
10220674,SMK SWASTA PANCA SETIA PADANG HALABAN,081275609763,smk_panca_setia@yahoo.com,B,247,27,YAYASAN PERGURUAN PANCA SETIA,KAB. LABUHANBATU UTARA,KEC. AEK KUO,JL. MAWAR
10205205,SMKS BUDI RANTAUPRAPAT,082163842471,smkbudi@gmail.com,C,71,13,YAYASAN PENDIDIKAN BUDI RANTAUPRAPAT,KAB. LABUHANBATU,KEC. RANTAU UTARA,JL. H. ADAM MALIK GG. SELAMAT
10204083,SMKS 2 YAPIM SIMPANG KAWAT,0623533425,smk2yapimsimpkawat@gmail.com,A,155,19,YAYASAN PERGURUAN INDONESIA MEMBANGUN TARUNA,KAB. ASAHAN,KEC. AIR BATU,JL. BESAR SIMPANG KAWAT NOMOR 24 B AIR BATU
10220756,SMKS AL MASUM STABAT,081361981355,smkalmaksumstabat@ymail.com,B,1190,59,YAYASAN HAJI MAKSUM ABIDIN  SHALEH,KAB. LANGKAT,KEC. STABAT,SEI BATANG SERANGAN NO. 4 KELURAHAN KWALA BINGAI KEC.STABAT
10220601,SMK SWASTA ANUGERAH,0627424489,smk_anugerah@yahoo.co.id,B,292,21,YAYASAN PENDIDIKAN ANUGERAH PARULIAN,KAB. DAIRI,KEC. SITINJO,"SIDIKALANG MEDAN KM. 6,5"
10212561,SMKS BUDI LUHUR PADANGSIDIMPUAN,082122177762,smksbudiluhurpadangsidimpuan@gmail.com,C,75,16,YAYASAN BERKARYA BUDI LUHUR,KOTA PADANG SIDEMPUAN,KEC. PADANG SIDIMPUAN UTARA,JALAN PROF. M. YAMIN SH  NO. 81 PADANGSIDIMPUAN
69974365,SMK SWASTA AL FAJAR SEI MENCIRIM,082277767676,alfajarseimencirim@yahoo.com,B,143,14,YAYASAN AL FAJAR SEI MENCIRIM,KAB. DELI SERDANG,KEC. SUNGGAL,JL. JATI PASAR IV DUSUN II GG. SEKOLAH
70056549,SMK SWASTA DHARMA BAKTI SELESAI,085276655639,smkdharmabaktiselesai@gmail.com,,81,13,YASPEND DHARMA BAKTI SELESAI,KAB. LANGKAT,KEC. SELESAI,JLN. MESJID RAYA NO. 46 KEL. PEKAN SELESAI
10220242,SMK SWASTA HARAPAN BANGSA,,smkharapanbangsatjmorawa@gmail.com,A,458,31,YAYASAN SELAMAT AMANAH PERGURUAN HARAPAN BANGSA,KAB. DELI SERDANG,KEC. TANJUNG MORAWA,JL. BAKARAN BATU
10261491,SMK SWASTA ALA DELPHI,0628410374,smkaladelphi.tigabinanga@gmail.com,C,215,17,YAYASAN PENDIDIKAN ALA DELPHI TIGABINANGA,KAB. KARO,KEC. TIGABINANGA,JL. JUHAR KOMPLEK SMK SWASTA ALA DELPHI NO. 1 TIGABINANGA
70034201,SMK SWASTA GENERUS BANGSA,082244569154,smkswastagenerusbangsa@gmail.com,B,31,3,AL FATH MEDAN BARAT,KAB. DELI SERDANG,KEC. KUTAIIMBARU,JL. BESAR GLUGUR KUTA
70044973,SMK SWASTA KRISTEN PROVIDENSIA HIBALA,081329024365,smkskphbl.nise@gmail.com,C,39,12,YAYASAN KRISTEN PROVIDENSIA,KAB. NIAS SELATAN,KEC. HIBALA,BARAYU SIBOHOU
70049253,SMK SWASTA KARYA BHAKTI,082262179394,smkkaryabhaktiofficial@gmail.com,B,347,26,YAYASAN PERGURUAN KARYA BHAKTI KITA,KAB. BATU BARA,KEC. MEDANG DERAS,JL. KUALA TANJUNG DUSUN SIMPANG DURIAN
70007994,SMK SWASTA EDUKASIH,,,C,61,11,YAYASAN NIAS PEDULI EDUKASIH,KAB. NIAS SELATAN,KEC. LUAHAGUNDRE MANIAMOLO,HILIAMAETA
10268326,SMK SWASTA AZ-ZAHRA SONOMARTANI,085277447718,smksazzahra@gmail.com,B,182,20,YAYASAN ZAHRA ASSRIN MECCA,KAB. LABUHANBATU UTARA,KEC. KUALUH HULU,DUSUN VII KARYA SARI
10211099,SMK SWASTA PANCA BUDI MEDAN,08116300044,smk@pancabudi.sch.id,A,630,37,PROF.DR.H.KADIRUN YAHYA,KOTA MEDAN,KEC. MEDAN SUNGGAL,"JL. JEND. GATOT SUBROTO KM 4,5 MEDAN"
70011208,SMK IT RAHMAT MARENDAL,,,C,56,6,YAYASAN RAHMAT MARENDAL,KAB. DELI SERDANG,KEC. PATUMBAK,"JL. KEBUN KOPI PASAR V GG. BALAI DESA NO. 4,"
10220749,SMKS HARAPAN BANGSA,0618930290,smkyphb@gmail.com,A,353,19,HARAPAN BANGSA,KAB. LANGKAT,KEC. KUALA,BINJAI-KUALA KM.18.5 PASAR I KUALA
10258424,SMKS KRISTEN BNKP SIROMBU,085359553410,smkswastakristenbnkpsirombu@gmail.com,B,90,4,YAYASAN BANUA NIHA KERISO PROTESTAN SIROMBU,KAB. NIAS BARAT,KEC. LAHOMI,"JALAN SIMPANG TIGA LAHOMI, DESA TIGA SERANGKAI"
10259283,SMKS AL MAARIF,081264651447,smkslmaarifstabat@gmail.com,C,49,13,PONDOK PESANTREN AL-MA'ARIF BENGKEL STABAT,KAB. LANGKAT,KEC. STABAT,JL. PASAR 10 BENGKEL
69979589,SMK SWASTA PERINTIS TERPADU LONDUT,085211757674,smkppislamiyah@gmail.com,A,93,13,YAYASAN ISLAMIYAH LONDUT,KAB. LABUHANBATU UTARA,KEC. KUALUH HULU,JL. ABDUL RAHMAN RANGKUTI
69950390,SMK IHYA ULUMUDDIN SIDODADI,082369145321,smksihyaulumuddinsidodadi@gmail.com,B,259,17,IHYA ULUMUDDIN SIDODADI,KAB. LABUHANBATU SELATAN,KEC. KAMPUNG RAKYAT,JL. BESAR SIDODADI NO.45 DESA PERK. TELUK PANJI
10257343,SMK SWASTA YAPIM SEI GLUGUR 2,76851110,yapim_tarseigelugur@ymail.com,A,229,16,YAYASAN PERGURUAN INDONESIA MEMBANGUN TARUNA,KAB. DELI SERDANG,KEC. PANCUR BATU,JL. GLUGUR RIMBUN
69987319,SMK SWASTA GEBANG,082268341256,azzhoohir.langkat@gmail.com,B,206,15,YPP AZ-ZHOOHIR,KAB. LANGKAT,KEC. GEBANG,JL. PRINGGAN
69950366,SMK SWASTA CERDAS BANGSA,081361106383,smk.sw.cerdasbangsa@gmail.com,B,108,8,YAYASAN PENDIDIKAN CERDAS BANGSA,KAB. DELI SERDANG,KEC. NAMO RAMBE,JL. PERJUANGAN GEDUNG JOHOR
10214039,SMK SWASTA ISTIQLAL DELITUA,0617030655,smkswastaistiqlaldelitua@gmail.com,A,1182,49,YAYASAN PERGURUAN ISTIQLAL DELI TUA,KAB. DELI SERDANG,KEC. DELI TUA,JL. STASIUN NO. 1 A
10211259,SMK SWASTA PERGURUAN MABAR,,smkswastamabar@yahoo.co.id,B,56,9,YAYASAN PENDIDIKAN KELUARGA PERGURUAN MABAR,KOTA MEDAN,KEC. MEDAN DELI,JL. KL. YOS SUDARSO KM. 9 MEDAN
70032436,SMK SWASTA YPP PROF. DR. H. MOHD. HATTA,,,A,43,21,YAYASAN PENDIDIKAN DAN PELATIHAN PROFESOR DOKTOR HAJI MOHAMMAD HATTA STABAT,KAB. LANGKAT,KEC. STABAT,JL. PERNIAGAAN LK. VI NO. 235
10205189,SMKS PELITA 2 AEK KANOPAN,,smk_2pelita@yahoo.co.id,A,154,13,YAYASAN PERGURUAN PELITA TRI MANDIRI AEKKANOPAN,KAB. LABUHANBATU UTARA,KEC. KUALUH HULU,JL. SUDIRMAN UJUNG AEK KANOPAN
10214071,SMKS YPI DELITUA,0617033473,smkypi.delitua@gmail.com,B,49,8,YAYASAN PENDIDIKAN ISLAM DELITUA,KAB. DELI SERDANG,KEC. DELI TUA,"JL. BESAR MEDAN - DELI TUA, GG. SETIA NO. 1, KM. 10,8 DELI TUA"
10200425,SMK SWASTA ROKITA SARI 1,0617989208,smk1swasta_rokitasari@rocketmail.com,A,218,19,YAYASAN PERGURUAN ROKITA SARI,KAB. DELI SERDANG,KEC. BANGUN PURBA,JL. KARYA NO. 10
10263517,SMKS YAPIM INDRAPURA,,yapim.indrapura@gmail.com,A,67,17,YAYASAN PERGURUAN INDONESIA MEMBANGUN TARUNA,KAB. BATU BARA,KEC. AIR PUTIH,JLN. LINTAS MEDAN - KISARAN KM. 108
10212139,SMKS PGRI 4 SIBOLGA,,smkpgri4@yahoo.co.id,B,3,10,PERWAKILAN YPLP PGRI PROVINSI SUMATERA UTARA,KOTA SIBOLGA,KEC. SIBOLGA KOTA,JL. SUDIRMAN NO. 29 AEK PAROMBUNAN
10211061,SMKS TAMAN SISWA,7324884,smk.takarme@yahoo.com,B,159,22,PERSATUAN PERGURUAN TAMANSISWA CABANG MEDAN,KOTA MEDAN,KEC. MEDAN AREA,JL. SABARUDDIN NO. 08 MEDAN
69980410,SMK SWASTA PEMBANGUNAN AL WASHLIYAH,081329471653,smkpawgd@gmail.com,B,64,19,,KOTA TANJUNG BALAI,KEC. DATUK BANDAR,"JL. JEND. SUDIRMAN KM. 2,5"
70059346,SMK SWASTA TRI REZEKI ALTAIR,,,,13,13,TRI REZEKI ALTAIR,KAB. ASAHAN,KEC. BANDAR PULAU,DUSUN I DESA GONTING MALAHA
69728739,SMKS RAJA MAS,,rajamasmk@gmail.com,B,144,16,SMK SWASTA RAJA MAS,KAB. LABUHANBATU SELATAN,KEC. SUNGAI KANAN,JL. AHMAD YANI
10214042,SMK SWASTA CITRA HARAPAN,0616990368,smk.swastacitraharapan@gmail.com,A,441,25,YAYASAN CITRA HARAPAN JAYA,KAB. DELI SERDANG,KEC. PERCUT SEI TUAN,"JL. MEDAN PERCUT KM. 19,5"
10260799,SMKS DHARMA PATRA,062020758,smkswasatadppb@gmail.com,B,267,22,YAYASAN PENDIDIKAN DHARMA PATRA P. BERANDAN,KAB. LANGKAT,KEC. SEI LEPAN,JLN BALONGAN DESA PURAKA II KOMPLEK PERTAMINA PANGKALAN BERANDAN
69948620,SMK SWASTA AL WASHLIYAH 16 PETUMBUKAN,081370873133,smkaw16petumbukan@yahoo.com,B,154,21,SMK AL WASHLIYAH PETUMBUKAN,KAB. DELI SERDANG,KEC. GALANG,"JL. KESEHATAN, NO.02"
10201067,SMKS SWAKARYA,06189320058,smkswakaryaslp@gmail.com,B,509,38,YAYAYASAN PERGURUAN SWAKARYA SALAPIAN,KAB. LANGKAT,KEC. SALAPIAN,JL. MERDEKA NO. 06 TANJUNG LANGKAT KEC. SALAPIAN
10203540,SMK SWASTA BUKIT CAHAYA 1 SIDIKALANG,082160586448,smksbukitcahaya@gmail.com,B,135,16,YAYASAN PENDIDIKAN BUKIT CAHAYA,KAB. DAIRI,KEC. SIDIKALANG,JL. MAKMUR NO. 10 SIDIKALANG
10208514,SMKS PGRI 10 BALIGE,063221885,smk.pgri10@gmail.com,B,12,7,PERWAKILAN YPLP PGRI PROVINSI SUMATERA UTARA,KAB. TOBA,KEC. BALIGE,LIBERTY MANIK NO. 13 BALIGE
60730371,SMK SWASTA MARTABE SIPIROK,4345227,smksmartabesipirok@gmail.com,A,77,16,YPMHB,KAB. TAPANULI SELATAN,KEC. SIPIROK,KOMP YPMHB PADANG BUJUR
10260514,SMKS MUHAMMADIYAH 18 P BERANDAN,062020811,smkmuhammadiyahp.berandan@gmail.com,B,149,12,PIMPINAN WILAYAH MUHAMMADIYAH (PWM) PROV. SUMATERA UTARA,KAB. LANGKAT,KEC. BABALAN,JL KALIMANTAN PANGKALAN BERANDAN
10214088,SMK SWASTA NURUL AMALIYAH,0617946145,smknurulamaliyah@gmail.com,A,580,43,YAYASAN PENDIDIKAN NURUL AMALIYAH DESA DAGANG KERAWAN,KAB. DELI SERDANG,KEC. TANJUNG MORAWA,JL. SEI MERAH DESA DAGANG KERAWAN
70039652,SMK SWASTA ISLAM TERPADU SHAH HAMIDUN MAJID,081275536881,smksitshahhamidunmajid@gmail.com,B,160,24,YAYASAN SHAH HAMIDUN MAJID,KAB. LABUHANBATU UTARA,KEC. AEK NATAS,LINGKUNGAN VIII BANDAR BERSERI
10209390,SMK SWASTA DHARMA UTAMA,081264667985,dharmautamasmk@yahoo.com,B,143,10,YAYASAN PENDIDIKAN DHARMA UTAMA,KAB. SERDANG BEDAGAI,KEC. PEGAJAHAN,JL. SUKAMAJU NO.1 SUKASARI PEGAJAHAN
10211218,SMKS PRAYATNA 2 MEDAN,0617382459,smksprayatna2medan@gmail.com,B,230,15,,KOTA MEDAN,KEC. MEDAN TEMBUNG,JL. LETDA SUJONO NO. 403 MEDAN
69758350,SMK SWASTA KRISTEN TOMOSA I,082369222772,smktomosa@yahoo.com,C,150,12,YAYASAN TOMOSA,KOTA GUNUNGSITOLI,KEC. GUNUNGSITOLI IDANOI,JL. OHITO
10261404,SMK SWASTA SINAR SENTOSA,08116064248,boy.sianturi25@gmail.com,B,77,4,YAYASAN PENDIDIKAN SINAR SENTOSA,KAB. DELI SERDANG,KEC. PERCUT SEI TUAN,KERAMAT INDAH NO. 8 SELAMBO UJUNG
10260465,SMK SWASTA KRISTEN BNKP DARO DARO BALAEKHA,085362022239,smksbnkpdaro2balaekha@gmail.com,B,191,24,YAYASAN PENDIDIKAN BNKP NIAS SELATAN,KAB. NIAS SELATAN,KEC. LAHUSA,HELEZALULU
70008912,SMK SWASTA ADVENT TELADAN,085261531058,smksadvent@yahoo.com,B,17,5,YAYASAN PENDIDIKAN PERGURUAN ADVENT TELADAN,KAB. LABUHANBATU SELATAN,KEC. TORGAMBA,KAMPUNG BARU III DUSUN V
69755699,SMKS SANTO PAULUS,081376722005,smksantopaulusmartubung@gmail.com,B,94,10,YAYASAN PERGURUAN SANTO PAULUS MARTUBUNG,KOTA MEDAN,KEC. MEDAN LABUHAN,JL PANCING I NO 9
10208707,SMK SWASTA NUSANTARA DOLOKSANGGUL,08126595141,smksnd13@gmail.com,C,58,6,YAYASAN PENDIDIKAN SMK SWASTA NUSANTARA DOLOKSANGGUL,KAB. HUMBANG HASUNDUTAN,KEC. DOLOKSANGGUL,VETERAN UJUNG NO.51 DOLOKSANGGUL
10204079,SMKS KESATUAN MERANTI KISARAN,082369108557,smkkesatuanmeranti2@gmail.com,B,165,18,YAYASAN KESATUAN MERANTI,KAB. ASAHAN,KEC. MERANTI,JL. JENDRAL SUDIRMAN NO. 47 MERANTI MERANTI
69989187,SMK SWASTA WIRA KESUMA JAYA,085830275099,yppusakakesumajaya@gmail.com,B,52,8,YAYASAN PENDIDIKAN PUSAKA KESUMA JAYA,KAB. DELI SERDANG,KEC. NAMO RAMBE,JL. NAMORAT NO. 99 DUSUN I
10261026,SMK INDONESIA MEMBANGUN TARUNA BELAWAN,,yapimtarunabelawan@yahoo.co.id,A,140,12,YAYASAN PERGURUAN INDONESIA MEMBANGUN TARUNA,KOTA MEDAN,KEC. MEDAN KOTA BELAWAN,JALAN PULAU SERAM
10258233,SMK SWASTA KRISTEN BNKP TELUK DALAM,06307321155,smkbnkptelukdalam@gmail.com,B,248,22,YAYASAN PENDIDIKAN BNKP NIAS SELATAN,KAB. NIAS SELATAN,KEC. TELUK DALAM,GEREJA EX. ASRAMA KUDUS BNKP KEL. PASAR TELUKDALAM
10259274,SMKS MUHAMMADIYAH 8,,smkmuhammadiyah08@gmail.com,A,299,29,PIMPINAN WILAYAH MUHAMMADIYAH (PWM) PROV. SUMATERA UTARA,KOTA MEDAN,KEC. MEDAN SELAYANG,JL. ABDUL HAKIM NO. 2 PSR.I  TANJUNG SARI MEDAN
69725097,SMK SWASTA AL HIKMAH,0618961972,smkalhikmah48@gmail.com,B,113,13,YAYASAN PENDIDIKAN AL-HIKMAH,KAB. LANGKAT,KEC. TANJUNG PURA,DUSUN SEKOLAH
69970838,SMK SWASTA TARUNA MARITIM DIRGANTARA,085275231234,smktarunamaritimdirgantara@gmail.com,B,23,8,YAYASAN TIASRA MEDAN,KOTA MEDAN,KEC. MEDAN AREA,JL. BROMO NO. 35
10262189,SMKS ARUM AEK RASO,082274134444,smkswastaarumaekraso@gmail.com,B,356,27,YAYASAN PENDIDIKAN ARUM AEK RASO,KAB. LABUHANBATU SELATAN,KEC. TORGAMBA,PROTOKOL NO:05 AFD.B. DESA AEK RASO
10211713,SMK SWASTA GKPI- 2 PEMATANGSIANTAR,0622435566,smkgkpi2@ymail.com,B,128,24,YAYASAN PERGURUAN GKPI,KOTA PEMATANGSIANTAR,KEC. SIANTAR MARIMBUN,D.I.PANJAITAN NO.47 NH
69985573,SMK SWASTA ABDI RAKYAT DAIRI,085372731561,smkabdirakyatdairi@gmail.com,C,14,1,YAYASAN PERGURUAN ABDI RAKYAT DAIRI,KAB. DAIRI,KEC. SUMBUL,BATUGANDA
69795844,SMKS KESEHATAN DARMAIS,082275003517,smkskesehatandarmaispsp@gmail.com,B,23,15,YAYASAN PERGURUAN BUNDA LANGGA PADANGSIDIMPUAN,KOTA PADANG SIDEMPUAN,KEC. PADANG SIDIMPUAN TENGGARA,JL. BELIBIS NO. 1 PERUM SOPO INDAH
69949031,SMK SWASTA KARTIKA I-3,06188814622,smkkartika3@gmail.com,B,61,8,YAYASAN KARTIKA JAYA CABANG I BUKIT BARISAN,KOTA MEDAN,KEC. MEDAN HELVETIA,JL. BRIGJEND H.A. MANAF LUBIS
10214098,SMK SWASTA TAMANSISWA LUBUK PAKAM 1,0617957063,tamansiswa_lubukpakam@yahoo.com,C,360,19,PERSATUAN PERGURUAN TAMANSISWA CABANG LUBUK PAKAM,KAB. DELI SERDANG,KEC. LUBUK PAKAM,JL. KARTINI NO.13 LUBUK PAKAM
10261519,SMKS BUDAYA CIKAMPAK,081377223896,smkbudaya@yahoo.co.id,B,207,18,YAYASAN PENDIDIKAN BUDAYA,KAB. LABUHANBATU SELATAN,KEC. TORGAMBA,JALAN PENDIDIKAN BUDAYA CIKAMPAK
10202782,SMK SWASTA TPI AL-HASANAH,081362053320,smktpihasanah@yahoo.co.id,A,232,15,YAYASAN PERGURUAN TPI AL- HASANAH,KAB. SIMALUNGUN,KEC. PEMATANG BANDAR,JL.TUAN DISTA BULAN DAMANIK NO. 202
69756886,SMKS TUNAS HARAPAN,082277623128,smktunashrpn@gmail.com,B,383,31,YAYASAN NURUL MUHASSANAH BATANG SERANGAN,KAB. LANGKAT,KEC. BATANG SERANGAN,JL. MERDEKA NO. 2
10204027,SMKS 1 YAPIM SIMPANG KAWAT,0623533425,smk1yapimsimpkawat@gmail.com,A,579,35,YAYASAN PERGURUAN INDONESIA MEMBANGUN TARUNA,KAB. ASAHAN,KEC. AIR BATU,JL. BESAR NO. 24B SIMPANG KAWAT AIR BATU
10211820,SMKS HARAPAN,06225891438,smaharapann@yahoo.com,B,78,15,YAYASAN PERGURUAN HARAPAN,KOTA PEMATANGSIANTAR,KEC. SIANTAR MARIHAT,BAHKORA II  MARIHAT LANDBOW SIANTAR MARIHAT
10205206,SMK SWASTA RAUDLATUL ULUUM LABUHANBATU 1,062429301,r_uluum1987@yahoo.co.id,B,351,21,PESANTREN RAUDLATUL ULUUM AEK NABARA,KAB. LABUHANBATU,KEC. BILAH HULU,JL. BAMBU KUNING NO.68
10261185,SMKS TAMAN SISWA DISKI TR,0618825271,smk_tamansiswa_diski@ymail.com,B,367,26,PERSATUAN PERGURUAN TAMANSISWA CABANG DISKI,KAB. DELI SERDANG,KEC. SUNGGAL,JL. BINJAI KM 15. NO. 118 SEI SEMAYANG
10212420,SMK SWASTA PERSIAPAN PEMATANGSIANTAR,081264633828,smkpersiapanps@gmail.com,A,405,58,YAYASAN PENDIDIKAN TEKNOLOGI HARAPAN,KOTA PEMATANGSIANTAR,KEC. SIANTAR TIMUR,JALAN PANE NO. 66 PEMATANGSIANTAR
10211701,SMK SWASTA RK BINTANG TIMUR,06227436276,smkbt_siantar@yahoo.co.id,A,703,39,YAYASAN PERGURUAN KATOLIK SANTO LAURENSIUS,KOTA PEMATANGSIANTAR,KEC. SIANTAR MARIHAT,JALAN MELANTHON SIREGAR GANG SIPAHUTAR PEMATANGSIANTAR
69886449,SMKS IT MARINAH AL-HIDAYAH,085276441123,info.smkmarinah@gmail.com,B,75,21,YAYASAN HAJJAH TENGKU MARINAH,KOTA MEDAN,KEC. MEDAN DENAI,JALAN PANGLIMA DENAI NO. 28 MEDAN NO. TELP. 0617332551
10208945,SMK SWASTA KARYA JAYA PANGURURAN,081376167552,novely2305@gmail.com,C,81,11,PERGURUAN KARYA JAYA,KAB. SAMOSIR,KEC. PANGURURAN,JALAN TANAH LAPANG PANGURURAN
69899800,SMK SWASTA SWADAYA PULAU RAKYAT,0623355504,smksswadaya@gmail.com,A,299,19,YAYASAN PENDIDIKAN SWADAYA,KAB. ASAHAN,KEC. PULAU RAKYAT,JL. YASPENDA NO. 37
69772749,SMKS AL ASRI,0623533206,smkswastaalasri@yahoo.co.id,A,335,15,YAYASAN TUNAS WIDYA BAKTI ASRI ASAHAN,KAB. ASAHAN,KEC. AIR BATU,JL. PENDIDIKAN DUSUN 2
10211095,SMK SWASTA NU 2 MEDAN,,smknu2medan22@gmail.com,B,174,14,YAYASAN PERGURUAN NAHDLATUL ULAMA,KOTA MEDAN,KEC. MEDAN HELVETIA,JL. BRIGJEND. H.A.  MANAF LUBIS NO.2
69978794,SMK SWASTA SKYLANDSEA YAPPSU,082226209331,skylandseayappsu1@gmail.com,B,80,15,YAYASAN PENGEMBANGAN PROFESI SUMATERA UTARA,KAB. DELI SERDANG,KEC. TANJUNG MORAWA,"JL. MEDAN KM. 24,5"
10205200,SMKS AL WASHLIYAH 2 MERBAU,085373543645,stmmarbau@yahoo.co.id,A,973,49,PERGURUAN AL JAM'IYATUL WASHLIYAH,KAB. LABUHANBATU UTARA,KEC. MARBAU,JL. MESJID NO.5 MERBAU
70035993,SMK SWASTA TARUNA TEKNO NUSANTARA,081265553930,smk.ttn02@gmail.com,A,174,18,YAYASAN TARUNA TEKNO ARIFAH,KAB. DELI SERDANG,KEC. NAMO RAMBE,JL. PEMBANGUNAN
10259164,SMKS HARAPAN AL WASHLIYAH SIGAMBAL,0624351197,smkharapanalwashliyah@yahoo.com,A,305,15,AL-JAMIYATUL WASHLIYAH,KAB. LABUHANBATU,KEC. RANTAU SELATAN,JL. H.M. SAID NO. 493
10258236,SMK SWASTA MITRA KASIH TELUK DALAM,081260370331,mitrakasih_agape@yahoo.co.id,B,115,16,YAYASAN MITRA KASIH NIAS SELATAN,KAB. NIAS SELATAN,KEC. TELUK DALAM,GEREJA NO. 10 PASAR TELUKDALAM
10220303,SMK SWASTA KARYA TARUTUNG,063321045,smkswastakarya@yahoo.com,B,110,18,YAYASAN PERGURUAN KARYA TARUTUNG,KAB. TAPANULI UTARA,KEC. TARUTUNG,JLN. S. DIS SITOMPUL
10212569,SMK SWASTA PEMBANGUNAN SWADAYA PADANGSIDIMPUAN,063444320717,swadayasmk@gmail.com,B,162,23,YAYASAN PEMBANGUNAN SWADAYA PADANGSIDIMPUAN,KOTA PADANG SIDEMPUAN,KEC. PADANG SIDIMPUAN UTARA,JALAN DR. KH. ZUBEIR AHMAD I NO. 19
10260039,SMK SWASTA PAB 8 SAMPALI,085261314271,smk8pabsampali@gmail.com,A,576,25,PERKUMPULAN AMAL BAKTI  SUMATERA UTARA,KAB. DELI SERDANG,KEC. PERCUT SEI TUAN,JL. PASAR HITAM NO. 69 SAMPALI
10211094,SMKS MULTI KARYA,0617864281,tu.smkmultikarya@gmail.com,A,962,77,YAYASAN MULTI GEMILANG PRESTASI,KOTA MEDAN,KEC. MEDAN AMPLAS,JL. STM NO.10 MEDAN
10214044,SMKS KARYA SERDANG,0617951530,karyaserdangs@gmail.com,B,284,23,YPTM KARYA SERDANG,KAB. DELI SERDANG,KEC. LUBUK PAKAM,JALAN GALANG LUBUK PAKAM
69831489,SMK SWASTA BINAKARYA MANDUAMAS,081263572889,smksbk0@gmail.com,B,133,14,INSAN TEKNOKRAT MANDUAMAS,KAB. TAPANULI TENGAH,KEC. MANDUAMAS,JL. AMD
60725262,SMKS AL MUHAJIRIN,082163655882,smk.almuhajirin60@gmail.com,B,60,11,PERGURUAN AL MUHAJIRIN,KAB. DELI SERDANG,KEC. SUNGGAL,KOMPLEK PERUM ANGGOTA   DPRD II DELI SERDANG
69989136,SMK SWASTA SURYA ILMU,,smkssuryailmu@gmail.com,C,40,7,,KAB. PADANG LAWAS UTARA,KEC. HALONGONAN,DESA HUTAIMBARU KEC. HALONGONAN
10259372,SMKS SRI LANGKAT,0618961168,smkssrilangkat01@gmail.com,A,759,37,LEMBAGA PERGURUAN SRI LANGKAT TANJUNG PURA,KAB. LANGKAT,KEC. TANJUNG PURA,MADRASAH NO.7
10220248,SMK SWASTA YAPIM BIRU BIRU,,smk_yapimbiru@yahoo.co.id,A,916,46,YAYASAN PERGURUAN INDONESIA MEMBANGUN (YAPIM) TARUNA,KAB. DELI SERDANG,KEC. SIBIRU-BIRU,"JL. BESAR DELITUA, LANTAI I DESA SIDOMULYO BIRU-BIRU"
69773551,SMKS YAPIM TARUNA,082166053000,yapimdolokmasihul@yahoo.co.id,A,31,9,YAYASAN PERGURUAN INDONESIA MEMBANGUN TARUNA,KAB. SERDANG BEDAGAI,KEC. DOLOK MASIHUL,DOLOK MASIHUL
10211068,SMKS BINA BERSAUDARA 2 MEDAN,0617861588,smkbinabersaudara2@yahoo.com,B,91,14,YAYASAN PENDIDIKAN BINA BERSAUDARA,KOTA MEDAN,KEC. MEDAN JOHOR,JL. BRIGJEND KATAMSO TITI KUNING NO. 43 MEDAN
10212563,SMKS HKBP PADANGSIDIMPUAN,,smkhkbppsp@gmail.com,B,42,16,YAYASAN PERGURUAN HKBP,KOTA PADANG SIDEMPUAN,KEC. PADANG SIDIMPUAN SELATAN,JALAN GEREJA NO. 1A
10201068,SMKS PERSIAPAN PADANG TUALANG,,smkpersiapanlangkat@yahoo.co.id,B,355,27,YAYASAN HAJI KASUN PERSADA,KAB. LANGKAT,KEC. PADANG TUALANG,TITI BESI
10205203,SMK SWASTA PGRI 17 LOHSARI,085372414000,smk_pgri_17@yahoo.co.id,B,385,36,PERWAKILAN YPLP PGRI PROVINSI SUMATERA UTARA,KAB. LABUHANBATU SELATAN,KEC. KAMPUNG RAKYAT,KHAMDANI NO. 9 LOHSARI
10258720,SMKS HARAPAN SIMPANG EMPAT,,smkharapansimpangempat@yahoo.co.id,B,39,3,,KAB. ASAHAN,KEC. SIMPANG EMPAT,JL. PERINTIS NO. 106 SIMPANG EMPAT
10210940,SMK SWASTA PULAU BERAYAN DARAT MEDAN,06180033453,smkpenerbanganpbdka.1medan@yahoo.co.id,A,127,21,YAYASAN PENDIDIKAN AIRINDO KACARIBU,KOTA MEDAN,KEC. MEDAN TIMUR,JL BILAL UJUNG NO 3
10212724,SMKS RAKYAT MERANTI TIMUR,085261278474,rakyatmerantitimursmkswasta@yahoo.co.id,B,147,9,SMK SWASTA RAKYAT MERANTI TIMUR,KAB. TOBA,KEC. PINTU POHAN MERANTI,MERANTI TIMUR
10202738,SMK SWASTA 1 TAMAN ILMU PARLANAAN,697193,smktamil1@yahoo.com,B,51,5,YAYASAN TAMAN ILMU,KAB. SIMALUNGUN,KEC. BANDAR,JL. LESTARI DESA PERLANAAN KEC. BANDAR
69793015,SMKS ALWASHLIYAH PANAI HULU,085275358900,smkawpanaihulu@gmail.com,B,81,12,AL JAM'YATUL WASHLIYAH,KAB. LABUHANBATU,KEC. PANAI HULU,PEKAN AJAMU
10260606,SMK SWASTA DELIMA SARI 1 TI STM HULU,082364982726,smk.delimasari@ymail.com,B,130,12,YAYASAN PERGURUAN ROKITA SARI,KAB. DELI SERDANG,KEC. SINEMBAH TNJNG MUDA HULU,JL. PERINTIS KEMERDEKAAN NO. 45 STM HULU
69956351,SMK SWASTA TARUNA BANGSA,,smktarunabangsa25@gmail.com,B,296,17,YAYASAN TARUNA BANGSA,KAB. LANGKAT,KEC. SAWIT SEBERANG,JLN.MEKAR SAWIT PONDOK XIII
10259152,SMK SWASTA NUR HASANAH 1 MEDAN,,smknurhasanah01@gmail.com,B,26,7,,KOTA MEDAN,KEC. MEDAN AMPLAS,GARU I NO 28
10257859,SMKS WIRA BANGSA,,smkswirabangsasiabu@gmail.com,B,80,8,,KAB. MANDAILING NATAL,KEC. SIABU,JL. WIRA BANGSA NO. 7
69888467,SMK SWASTA REIS CENDIKIA,06173384162,smkreiscendikia@yahoo.com,B,539,26,YAYASAN REIS CENDIKIA,KAB. DELI SERDANG,KEC. PERCUT SEI TUAN,JL. PRIMA PASAR VII DUSUN KUINI
10211700,SMKS BUDDHIST MANJUSRI,062223243,manjusrismk@gmail.com,B,34,5,YAYASAN AVALOKITESVARA PEMATANGSIANTAR,KOTA PEMATANGSIANTAR,KEC. SIANTAR SELATAN,JL.GUNUNG SIPISO PISO NO. 1 SIANTAR SELATAN
10205207,SMK SWASTA RAUDLATUL ULUUM LABUHANBATU 2,062429301,smkruan@gmail.com,B,371,20,YAYASAN PESANTREN RAUDLATUL ULUUM,KAB. LABUHANBATU,KEC. BILAH HULU,JL. BAMBU KUNING NO.68 AEK NABARA DESA PERBAUNGAN
69984610,SMK SWASTA DELISHA,081260185599,smkdelisha501@gmail.com,B,351,38,YAYASAN PENDIDIKAN DELISHA,KAB. DELI SERDANG,KEC. HAMPARAN PERAK,JL. KARYA BAKTI
10202725,SMK SWASTA SATRYA BUDI KARANG REJO,082167388544,smksatryabudikr@gmail.com,B,349,18,YAYASAN FAUZIAH ADNAN,KAB. SIMALUNGUN,KEC. GUNUNG MALIGAS,JL. ANJANGSANA NO. 83 HUTA IX DESA KARANG REJO KEC.GUNUNG MALIGAS
70043369,SMK SWASTA HANG TUAH BELAWAN,06188811872,smkhangtuahblw@gmail.com,B,158,25,YAYASAN HANG TUAH CABANG BELAWAN,KOTA MEDAN,KEC. MEDAN DELI,"JL. KL. YOS SUDARSO KM. 11,5"
10220313,SMKS TAMANSISWA,0618821958,smk_tamsisbinjai@yahoo.co.id,B,110,15,PERSATUAN PERGURUAN TAMANSISWA CABANG BINJAI,KOTA BINJAI,KEC. BINJAI KOTA,"JENDERAL SUDIRMAN NO. 11, BINJAI"
10211071,SMK SWASTA BINA SATRIA,0616853280,smkbinasatria@gmail.com,A,1026,50,YAYASAN PERGURUAN BINA SATRIA,KOTA MEDAN,KEC. MEDAN MARELAN,MARELAN IX NO.1
10261764,SMKS KREATIF MEDAN,,smkkreatifmedan@gmail.com,C,63,10,YAYASAN KREATIF MEDAN,KOTA MEDAN,KEC. MEDAN TEMBUNG,JL.PERTIWI NO.19 MEDAN
10200411,SMKS TAMAN SISWA 2 BM GALANG,0617980268,tamsisgalang1@gmail.com,B,7,3,PERSATUAN PERGURUAN TAMANSISWA CABANG GALANG,KAB. DELI SERDANG,KEC. GALANG,TAMAN SISWA NO.2 GALANG
70043176,SMK TARUNA DIPANEGARA TEBING TINGGI,081269765080,smktaruna.dipanegara@gmail.com,A,75,12,YAYASAN DIPANEGARA,KOTA TEBING TINGGI,KEC. BAJENIS,JL. KF. TANDEAN NO. 204
10205193,SMKS KIHAJAR DEWANTARA,08126424649,perguruankhd@gmail.com,B,1319,55,YAYASAN PERGURUAN KI HAJAR DEWANTARA,KAB. LABUHANBATU SELATAN,KEC. KOTA PINANG,JL.JAWA NO 121 A
10209300,SMK SWASTA SATRIA DHARMA PERBAUNGAN,0617991347,smksadharperbaungan@gmail.com,B,389,24,YAYASAN PENDIDIKAN SATRIA DHARMA PERBAUNGAN,KAB. SERDANG BEDAGAI,KEC. PERBAUNGAN,JL. AKASIA NO. 8
70034568,SMK PESANTREN BUKHORI IIBS,081396961418,smbukhori2021@gmail.com,B,9,3,YAYASAN KELUARGA BUKHARI USMAN,KAB. SERDANG BEDAGAI,KEC. SEI RAMPAH,JL. PENDIDIKAN DUSUN III
10214036,SMK SWASTA DWITUNGGAL 1 TANJUNG MORAWA,0617945530,smkdwitunggal1@gmail.com,B,196,21,PERGURUAN DWITUNGGAL,KAB. DELI SERDANG,KEC. TANJUNG MORAWA,"JL. MEDAN TANJUNG MORAWA KM 14,5 LANTAI 2 GEDUNG C"
10260807,SMK SWASTA PAB 12,06169399634,smkswastapab12@gmail.com,A,921,31,PERKUMPULAN AMAL BAKTI  SUMATERA UTARA,KAB. DELI SERDANG,KEC. PERCUT SEI TUAN,JL. KALI SERAYU DESA SAENTIS
10209399,SMKS KARTINI UTAMA SEI RAMPAH,0621441700,smkkartiniutamaa@gmail.com,B,102,15,YAYASAN PERGURUAN KARTINI UTAMA,KAB. SERDANG BEDAGAI,KEC. SEI RAMPAH,JL. TERATAI DUSUN III SEI RAMPAH SEI RAMPAH
10211597,SMK SWASTA BUDI NASIONAL,062123403,smkswbudnas_tebing@yahoo.co.id,B,144,16,SMK SWASTA BM BUDI NASIONAL,KOTA TEBING TINGGI,KEC. RAMBUTAN,JALAN LAMA NO. 18
10258861,SMKS PENERBANGAN ANGKASA MEDAN,06173360039,span.medan@gmail.com,B,23,5,YAYASAN PENGEMBANGAN PEMBANGUNAN NASIONAL SUMATERA BARAT(YPPN) SUMBAR,KOTA MEDAN,KEC. MEDAN KOTA,JL. TURI UJUNG NO. 94 MEDAN
10214078,SMK SWASTA BAYU PERTIWI,618823891,bayu.pertiwi.sunggal@gmail.com,A,121,10,,KAB. DELI SERDANG,KEC. SUNGGAL,INPRES KM 16 MEDAN - BINJAI
70010221,SMK SWASTA TAMAN INDAH SEJATI,082175976420,smkswastatamanindahsejati@gmail.com,C,96,22,YAYASAN TAMAN INDAH SEJATI,KAB. NIAS SELATAN,KEC. LAHUSA,JLN. HILIFAEMA
10214054,SMKS PAB 4 KLUMPANG,08126357968,smkpab4@gmail.com,B,135,10,PERKUMPULAN AMAL BAKTI  SUMATERA UTARA,KAB. DELI SERDANG,KEC. HAMPARAN PERAK,BESAR KLUMPANG KEBUN
10205190,SMKS MUHAMMADIYAH 3 AEK KANOPAN,0624693658,smkm3ak@yahoo.co.id,A,520,38,PIMPINAN WILAYAH MUHAMMADIYAH (PWM) PROV. SUMATERA UTARA,KAB. LABUHANBATU UTARA,KEC. KUALUH HULU,JL. KH. AHMAD DAHLAN NO.16 AEK KANOPAN
10214040,SMK SWASTA JAYA KRAMA BERINGIN,0617951789,smkjayakrama9@gmail.com,A,352,28,YAYASAN PENDIDIKAN HAJJAH KASIH INDONESIA,KAB. DELI SERDANG,KEC. BERINGIN,"JL. MIMBAR UMUM PASAR VI KEL. SIDODADI RAMUNIA, KEC. BERINGIN KAB. DELI SERDANG"
10220626,SMKS AL HUDA,081370282243,alieddihumala.hasibuan@gmail.com,B,100,9,YAYASAN PONDOK PESANTEREN GUNUNG SELAMAT,KAB. PADANG LAWAS,KEC. AEK NABARA BARUMUN,KECAMATAN AEK NABARA BARUMUN KABUPATEN PADANG LAWAS PROPINSI SUMATERA UTARA
10204031,SMKS TAMAN SISWA SUKADAMAI,,smktamansiswasukadamai@gmail.com,B,280,23,PERSATUAN PERGURUAN TAMANSISWA CABANG SUKADAMAI,KAB. ASAHAN,KEC. PULO BANDRING,JL. PROTOKOL PERHUTAAN SILAU
10264871,SMK SWASTA DAAR AL MUHSININ,081376743734,smksdaaralmuhsinin@gmail.com,B,33,14,YAYASAN PESANTREN DAAR AL MUHSININ MEKAR LARAS,KAB. BATU BARA,KEC. NIBUNG HANGUS,JL. ISTANA DUSUN IV DESA MEKAR LARAS
10211595,SMK SWASTA TI TAMAN SISWA,062121446,smktitamansiswa@gmail.com,A,247,20,PERSATUAN PERGURUAN TAMANSISWA CABANG TEBING TINGGI,KOTA TEBING TINGGI,KEC. TEBING TINGGI KOTA,JL. DEBLOD SUNDORO NO. 9
10212447,SMKS DAR AL FALAH TANJUNG BALAI,,smk.alfalah.2018@gmail.com,B,32,6,PERGURUAN DAAR AL FALAH,KOTA TANJUNG BALAI,KEC. TANJUNG BALAI SELATAN,JL. JENDERAL SUDIRMAN NO. 47A TANJUNG BALAI TANJUNG BALAI
69926076,SMKS ASGA MANDIRI,0617874880,asgamandirimedan@gmail.com,B,61,12,YAYASAN ASGA DEWI LUBIS,KOTA MEDAN,KEC. MEDAN JOHOR,JL. KARYA JAYA NO. 196 KOMPLEK KARYA JAYA SHAFIRA
10264641,SMK RIDHO ZAHRA,081263320574,smk_rz@yahoo.com,B,277,19,AZ-ZAHRA,KAB. LANGKAT,KEC. BESITANG,JL. PERJUANGAN
69972910,SMK SWASTA IT AR-RAHMAN,,arrahman.school19@gmail.com,B,67,14,YASPERG AR-RAHMAN,KAB. LANGKAT,KEC. WAMPU,DUSUN MEKAR JAYA LR. EKA
10208516,SMKS PGRI 7 BALIGE,063221885,smk.pgri07balige@gmail.com,B,23,7,PERWAKILAN YPLP PGRI PROVINSI SUMATERA UTARA,KAB. TOBA,KEC. BALIGE,JL. LIBERTY MANIK NO. 13  BALIGE
10209408,SMK SWASTA KARYA SETIA PAGAJAHAN,08126575306,smkskaryasetia@gmail.com,A,312,29,YAYASAN PERGURUAN KARYA SETIA PEGAJAHAN,KAB. SERDANG BEDAGAI,KEC. PEGAJAHAN,DESA PEGAJAHAN KECAMATAN PEGAJAHAN
10202028,SMK SWASTA PIJER PODI,062891133,smkpijerpodiberastagi@gmail.com,B,242,26,PERGURUAN PIJER PODI,KAB. KARO,KEC. BERASTAGI,JL. LETJEN JAMIN GINTING BERASTAGI
10200412,SMK SWASTA 2 DELIMA SARI,081264571927,smkswasta2delimasari@gmail.com,B,111,13,YAYASAN PERGURUAN ROKITA SARI,KAB. DELI SERDANG,KEC. SINEMBAH TNJNG MUDA HULU,JL. PERINTIS KEMERDEKAAN NO. 12
69958332,SMK SWASTA AIRLANGGA,082361931999,smkswastaairlangga8@gmail.com,B,393,12,YAYASAN PENDIDIKAN AIRLANGGA,KAB. LANGKAT,KEC. SEI BINGAI,JLN.BATU MENJAH NO.3D
69860533,SMK SWASTA HARAPAN BANDAR PULO BATANG SERANGAN,081260992514,smkharapanbanpol@gmail.com,B,207,24,YAYASAN PENDIDIKAN IR.H.MAULANA,KAB. LANGKAT,KEC. BATANG SERANGAN,JL.KWALA SAWIT DUSUN BANDAR PULO BATANG SERANGAN
10263546,SMKS TARBIYAH ISLAMIYAH,081265999819,i.tarbiyah@yahoo.com,A,358,28,TARBIYAH ISLAMIYAH,KAB. LANGKAT,KEC. SECANGGANG,JL. SEI WAMPU NO. 05
10211404,SMKS TUNAS PELITA BINJAI,0618824071,info@smktunaspelita.sch.id,A,387,39,YAYASAN PENDIDIKAN TUNAS PELITA,KOTA BINJAI,KEC. BINJAI UTARA,JLN. PERINTIS KEMERDEKAAN NO. 166
10204077,SMKS MUHAMMADIYAH 10,062342557,smksmuhammadiyah10kisaran@gmail.com,A,780,41,PIMPINAN WILAYAH MUHAMMADIYAH (PWM) PROV. SUMATERA UTARA,KAB. ASAHAN,KEC. KISARAN TIMUR,JL. MADONG LUBIS NO. 08 MUTIARA SELAWAN KISARAN TIMUR
69957448,SMK SWASTA AL-MAKSUM 2 PULAU KAMPAI,085260146052,smkalmaksum2pulaukampai@yahoo.com,B,139,13,YAYASAN HAJI MAKSUM ABIDIN  SHALEH,KAB. LANGKAT,KEC. PANGKALAN SUSU,JL.MAHTAB
10208702,SMK SWASTA GKLI SIHABONGHABONG,081269691583,smk.gkli.sihabong@gmail.com,B,6,10,YAYASAN PERGURUAN LUTHERAN INDONESIA,KAB. HUMBANG HASUNDUTAN,KEC. PARLILITAN,JL.SISINGAMANGARAJA-PARLILITAN
10261407,SMK SWASTA KESEHATAN SIDIMPUAN HUSADA,063424658,smk.kesehatansidimpuanhusada@gmail.com,C,48,20,YAYASAN PENDIDIKAN CITRA MANDIRI,KOTA PADANG SIDEMPUAN,KEC. PADANG SIDIMPUAN UTARA,JLN. JEND.BESAR ABDUL HARIS NASUTION NO .27
69990864,SMK SWASTA MUSTAFA,081376436505,yprjm.school@gmail.com,B,124,7,YAYASAN PENDIDIKAN RABITHAH JAMHIR MUSTAFA,KAB. SERDANG BEDAGAI,KEC. PERBAUNGAN,DUSUN V
69888483,SMK SWASTA AR-RASYAD,0618931631,smkarrasyad@yahoo.com,B,139,17,AR-RASYAD,KAB. LANGKAT,KEC. KUALA,JL. ANTARA PEKAN KUALA
10202737,SMK SWASTA BERDIKARI,062296763,yp.berdikari@yahoo.com,C,40,17,YAYASAN PERGURUAN BERDIKARI,KAB. SIMALUNGUN,KEC. BANDAR,KUALA TANJUNG NO. 50
10214069,SMK SWASTA TUNAS KARYA,0617949099,smktunaskarya1@gmail.com,A,444,29,YAYASAN PERGUAN TUNAS KARYA,KAB. DELI SERDANG,KEC. BATANG KUIS,JL. BATANG KUIS
10210761,SMKS QUICKLY MEDAN,08126318841,smkquickly@yahoo.co.id,TIDAK TERAKREDITASI,18,9,YAYASAN BALAI PENDIDIKAN KEJURUAN QUICKLY,KOTA MEDAN,KEC. MEDAN DENAI,JALAN MENTENG VII GANG SWASEMBADA NO. 21 MEDAN
10211596,SMK SWASTA TI YPD TEBING TINGGI,,smk.ypd20@gmail.com,A,483,34,YAYASAN PEMBANGUNAN DAYABAKTI,KOTA TEBING TINGGI,KEC. RAMBUTAN,JALAN GUNUNG MARTIMBANG NO.12
69980030,SMK SWASTA GELORA JAYA NUSANTARA,082362002540,smkgelorajaya@gmail.com,A,1058,63,YAYASAN PENDIDIKAN GELORA JAYA NUSANTARA,KOTA MEDAN,KEC. MEDAN TUNTUNGAN,JL. LETJEN JAMIN GINTING KM. 15 LINGKUNGAN I
10208703,SMKS HKBP LINTONGNIHUTA,081264334280,smkshkbplintong@gmail.com,B,110,10,YAYASAN BADAN PENYELENGGARA PENDIDIKAN HKBP,KAB. HUMBANG HASUNDUTAN,KEC. LINTONGNIHUTA,JL.GEREJA HKBP SABUNGAN
70052484,SMK SWASTA KHALISHATURRAHMI BINJAI,0618823834,khalishaturrahmismk@gmail.com,,14,12,SMP IT KHALISHATURRAHMI BINJAI,KOTA BINJAI,KEC. BINJAI SELATAN,JL. SAMANHUDI PSR. III TANAH MERAH
69975913,SMK SWASTA NUSANTARA KREATIF MANDIRI,081376899398,smknusantarakreatifmandiri@gmail.com,C,64,14,YAYASAN KARYA NUSANTARA CERDAS KREATIF,KOTA BINJAI,KEC. BINJAI UTARA,JL. SISINGAMANGARAJA NO. 21
10261521,SMKS PAB 7 LUBUK PAKAM,0617957116,smkpab7lubukpakam@yahoo.com,B,61,9,PERKUMPULAN AMAL BAKTI  SUMATERA UTARA,KAB. DELI SERDANG,KEC. LUBUK PAKAM,JL.PANTAI LABU NO. 99
10203556,SMK SWASTA HKBP SIDIKALANG,062721346,smkhkbp_sdk@yahoo.com,B,678,40,YAYASAN PENDIDIKAN HKBP SIDIKALANG,KAB. DAIRI,KEC. SIDIKALANG,JL. GEREJA NO. 1
69728735,SMKS PPM SHADR EL-ISLAM ASAHAN,085275570145,smk.ppm.shadrelislam.asahan@gmail.com,B,133,15,YAYASAN WAKAF SHADR EL-ISLAM,KAB. ASAHAN,KEC. AIR BATU,JL. BESAR DANAU SIJABUT
10211266,SMKS PGRI 8,0617867651,smkpgri570@gmail.com,C,3,2,PERWAKILAN YPLP PGRI PROVINSI SUMATERA UTARA,KOTA MEDAN,KEC. MEDAN AMPLAS,JL. STM NO. 12 E KAMPUNG BARU MEDAN
69753199,SMKS MUHAMMADIYAH 15 SINUNUKAN,082298235708,smksmuhammadiyahsinunukan15@gmail.com,B,66,13,PIMPINAN WILAYAH MUHAMMADIYAH (PWM) PROV. SUMATERA UTARA,KAB. MANDAILING NATAL,KEC. SINUNUKAN,SINUNUKAN III
10259044,SMKS PRAYATNA 1,0617382459,smkprayatna_1medan@yahoo.com,B,127,14,PERKUMPULAN PERGURUAN PRAYATNA MEDAN,KOTA MEDAN,KEC. MEDAN TEMBUNG,JL. LETDA SUJONO NO. 403 MEDAN
69892825,SMK SWASTA METHODIST,,smkmethodisttgmorawa@gmail.com,A,102,12,YAYASAN METHODIST KASIH IMANUEL INDONESIA,KAB. DELI SERDANG,KEC. TANJUNG MORAWA,JL. IRIAN NO. 239
10211254,SMKS BUDISATRYA,0617366899,budisatryasmk@yahoo.co.id,A,216,16,PERGURUAN BUDISATRYA,KOTA MEDAN,KEC. MEDAN TEMBUNG,JL. LETDA SUJONO NO. 166 MEDAN
69775676,SMKS GUSTI WIJAYA,0618751479,smkgustiwijaya@gmail.com,B,203,11,YAYASAN PERGURUAN GUSTI WIJAYA,KAB. DELI SERDANG,KEC. SUNGGAL,JL. SETIA MAKMUR NO. 63
70057227,SMK SWASTA KANAAN BERIMAN,082299947277,smkswastakanaanberiman@gmail.com,B,36,16,YAYASAN KANAAN MUTIARA BERIMAN,KAB. NIAS SELATAN,KEC. SOMAMBAWA,SINARMARA
10260966,SMKS TIK DARUSSALAM,06188814900,smkdscreative@gmail.com,A,131,24,YAYASAN PENDIDIKAN ISLAM MIFTAHUSSALAM,KOTA MEDAN,KEC. MEDAN PETISAH,JL. DARUSSALAM N0. 26 ABC
60728993,SMK SWASTA BRIGJEND KATAMSO II,06169996459,smkbkii@gmail.com,A,452,14,YAYASAN PERGURUAN NASIONAL BRIGJEND KATAMSO,KOTA MEDAN,KEC. MEDAN MARELAN,JL MARELAN RAYA NO. 19 PSR III LK XII
10261466,SMKS KHAIDIR NUR,0618824817,smkkhaidirnurbinjai7@gmail.com,A,212,16,YAYASAN PENDIDIKAN NUR ISLAMIC,KOTA BINJAI,KEC. BINJAI SELATAN,JLN. SAMANHUDI NO.213
10214101,SMKS AMIR HAMZAH 2 TI,081367920699,smktiamirhamzah84@yahoo.com,C,53,5,,KAB. DELI SERDANG,KEC. PERCUT SEI TUAN,JL.PERTAHANAN UJUNG SIMPANG BEO
69728738,SMKS PALUTA HUSADA,082365594664,palutahusada@gmail.com,B,63,2,YAYASAN PENDIDIKAN PALUTA HUSADA GUNUNG TUA,KAB. PADANG LAWAS UTARA,KEC. PORTIBI,JL. GUNUNG TUA-SIBUHUAN KM.5
10211223,SMKS HASANUDDIN,08113920486,hasanuddinsmk@yahoo.co.id,B,32,9,YAYASAN PENDIDIKAN HASANUDDIN MEDAN,KOTA MEDAN,KEC. MEDAN HELVETIA,JL. AMAL LUHUR NO. 54 MEDAN
10211994,SMKS KARYA UTAMA TANJUNG BALAI,,karyautama687@gmail.com,A,149,17,SMK SWASTA KARYA UTAMA,KOTA TANJUNG BALAI,KEC. DATUK BANDAR,"JL. PENDIDIKAN KM 4,5"
10259590,SMKS MUHAMMADIYAH,085282832004,smk.muhammadiyah14.siabu@outlook.com,B,171,15,PIMPINAN WILAYAH MUHAMMADIYAH (PWM) PROV. SUMATERA UTARA,KAB. MANDAILING NATAL,KEC. SIABU,JL. SUTAN KUMALASIAN NO. 368
10259229,SMKS PHARMACA MEDAN,0614562383,smkfarmasipharmaca@yahoo.co.id,A,92,18,YAYASAN SMF PHARMACA MEDAN,KOTA MEDAN,KEC. MEDAN PETISAH,TINTA NO. 45 MEDAN
10220305,SMK SWASTA DHARMA BHAKTI WALTER MANALU SIBORONGBORONG,063341037,dharmabhakti_smk@yahoo.com,B,267,24,YAYASAN DHARMA BHAKTI SIBORONGBORONG,KAB. TAPANULI UTARA,KEC. SIBORONGBORONG,JALAN SISINGAMANGARAJA NO. 192
10202724,SMK SWASTA SATRYA BUDI 2 PERDAGANGAN,697512,smksatryabudi2p@gmail.com,A,127,9,PERG.SATRYA BUDI PERDAGANGAN,KAB. SIMALUNGUN,KEC. BANDAR,JALAN AMAL NO. 5 PERDAGANGAN
69774754,SMKS KRISTEN TOMOSA 2,085207547532,smkstomosa@gmail.com,B,198,16,TOMOSA,KAB. NIAS,KEC. GIDO,GUNUNGSITOLI-GIDO
10261625,SMK SWASTA MANDIRI,085261040860,smkm_cm@yahoo.co.id,B,54,13,YASPEN ALIF & ALIFIA L.BATU,KAB. LABUHANBATU,KEC. PANAI HULU,JL. MASJID CINTA MAKMUR KECAMATAN PANAI HULU
10220625,SMKS AL HASANAH,0636421438,smkalhasanah2010@gmail.com,A,122,18,YAYASAN PENDIDIKAN AL HASANAH ILMI,KAB. PADANG LAWAS,KEC. BARUMUN,"JL. BAGINDA SOADUON, LK. VI PADANG LUAR SIBUHUAN"
10202024,SMK SWASTA IMMANUEL 1 KABANJAHE,324326,smkimmanuel1kjahe@yahoo.co.id,B,195,24,YAYASAN PERGURUAN IMMANUEL KABANJAHE,KAB. KARO,KEC. KABANJAHE,KATEPUL NO. 92 KABANJAHE
69733897,SMK SWASTA BUDI SETIA,0618446159,smkbudisetia@yahoo.co.id,B,388,23,YAYASAN PENDIDIKAN BUDI SETIA SUNGGAL,KAB. DELI SERDANG,KEC. SUNGGAL,JL. MEDAN BINJAI KM. 12/JL. PEMBANGUNAN NO. 40
10257609,SMKS YP RICO TUNAS HARAPAN,085361965257,bisa@smk.sch.id,C,34,7,SMKS YP RICO TUNAS HARAPAN,KAB. TAPANULI TENGAH,KEC. ANDAM DEWI,JLN. DI.PANJAITAN KM.12
10220751,SMKS PARIPURNA,,smkparipurnasekoci@yahoo.co.id,B,54,14,YPP PARIPURNA,KAB. LANGKAT,KEC. BESITANG,SIMPANG BUKIT MAS - PETANI JAYA
69966498,SMK SWASTA HARAPAN LOBU RAPPA,085276250633,smks_harapanlb@yahoo.com,B,89,10,YAYASAN PENDIDIKAN HARAPAN LOBU RAPPA,KAB. ASAHAN,KEC. AEK SONGSONGAN,JL. SIGURA-GURA KM. 10 DOLOK MARAJA
69942820,SMK SWASTA BINTANG LANGKAT,,smkswastabintanglangkat@gmail.com,B,250,23,VIVINA HUDA,KAB. LANGKAT,KEC. STABAT,JL. STABAT - SECANGGANG DUSUN I ARA CONDONG
10261533,SMKS MANDIRI AL WASHLIYAH SILANGKITANG,,smksmandirisilangkitang@gmail.com,B,136,16,YAYASAN AZIS MANDIRI,KAB. LABUHANBATU SELATAN,KEC. SILANGKITANG,PANDAYANGAN INDAH
10212770,SMK SWASTA KRISTEN BNKP GUNUNGSITOLI,063921435,smkbnkp@gmail.com,A,375,34,YAYASAN BANUA NIHA KERISO PROTESTAN GUNUNGSITOLI,KOTA GUNUNGSITOLI,KEC. GUNUNGSITOLI,JLN. PENDIDIKAN NO. 07 GUNUNGSITOLI
10261165,SMKS 1 DAERAH SEI BEJANGKAR,0623459158,smkdaerahseibejangkar@gmail.com,B,111,10,YAYASAN PERGURUAN DAERAH SEI BEJANGKAR,KAB. BATU BARA,KEC. SEI BALAI,JL. BESAR SIMPANG SEI BEJANGKAR
69964395,SMKS INSAN MANDIRI,,smkinsanm@gmail.com,B,267,18,YAYASAN ISLAMILILLAH,KAB. LANGKAT,KEC. BERANDAN BARAT,JALAN BESITANG NO. 19 SIMPANG TIGA SUSU
69989413,SMK SWASTA MAZUMA AGRO INDONESIA,085296125596,smksmazuma@gmail.com,B,95,12,,KAB. PADANG LAWAS,KEC. HUTA RAJA TINGGI,KEBUN BATARI PT. MAZUMA AGRO INDONESIA
69786182,SMKS PEMBANGUNAN SILANGKITANG,082283535271,smkpembangunansilangkitang@yahoo.co.id,B,65,6,YAYASAN PERGURUAN PEMBANGUNAN SILANGKITANG,KAB. LABUHANBATU SELATAN,KEC. SILANGKITANG,JALAN BESAR SILANGKITANG NO.8
10257578,SMKS AL JAMIYATUL WASHLIYAH,,alwashliyahsmk59@gmail.com,B,132,6,AL -JAM'IYATUL WASHLIYAH,KAB. LANGKAT,KEC. STABAT,KH. ZAINAL ARIFIN NO. 2 STABAT
69933555,SMK ABDI NUSANTARA,082165067396,smkabdinusantara@gmail.com,B,65,10,YAYASAN PENDIDIKAN ABDI NUSANTARA,KAB. SERDANG BEDAGAI,KEC. SEI BAMBAN,"JL NEGARA MEDAN- TEBING TINGGI, PARIT RAMBE NO. 198"
10259310,SMKS TI PANCA DHARMA STUNGKIT,081362186969,pancadharmasetungkit@gmail.com,B,203,20,YAYASAN PENDIDIKAN DARUSSALAM STUNGKIT,KAB. LANGKAT,KEC. WAMPU,KATA JADI STUNGKIT BINGAI
69757134,SMK SWASTA AL WASHLIYAH AMPLAS,,smkalwashliyahamplasmedan@yahoo.co.id,C,27,3,,KOTA MEDAN,KEC. MEDAN AMPLAS,JL. PANGLIMA DENAI NO. 60 AMPLAS
69961047,SMK SWASTA NEW MERPATI NUSANTARA SIHEPENG,085270059336,smknewmnsihepeng@gmail.com,B,203,24,YAYASAN SOSIAL DAN PENDIDIKAN SMK SWASTA NEW MERPATI NUSANTARA,KAB. MANDAILING NATAL,KEC. SIABU,SIHEPENG
69900388,SMK SWASTA CAHAYA,085370952185,smkswastacahaya@gmail.com,B,140,16,YAYASAN GEMA SUKMA WIJAYA,KAB. NIAS UTARA,KEC. LAHEWA,JL. BOWO NO.08 KELURAHAN PASAR LAHEWA
69893378,SMK SWASTA MADANI,082276277762,smksmadani2013@gmail.com,B,190,15,YAYASAN PENDIDIKAN MADANI MARINDAL I,KAB. DELI SERDANG,KEC. PATUMBAK,JL. PANTAI RAMBUNG PSR III
70003316,SMK SWASTA SETIA BUDI ABADI PERBAUNGAN,0617990279,setiasmk6@gmail.com,B,142,15,YAYASAN PERGURUAN SETIA BUDI ABADI PERBAUNGAN,KAB. SERDANG BEDAGAI,KEC. PERBAUNGAN,JL. SERDANG NO. 157
69956653,SMK SWASTA CERDAS MANDIRI,,,C,46,7,YAYASAN PERGURUAN CERDAS MANDIRI,KAB. DELI SERDANG,KEC. PERCUT SEI TUAN,JL. CEMARA ABADI
69758964,SMK SWASTA PAB 14 GOHOR LAMA,,smkspab14@gmail.com,B,60,8,PERKUMPULAN AMAL BAKTI  SUMATERA UTARA,KAB. LANGKAT,KEC. WAMPU,AFDELING  II PTPN  GOHOR LAMA
10211064,SMK SWASTA AL-FATTAH 2,,smkswastatialfattah@gmail.com,B,68,16,YAYASAN PERGURUAN AL-FATTAH MEDAN,KOTA MEDAN,KEC. MEDAN TIMUR,JL. CEMARA NO. 172 MEDAN
69935079,SMK SWASTA POLIBIMA,,smkswastapolibima@gmail.com,C,58,6,YP. POHON LINDUNG BINA MASYARAKAT,KAB. TAPANULI TENGAH,KEC. SIRANDORUNG,JL. DR. FERDINAN LUMBAN TOBING KECAMATAN SIRANDORUNG
10259354,SMKS BM HARAPAN,0618910319,smkharapanstabat@yahoo.com,A,392,54,YAYASAN PERGURUAN HARAPAN STABAT,KAB. LANGKAT,KEC. STABAT,LETJEND. S.PARMAN NO.5 STABAT
10261347,SMKS ALFAJAR,081375030025,smkalfajarsibuhuan@rocket.com,B,76,18,AL- FAJAR SIBUHUAN,KAB. PADANG LAWAS,KEC. BARUMUN,KH DEWANTARA SIBUHUAN
10203539,SMK SWASTA PARIWISATA PRIMA SIDIKALANG,06272520044,smkspariwisataprima@gmail.com,B,291,20,,KAB. DAIRI,KEC. SIDIKALANG,JALAN SISINGAMANGARAJA NO. 122 SIDIKALANG
10209402,SMK SWASTA MUSDA PERBAUNGAN,0617990658,smkmusdaperbaungan@gmail.com,A,1098,50,YAYASAN MUSDA PERBAUNGAN,KAB. SERDANG BEDAGAI,KEC. PERBAUNGAN,"JL. PEMATANG SIANTAR KM. 39,9 KEL. TUALANG PERBAUNGAN"
10211797,SMK SWASTA MARS,062221104,smkswastamars@ymail.com,A,184,19,YAYASAN PERGURUAN MARS,KOTA PEMATANGSIANTAR,KEC. SIANTAR TIMUR,JENDRAL AHMAD YANI NO.400 PEMATANGSIANTAR
10211076,SMKS YWKA MEDAN,0616610070,smksywkamedan@gmail.com,B,139,23,WANITA KERETA API,KOTA MEDAN,KEC. MEDAN TIMUR,JL. LAMPU NO. 2 P. BRAYAN BENGKEL MEDAN
10211815,SMKS PARIWISATA HKBP PEMATANGSIANTAR,434849,smiphkbp@yahoo.com,B,24,8,YAYASAN PENDIDIKAN HURIA KRISTEN BATAK PROTESTAN PEMATANG SIANTAR,KOTA PEMATANGSIANTAR,KEC. SIANTAR SELATAN,JL. GEREJA NO.26 PEMATANGSIANTAR
10260037,SMK SWASTA KRISTEN HARAPAN SEJAHTERA,085261246941,smks_khs@yahoo.com,B,286,22,YAYASAN HARAPAN SEJAHTERA DUNIA,KOTA GUNUNGSITOLI,KEC. GUNUNGSITOLI IDANOI,"JALAN PELUD BINAKA KM. 15,5"
69727367,SMKS MUHAMMADIYAH RANTAUPRAPAT,085182929442,smktkjmhd@yahoo.com,B,108,8,PIMPINAN WILAYAH MUHAMMADIYAH (PWM) PROV. SUMATERA UTARA,KAB. LABUHANBATU,KEC. RANTAU UTARA,JLN.K.H.AHMAD DAHLAN RANTAUPRAPAT
69964301,SMK SWASTA MASEHI SIBOLANGIT,081361100222,smpsmkmasehisibolangit@gmail.com,B,34,6,YAYASAN PENDIDIKAN KRISTEN GEREJA BATAK KARO PROTESTAN,KAB. DELI SERDANG,KEC. SIBOLANGIT,"JL.JAMIN GINTING KM.39,5 SIBOLANGIT"
10206515,SMKS MADUMA,0631371065,smkswasta.maduma@gmail.com,A,254,15,YAYASAN PERGURUAN MADUMA,KAB. TAPANULI TENGAH,KEC. PANDAN,JLN. PROF. MR. DR. M.HAZAIRIN KEL. SIBULUAN TERPADU
10202753,SMK SWASTA YPI DHARMA BUDI,0622370159,smk.dharmabudi@yahoo.com,A,241,15,YPI DHARMA BUDI,KAB. SIMALUNGUN,KEC. SIDAMANIK,MANIK MARAJA
10211813,SMKS 1 PARBINA NUSANTARA,0622431979,smk1_parbinanusantara@yahoo.co.id,A,65,14,YAYASAN PARBINA NUSANTARA,KOTA PEMATANGSIANTAR,KEC. SIANTAR SELATAN,JL. LINGGA NO. 32 PEMATANGSIANTAR SELATAN
69919141,SMK SWASTA ADVENT,06188807439,smkadventmedan18@gmail.com,B,55,5,YAYASAN PENDIDIKAN GEREJA MASEHI ADVENT HARI KETUJUH SUMATERA UTARA,KOTA MEDAN,KEC. MEDAN KOTA,JL. AIR BERSIH NO. 98A
69857921,SMK SWASTA GEMA BUWANA,081361513899,smkgemabuwana@gmail.com,B,191,14,YAYASAN PENDIDIKAN GEMA BUWANA,KAB. DELI SERDANG,KEC. PERCUT SEI TUAN,JL. GAMBIR PASAR VIII GG. ADIL
10261712,SMKS INDONESIA MEMBANGUN,0624327830,yapimrantauprapat@yahoo.co.id,A,112,11,YAYASAN PERGURUAN INDONESIA MEMBANGUN TARUNA,KAB. LABUHANBATU,KEC. RANTAU SELATAN,H.ADAM MALIK BY PASS KEL.UJUNG BANDAR
10214079,SMKS DHARMA KARYA TI BERINGIN,0617952926,smkdharma_karya@yahoo.co.id,B,380,28,YAYASAN PERGURUAN DHARMA KARYA,KAB. DELI SERDANG,KEC. BERINGIN,PANTAI LABU DSN. KEDIRI BERINGIN
69727256,SMK SWASTA  IMELDA MEDAN,0616610072,smk.imelda@yahoo.com,A,1284,63,YAYASAN IMELDA,KOTA MEDAN,KEC. MEDAN TIMUR,JL BILAL NO 52
69899223,SMK SWASTA HARAPAN SUSUA,082167996375,smkswastahans@gmail.com,C,32,14,HARAPAN SUSUA,KAB. NIAS SELATAN,KEC. SUSUA,SIFALAGO SUSUA
10264661,SMK SWASTA YAPIM TARUNA,,smkyapimseirotan@gmail.com,A,471,33,YAYASAN PERGURUAN INDONESIA MEMBANGUN TARUNA,KAB. DELI SERDANG,KEC. PERCUT SEI TUAN,JL. MEDAN BATANG KUIS DUSUN VIII
60726470,SMKS IRA,,smkswastairamedan@gmail.com,C,52,12,YAYASAN PERGURUAN IRA MEDAN,KOTA MEDAN,KEC. MEDAN TEMBUNG,JL PERTIWI NO
10212725,SMKS TRISAKTI 1 LAGUBOTI,0632331203,lagubotitrisakti@yahoo.co.id,B,22,4,,KAB. TOBA,KEC. LAGU BOTI,SIRAJA DEANG TORUAN LAGUBOTI
70002516,SMK ISLAM TERPADU NURUL IMAN SIDOMULYO,085277143742,smkitnurulimansidomulyo@gmail.com,B,164,16,YAYASAN PENDIDIKAN ISLAM (YPI) NURUL IMAN SIDOMULYO,KAB. LABUHANBATU,KEC. BILAH HILIR,DUSUN SIDOMULYO I
10261395,SMK SWASTA KRISTEN BNKP ULUSUSUA,082369302770,sukabudigiawa@gmail.com,B,128,6,YAYASAN PENDIDIKAN BNKP NIAS SELATAN,KAB. NIAS SELATAN,KEC. ULUSUSUA,GODU DESA SUSUA KECAMATAN ULUSUSUA
70048531,SMK SWASTA CIPTA KARYA,085358682782,smkciptakaryabesilam@gmail.com,B,75,3,YAYASAN CIPTA KARYA,KAB. LANGKAT,KEC. WAMPU,JL. BESILAM
10257284,SMKS AMALIYAH TI,085262363344,smkamaliyahtj3@gmail.com,B,420,27,YAYASAN PENDIDIKAN AMALIYAH HAJI MUHAMMAD MATIN,KAB. LANGKAT,KEC. SECANGGANG,K.H. AHMAD DAHLAN NO. TANJUNG TIGA
70023716,SMK SWASTA BUDI UTOMO,,,B,54,14,PERGURUAN BUDI UTOMO,KAB. DELI SERDANG,KEC. KUTAIIMBARU,DUSUN II
10211088,SMKS MARISI,0618451885,smkmarisi@gmail.com,A,389,26,SMK SWASTA MARISI MEDAN,KOTA MEDAN,KEC. MEDAN HELVETIA,JL. GURU SINUMBA NO. 2 HELVETIA TIMUR MEDAN
70043278,SMK IT INSAN KREATIF TANJUNG MORAWA,,,B,81,8,YAYASAN PENDIDIKAN KARYAWAN TANJUNG MORAWA,KAB. DELI SERDANG,KEC. TANJUNG MORAWA,"JL. MEDAN TANJUNG MORAWA KM 14,5"
10211268,SMK SWASTA RAHMAT ISLAMIYAH,,smkrahmatislamiyahmedan@gmail.com,B,327,11,YAYASAN PERGURUAN RAHMAT ISLAMIYAH,KOTA MEDAN,KEC. MEDAN HELVETIA,JL. GAPERTA UJUNG/BAKTI NO. 25 MEDAN
69728734,SMKS AS SYIFA KISARAN,06234562044,smkkeperawatan_assyifakisaran@yahoo.co.id,A,368,33,YAYASAN PENDIDIKAN AS SYIFA,KAB. ASAHAN,KEC. KISARAN TIMUR,"JL. PENDIDIKAN/SKB LK. IV KEL. KISARAN NAGA, KEC. KISARAN TIMUR"
69786453,SMKS YAPDI,,yapdi@mail.com,B,257,14,YAYASAN PENDIDIKAN DINUL ISLAM,KAB. ASAHAN,KEC. BANDAR PULAU,JALAN BESAR GONTING MALAHA
10205192,SMKS KUALUH 1 AEK KANOPAN,062492593,smkkualuhaekkanopan@yahoo.co.id,A,172,18,YAYASAN PENDIDIKAN KUALUH LABUHANBATU UTARA,KAB. LABUHANBATU UTARA,KEC. KUALUH HULU,JL. ANGKATAN 66 NO 46
10262172,SMKS RAUDHATUL ISLAMIYAH,,smkraudhatulislamiyah_simatahari@yahoo.com,B,133,8,PENDIDIKAN AL-MAKMURIYAH,KAB. LABUHANBATU SELATAN,KEC. KOTA PINANG,BESAR PADANGRI SIMATAHARI
10220301,SMK SWASTA HKI SIPAHUTAR,,smkhkisipahutar@yahoo.com,C,56,6,SMK SWASTA HKI SIPAHUTAR,KAB. TAPANULI UTARA,KEC. SIPAHUTAR,DR. T.D PARDEDE
10259577,SMK SWASTA - 2 DAERAH SEI BEJANGKAR,0623459158,smkdaerahseibejangkar@gmail.com,B,195,15,YAYASAN PERGURUAN DAERAH SEI BEJANGKAR,KAB. BATU BARA,KEC. SEI BALAI,JL. BESAR SIMPANG SEI BEJANGKAR
69949657,SMKS ISLAM TERPADU JAFARIYAH,082370239955,smkitjakfariyah@gmail.com,B,92,20,YAYASAN JA'FARIYAH,KAB. PADANG LAWAS,KEC. LUBUK BARUMUN,JALAN LINTAS SIBUHUAN - GUNUNG TUA KM 4
10210979,SMKS AL-WASHLIYAH PASAR SENEN 1,0617883282,smkbmalwashliyah@gmail.com,B,40,7,PERKUMPULAN AL JAMI'ATUL WASHLIYAH,KOTA MEDAN,KEC. MEDAN MAIMUN,PASAR SENEN NO.7 KP. BARU   MEDAN
70001951,SMK SUPIAN MEMBANGUN SILANGKITANG,081375942754,smksyapsum@gmail.com,C,164,21,YAYASAN PENDIDIKAN SUPIAN MEMBANGUN,KAB. LABUHANBATU SELATAN,KEC. SILANGKITANG,JALAN BESAR TANJUNG BERINGIN
10220629,SMKS YPIPL GUNUNG TUA,,smkswastaypiplgunungtua@yahoo.co.id,B,187,23,YAYASAN PENDIDIKAN ISLAM PADANG LAWAS,KAB. PADANG LAWAS UTARA,KEC. PADANG BOLAK,PORTIBI 134 PASAR BARU
10200421,SMKS PAB 5 KLAMBIR LIMA,0618462131,smkpab5@gmail.com,B,528,21,PERKUMPULAN AMAL BAKTI  SUMATERA UTARA,KAB. DELI SERDANG,KEC. HAMPARAN PERAK,PASAR 2 KLAMBIR 5
10201063,SMKS YPT PANGKALAN SUSU,,smkyptpsusu@gmail.com,B,145,22,SMK YPT PANGKALAN SUSU,KAB. LANGKAT,KEC. PANGKALAN SUSU,CUT NYAK DHIEN NO.1 PKL. SUSU
10211220,SMK SWASTA APIPSU MEDAN,0614551815,smkbmapipsu@gmail.com,B,54,17,APIPSU,KOTA MEDAN,KEC. MEDAN PERJUANGAN,JAMBI NO. 59 MEDAN
10212572,SMKS TERUNA PADANGSIDIMPUAN,,smksterunapadangsidimpuan.adm@gmail.com,B,523,37,YAYASAN PERGURUAN TERUNA INDONESIA,KOTA PADANG SIDEMPUAN,KEC. PADANG SIDIMPUAN UTARA,JALAN SUTAN SORIPADA MULIA
10220602,SMK SWASTA RIS MADUMA SUMBUL,0627450297,rismadumasmk3@gmail.com,B,959,46,YP. RIS MADUMA,KAB. DAIRI,KEC. SUMBUL,JL. SISINGAMANGARAJA ATAS
10258237,SMK SWASTA BHAKTI LUHUR,,bhaktiluhursmks@yahoo.com,B,138,10,YAYASAN PENDIDIKAN BHAKTI LUHUR,KAB. NIAS SELATAN,KEC. FANAYAMA,RAYA BAWOMATALUO
10257755,SMK SWASTA KITA MATAPAO,081264360326,smkswastakitamatapao@gmail.com,B,229,15,PERGURUAN KITA,KAB. SERDANG BEDAGAI,KEC. TELUK MENGKUDU,JL. PT.SOCFINDO MATAPAO
70006599,SMK TERPADU AL-FARABI,081362232237,smkterpadualfarabi@gmail.com,B,205,8,YAYASAN PENDIDIKAN MUTTAQIN AL-FARABI,KAB. DELI SERDANG,KEC. SUNGGAL,JL. PERJUANGAN NO. 177
10257753,SMKS SATRYA BUDI PERBAUNGAN,08126513609,smksatryabudiperbaungan@yahoo.com,B,246,12,PERGURUAN SATRYA BUDI PERDAGANGAN,KAB. SERDANG BEDAGAI,KEC. PERBAUNGAN,JL. K.H AHMAD TAHIR
69985003,SMK SWASTA WIDYA HUSADA MEDAN,,,B,33,7,,KOTA MEDAN,KEC. MEDAN TEMBUNG,JL. PANCING / WILLIEM ISKANDAR NO. 116
10214089,SMK SWASTA PERKUMPULAN AMAL BAKTI (PAB) 1 HELVETIA,0618457394,stmpabsatuhelvetia@yahoo.com,A,817,54,PERKUMPULAN AMAL BAKTI  SUMATERA UTARA,KAB. DELI SERDANG,KEC. LABUHAN DELI,JL. MESJID PASAR IV
70056668,SMK SWASTA BINA AGUNG NUSANTARA,,,,15,3,YAYASAN PENDIDIKAN BINA AGUNG,KAB. DELI SERDANG,KEC. SUNGGAL,JLN. LEMBAGA PEMASYARAKATAN NO. 370
69894393,SMK SWASTA AN NIMAH PULAU RAKYAT,085262746062,smkannikmahpulaurakyat@gmail.com,C,69,10,PESANTREN AN-NIKMAH PULAU RAKYAT,KAB. ASAHAN,KEC. PULAU RAKYAT,JALAN ISLAMIYAH DUSUN I
10219932,SMKS LESTARI BERINGIN DELISERDANG,085359585824,smklestariberingin472@gmail.com,C,100,11,YAYASAN PENDIDIKAN PERGURUAN PUJA KESUMA,KAB. DELI SERDANG,KEC. BERINGIN,JL. MESJID NO. 33 BERINGIN BERINGIN
10211285,SMK SWASTA MULIA PRATAMA,8362402,smkswastamuliapratama@yahoo.com,A,114,19,YAYASAN PENDIDIKAN NASIONAL MULIA PRATAMA,KOTA MEDAN,KEC. MEDAN TUNTUNGAN,JL. JAHE RAYA NO. 1 P. SIMALINGKAR MEDAN
70004892,SMK SWASTA AL-FATTAH,081252687708,smks.alfattah@gmail.com,B,51,3,YAYASAN PENDIDIKAN ISLAM AL FATTAH DELI SERDANG,KAB. DELI SERDANG,KEC. HAMPARAN PERAK,JL. DESA LAMA DUSUN II
10211590,SMK SWASTA T. DIPANEGARA,,smk.swasta.t.dipanegara@gmail.com,B,105,16,YAYASAN DIPANEGARA,KOTA TEBING TINGGI,KEC. BAJENIS,JL. KF. TANDEAN NO. 204
69883442,SMK KESEHATAN DEWANTARA HUSADA,08126459448,sekolahdewantara@gmail.com,B,157,16,YAYASAN PENDIDIKAN DEWANTARA SERGAI,KAB. SERDANG BEDAGAI,KEC. SEI RAMPAH,JALAN NEGARA MEDAN-TEBING TINGGI KM 56 FIRDAUS
10260085,SMKS PELAYARAN BAHARI,,smkpelayaranbahari@gmail.com,B,14,11,YAYASAN PERGURUAN EKA JAYA,KOTA MEDAN,KEC. MEDAN HELVETIA,JLN. TANJUNG BALAI DUSUN IV DESA SUNGGAL KANAN
10214048,SMK SWASTA  NUR AZIZI TANJUNG MORAWA,0617943535,smknuzi@gmail.com,A,682,37,YAYASAN PENDIDIKAN NUR AZIZI TANJUNG MORAWA,KAB. DELI SERDANG,KEC. TANJUNG MORAWA,JL. PAHLAWAN TANJUNG MORAWA
69945346,SMK SWASTA JERISA MANDIRI,081233994559,rohnasaragih1984@gmail.com,B,162,20,JERISA SARI HUSADA,KOTA MEDAN,KEC. MEDAN TUNTUNGAN,JL. FLAMBOYAN RAYA NO. 116
10211282,SMK SWASTA MUHAMMADIYAH 04 MEDAN,085360130494,smkmuhammadiyahbelawan@gmail.com,B,801,38,PIMPINAN WILAYAH MUHAMMADIYAH (PWM) PROV. SUMATERA UTARA,KOTA MEDAN,KEC. MEDAN KOTA BELAWAN,"JLN. MEDAN BELAWAN KM.22,5 KOMPLEK MASJID RAYA TAQWA BELAWAN"
10211279,SMKS METHODIST 8,0616616356,smkmethodist8@gmail.com,C,65,9,YAYASAN PERGURUAN KRISTEN METHODIST YOSAFAT MEDAN,KOTA MEDAN,KEC. MEDAN BARAT,JL. K.L. YOS SUDARSO NO. 166-A MEDAN
10259834,SMK SWASTA TAMAN SISWA PERDAGANGAN,062296717,smks.tamsisperdagangan@yahoo.com,B,64,8,PERSATUAN PERGURUAN TAMANSISWA CABANG PERDAGANGAN,KAB. SIMALUNGUN,KEC. BANDAR,"JL. RAJAMIN PURBA, SH NO. 95 PERDAGANGAN"
10205209,SMKS PEMDA RANTAUPRAPAT,062421728,smkpemda_rap@yahoo.com,A,765,57,YAYASAN PENDIDIKAN PEMKAB LABUHANBATU,KAB. LABUHANBATU,KEC. RANTAU SELATAN,JL. KH. DEWANTARA NO. 104 RANTAUPRAPAT
10214067,SMK SWASTA TRI KARYA SUNGGAL,0618468569,smk_swasta_tri_karya@yahoo.com,A,372,37,YAYASAN PERGURUAN TRI KARYA,KAB. DELI SERDANG,KEC. SUNGGAL,JALAN PERTANIAN NO.1
10205196,SMKS DWI GUNA KAMPUNG PAJAK,082368685635,dwiguna_smk@yahoo.co.id,A,459,32,YAY. PERG. NASIONAL DWI GUNA,KAB. LABUHANBATU UTARA,KEC. NA. IX-X,JL. BESAR KAMPUNG PAJAK
10211802,SMKS HKBP,062222358,smkshkbpsiantar@gmail.com,A,492,45,YAYASAN PENDIDIKAN HURIA KRISTEN BATAK PROTESTAN PEMATANG SIANTAR,KOTA PEMATANGSIANTAR,KEC. SIANTAR TIMUR,JL. JEND. A. YANI NO.153 PEMATANGSIANTAR
10257562,SMKS TI MULIA SECURAI,081361608042,smkstimulia09@gmail.com,B,91,7,YAYASAN PENDIDIKAN MULIA SECURAI,KAB. LANGKAT,KEC. BABALAN,MEDAN P. BRANDAN KM. 77 SECURAI KAB. LANGKAT
10259032,SMK SWASTA PEMBDA NIAS,082174071064,smk_swastapembdanias@yahoo.co.id,A,705,41,PERGURUAN PEMBDA NIAS,KOTA GUNUNGSITOLI,KEC. GUNUNGSITOLI,JALAN PELITA NO. 9 KOTA GUNUNGSITOLI
10261805,SMK SWASTA TELADAN TANAH JAWA,085262412300,smkteladan.tanah.jawa@gmail.com,A,1242,39,YAYASAN PENDIDIKAN TELADAN TANAH JAWA,KAB. SIMALUNGUN,KEC. TANAH JAWA,SISINGAMANGARAJA - BALIMBINGAN
69775667,SMKS AL HABIBI,085360696467,smkalhabibi@yahoo.com,B,46,11,DR HAJI ALI PADA,KAB. PADANG LAWAS,KEC. BARUMUN,JL. KH DEWANTARA
10211272,SMKS SILOAM 2,,medansiloam15@gmail.com,B,15,5,YAYASAN PERGURUAN SILOAM (YAPSI),KOTA MEDAN,KEC. MEDAN PERJUANGAN,JL. RAKYAT NO. 145 MEDAN
10211221,SMK SWASTA HARAPAN MEKAR 2,0616858230,smk2hammer@yahoo.com,B,110,18,YAYASAN PENDIDIKAN HARAPAN MEKAR,KOTA MEDAN,KEC. MEDAN MARELAN,JL. MARELAN RAYA NO. 77 MEDAN
10220306,SMK SWASTA PARSAORAN,081264918333,smks_parsaoran@yahoo.co.id,B,38,10,YAYASAN NUR MAROJAHAN PARSAORAN,KAB. TAPANULI UTARA,KEC. PARMONANGAN,HUTATINGGI PARMONANGAN
10220746,SMK SWASTA PUTRA JAYA STABAT,,smkstiputrajaya@gmail.com,A,677,46,YAYASAN PENDIDIKAN PUTRA JAYA JABAL RAHMAH,KAB. LANGKAT,KEC. STABAT,WONOSARI NO.59
10261176,SMK SWASTA PERTANIAN PEMBANGUNAN PUTRA JAYA STABAT,0618910811,smksppstabat@gmail.com,A,358,28,YAYASAN PENDIDIKAN PUTRA JAYA JABAL RAHMAH,KAB. LANGKAT,KEC. STABAT,JL. WONOSARI NO.59 PERDAMAIAN STABAT
10208518,SMKS KARYA PENDIDIK BALIGE,063221530,smkkaryapendidikblg1986@gmail.com,B,,0,YAYASAN SMK SW KARYA PENDIDIK BALIGE,KAB. TOBA,KEC. BALIGE,SOPOSURUNG BALIGE
69762665,SMKS ST. NAHANSON PARAPAT,063321137,smkst.nahansonparapat@gmail.com,A,350,26,YAYASAN ST. NAHANSON PARAPAT,KAB. TAPANULI UTARA,KEC. SIPOHOLON,SIPOHOLON
70004750,SMK SWASTA KARYA MANDIRI,,smkskaryamandiri@gmail.com,B,131,14,YAYASAN PENDIDIKAN ALIMA MANDIRI,KAB. LABUHANBATU UTARA,KEC. NA. IX-X,JL. LINTAS SUMATERA AEK KOTA BATU
10261592,SMKS PANCA JAYA 2 TR GA92LANG,081262963865,pancajaya@yahoo.co.id,B,28,9,YAYASAN PERGURUAN PANCA JAYA GALANG,KAB. DELI SERDANG,KEC. GALANG,SEI KARANG KP. AGAM
10209407,SMKS KARYA UTAMA 2,,smkkaryautama@gmail.com,A,484,23,YAYASAN PERGURUAN KARYA UTAMA,KAB. SERDANG BEDAGAI,KEC. DOLOK MASIHUL,JL. PENDIDIKAN NO. 10
69972844,SMK SWASTA  MELYAZ CINTA RAKYAT,,smkmelyazcintarakyat@gmail.com,B,53,18,YAYASAN PENDIDIKAN MELYAZ,KAB. DELI SERDANG,KEC. PERCUT SEI TUAN,JL. TRUNOJOYO
69786329,SMKS KRISTEN BNKP LUZAMANU,081360260874,smks.kristenbnkpluzamanu@gmail.com,B,102,16,YAYASAN BANUA NIHA KERISO PROTESTAN GUNUNGSITOLI,KAB. NIAS UTARA,KEC. LOTU,JL. TUHEMBERUA-LOTU-LAHEWA-NIAS UTARA
10259243,SMK SWASTA FARMASI APIPSU MEDAN,,smkfarmasiapipsumedan@gmail.com,A,95,15,APIPSU,KOTA MEDAN,KEC. MEDAN PERJUANGAN,JL. JAMBI NO. 59 MEDAN
10212132,SMKS EKA SATRIA SIBOLGA BM,,,C,34,6,,KOTA SIBOLGA,KEC. SIBOLGA SELATAN,JL. KS. TUBUN SARUDIK SIBOLGA PANDAN
10201331,SMKS HARAPAN BABALAN,085362426677,smkharapan.babalan@yahoo.co.id,B,333,18,YAYASAN PERGURUAN HARAPAN,KAB. LANGKAT,KEC. BABALAN,MELUR NO.82 PKL. BRANDAN
69725123,SMKS MAJU BESITANG,08126396191,ypmajubesitang@gmail.com,B,248,22,PERGURUAN MAJU BESITANG,KAB. LANGKAT,KEC. BESITANG,JL. MEDAN - B. ACEH BUKIT SELAMAT KM 105
69949660,SMKS GLORY NUSANTARA,,smkswastaglorynusantara@gmail.com,B,97,13,SMK SWASTA GLORY NUSANTARA,KAB. PADANG LAWAS,KEC. BARUMUN,JALAN SUROPATI LINGKUNGAN 3 PASAR SIBUHUAN
10259337,SMK SWASTA JABAL RAHMAH STABAT,0618910576,smktik.jabal@gmail.com,B,53,6,YAYASAN PENDIDIKAN PUTRA JAYA JABAL RAHMAH,KAB. LANGKAT,KEC. STABAT,WONOSARI NO. 59
10202756,SMK SWASTA AL WASHLIYAH 7 SERBELAWAN,0622764703,smkaw7dbn47@yahoo.co.id,A,410,33,AL JAM'IYATUL WASHLIYAH,KAB. SIMALUNGUN,KEC. DOLOK BATU NANGGAR,"JL. RAJAMIN PURBA, SH SERBELAWAN"
10211699,SMKS CINTA RAKYAT PEMATANGSIANTAR,0622431939,smkcr_siantar@yahoo.co.id,A,507,37,YAYASAN PENDIDIKAN KATOLIK SANTO YOSEPH MEDAN,KOTA PEMATANGSIANTAR,KEC. SIANTAR MARIHAT,MELANTHON SIREGAR NO. 171 BELAKANG
10262326,SMKS METHODIST CHARLES WESLEY,06142771496,smk@methodistcw.sch.id,A,15,7,YK CHARLES WESLEY,KOTA MEDAN,KEC. MEDAN BARAT,"JALAN PADANG GOLF (DALAM) KOMPLEK CBD POLONIA BLOK CC NO.108, MEDAN"
69973539,SMK SWASTA DARUL JALAL ASAHAN,085261411949,smks.daruljalal.asahan@gmail.com,B,247,10,SDS IT DARUL JALAL,KAB. ASAHAN,KEC. AIR JOMAN,JL. SYECH SILAU
10211283,SMKS MUHAMMADIYAH 6,06142902412,smksmuhammadiyah6medan@gmail.com,B,49,8,PIMPINAN WILAYAH MUHAMMADIYAH (PWM) PROV. SUMATERA UTARA,KOTA MEDAN,KEC. MEDAN AREA,JL. DENAI GG. DUA NO. 16
10200424,SMKS TAMAN SISWA 1 TR GALANG,0617980268,tamsisgalang@yahoo.co.id,C,29,4,PERSATUAN PERGURUAN TAMANSISWA CABANG GALANG,KAB. DELI SERDANG,KEC. GALANG,TAMAN SISWA NO. 2 GALANG
10263536,SMKS AL MA ARIF SIBOLGA,081375660995,imsimbolon94@gmail.com,A,70,12,YAYASAN BINTANG SEMBILAN,KOTA SIBOLGA,KEC. SIBOLGA KOTA,"JL. OPPUNG RAJA PANDANG HUTABARAT, SARUDIK NO. 04"
10214092,SMKS PELITA HAMPARAN PERAK,76314161,pelitasmks@gmail.com,B,84,13,PELITA,KAB. DELI SERDANG,KEC. HAMPARAN PERAK,EMPLASMEN B
10211253,SMK SWASTA BUDI AGUNG MEDAN,085277870075,smkbm_budiagung@yahoo.com,A,475,34,YAYASAN PERGURUAN BUDI AGUNG,KOTA MEDAN,KEC. MEDAN MARELAN,JL. PLATINA RAYA NO. 7 RENGAS PULAU
69908983,SMK SWASTA SWADAYA HAMPARAN PERAK,,smkswadayabulucina@gmail.com,B,318,10,YAYASAN PENDIDIKAN SWADAYA CENTRE,KAB. DELI SERDANG,KEC. HAMPARAN PERAK,JL. LIMO MIRI BULUH CINA
10210975,SMK SWASTA MULIA MEDAN,0618217095,smkswasta.mulia33@gmail.com,A,99,23,YAYASAN PENDIDIKAN MUSLIM LEWAT ILMU DAN AKHLAK,KOTA MEDAN,KEC. MEDAN SELAYANG,JL. KENANGA SARI NO. 33 TANJUNG SARI
69943069,SMK SWASTA HAFSYAH MEDAN,,vmhafsyah1@gmail.com,B,193,15,YAYASAN SEHAT MEDAN,KOTA MEDAN,KEC. MEDAN TEMBUNG,JALAN LETDA SUDJONO NO 241 F
10261072,SMKS ZAKIYUN NAJAH,,smkzakiyunnajah@yahoo.com,B,41,6,ZAKIYUN NAJAH,KAB. SERDANG BEDAGAI,KEC. SEI RAMPAH,JL.NEGARA KM. 57 FIRDAUS SEI RAMPAH SERDANG BEDAGAI
10211749,SMK SWASTA GKPS 3,062228337,smkgkpstiga@yahoo.com,B,127,26,YAYASAN PENDIDIKAN GKPS,KOTA PEMATANGSIANTAR,KEC. SIANTAR BARAT,SUDIRMAN NO.19 PEMATANGSIANTAR
70015352,SMK SWASTA BHARLIND,081265738674,smkitbharlind@gmail.com,A,53,10,YAYASAN PENDIDIKAN NASIONAL BHARLIND,KOTA MEDAN,KEC. MEDAN TUNTUNGAN,"JL. LETJEND JAMIN GINTING KM.10,5 NO. 21A"
10201069,SMKS BM PEMDA LANGKAT,081362466344,smkpemdalangkat@gmail.com,B,464,20,YAYASAN PENDIDIKAN PEMBANGUNAN DESA BOHOROK LANGKAT,KAB. LANGKAT,KEC. BOHOROK,VETERAN
10220753,SMK SWASTA ESA PRAKARSA,0618829306,smkesaprakarsa@gmail.com,A,564,46,YAYASAN PENDIDIKAN ESA PRAKARSA,KAB. LANGKAT,KEC. SELESAI,BINJAI - KUALA
10208523,SMKS SOPOSURUNG BALIGE,063221498,smkyaspor@gmail.com,A,89,11,SMK SWASTA SOPOSURUNG BALIGE,KAB. TOBA,KEC. BALIGE,"LIBERTI MANIK NO. 7, SOPOSURUNG"
10209392,SMKS AL WASHLIYAH 8,06188804994,smkalwashliyah8@rocketmail.com,A,456,24,AL JAM'IYATUL WASHLIYAH,KAB. SERDANG BEDAGAI,KEC. PERBAUNGAN,JL. MALINDA II KOMPLEKS SAWIT INDAH PERBAUNGAN
10210769,SMKS CIPTA KARYA,0617865278,smk_ciptakarya@yahoo.com,B,8,5,,KOTA MEDAN,KEC. MEDAN AMPLAS,JL. SELAMAT NO. 73-T SIMPANG LIMUN MEDAN
69953551,SMK SWASTA TAMAN SISWA PADANG TUALANG,,smk.tamsis.patul@gmail.com,A,429,20,PERSATUAN PERGURUAN TAMANSISWA CABANG PADANG TUALANG,KAB. LANGKAT,KEC. PADANG TUALANG,JL.BATANG SERANGAN
69948210,SMK SWASTA BIMA UTOMO BS,082168539687,bimautomobs@gmail.com,A,188,21,YAYASAN PERGURUAN BIMA UTOMO BS,KAB. DELI SERDANG,KEC. BATANG KUIS,JALAN AMPERA DUSUN I
69925726,SMK SWASTA KESEHATAN HAJI SUMATERA UTARA,0616637572,smkkeshaji01@gmail.com,A,255,23,YAYASAN PENDIDIKAN RS. HAJI,KAB. DELI SERDANG,KEC. PERCUT SEI TUAN,JL. RUMAH SAKIT HAJI MEDAN ESTATE
10260014,SMK SWASTA SINGOSARI,0617032552,smkswastasingosari@yahoo.co.id,B,74,9,YAYASAN PENDIDIKAN SINGOSARI,KAB. DELI SERDANG,KEC. DELI TUA,JL. BESAR MEDAN DELITUA KM 11 NO.1
69774549,SMKS DOKTER TENGKU HANAFI,082166669543,yaspenterupitawakal@gmail.com,B,183,15,YAYASAN PENDIDIKAN DOKTER TENGKU HANAFI,KAB. SERDANG BEDAGAI,KEC. PERBAUNGAN,"JL NEGARA MEDAN - TEBING TINGGI KM 47,5 NO 20"
69888437,SMK SWASTA WIRA KARYA MANDIRI,085359808404,smk.wirakaryamandiri@gmail.com,B,,5,YAYASAN PENDIDIKAN FATHIH AZ-ZAHRA,KAB. DELI SERDANG,KEC. SUNGGAL,JL. PERJUANGAN UJUNG NO. 215
10214052,SMK SWASTA PERKUMPULAN AMAL BAKTI (PAB) 2 HELVETIA,081361372842,smkpab2helvetia@rocketmail.com,A,377,29,PERKUMPULAN AMAL BAKTI  SUMATERA UTARA,KAB. DELI SERDANG,KEC. LABUHAN DELI,PASAR IV HELVETIA
10204069,SMKS T AMIR HAMZAH INDRAPURA,062231142,smkahamzah@gmail.com,A,961,66,YAYASAN PEND. TENGKU AMIR HAMZAH INDRAPURA,KAB. BATU BARA,KEC. AIR PUTIH,SYARIFUDDIN NO. 39 TANJUNG KUBAH-INDRAPURA
10211402,SMKS YPIS MAJU BINJAI,06188745419,smksmaju72@gmail.com,A,444,39,YAYASAN PERGURUAN IBU SUGIARTI MAJU,KOTA BINJAI,KEC. BINJAI UTARA,JL. T. AMIR HAMZAH KM 26.5 NO. 638 BINJAI
10261695,SMK SWASTA SPP SNAKMA MUHAMMADIYAH TANJUNG ANOM,082132522939,snakmamuhammadiyah76@gmail.com,A,203,20,PIMPINAN WILAYAH MUHAMMADIYAH (PWM) PROV. SUMATERA UTARA,KAB. DELI SERDANG,KEC. PANCUR BATU,JL. SNAKMA  NO. 2 TANJUNG ANOM PANCUR BATU DELI SERDANG SUMATERA UTARA
10264872,SMK SWASTA MUHAMMADIYAH 15,082380048046,smk.muhammadiyah15@gmail.com,B,107,9,PIMPINAN WILAYAH MUHAMMADIYAH (PWM) PROV. SUMATERA UTARA,KAB. BATU BARA,KEC. TANJUNG TIRAM,JL. MERDEKA NO. 70 A
69787006,SMKS SMART,0616640800,sstmedan@yahoo.com,A,7,7,YAYASAN WIRA WIDYA UTAMA,KAB. DELI SERDANG,KEC. PERCUT SEI TUAN,KOMP. GRAND CEMARA ASRI NO.88CD
10214057,SMK SWASTA PEMBANGUNAN GALANG 2,,smkspembangunangalang2@gmail.com,B,221,10,PERGURUAN PEMBANGUNAN GALANG,KAB. DELI SERDANG,KEC. GALANG,JL. PENDIDIKAN GANG SPG LINGKUNGAN VII
10220186,SMK SWASTA BISNIS DIPANEGARA TEBING TINGGI,062122484,smkb.dipanegara1987@gmail.com,B,13,3,YAYASAN DIPANEGARA,KOTA TEBING TINGGI,KEC. BAJENIS,JL. KF. TANDEAN NO. 204
69924677,SMK SWASTA MUHAMMAD YAASIIN SEI LEPAN,081370709937,smkmuhammadyaasiin@gmail.com,B,303,28,YAYASAN PENDIDIKAN MUHAMMAD YAASIIN SEI LEPAN,KAB. LANGKAT,KEC. SEI LEPAN,LINGKUNGAN SIDODADI
69840979,SMK SWASTA SATRIA MANDIRI,081361557452,smk_satriamandiri@yahoo.com,B,241,13,YAYASAN BONA SIMALUNGUN,KAB. SIMALUNGUN,KEC. BANDAR HULUAN,BANDAR TONGAH
70039428,SMK SWASTA IT ABI HUSNI,,,C,104,6,YAYASAN PENDIDIKAN ISLAM ABI HUSNI ASAHAN,KAB. ASAHAN,KEC. MERANTI,JL. JENDRAL SUDIRMAN NO. 04 DUSUN II
10214053,SMKS PAB 3 MEDAN ESTATE,,pab3medanestate@gmail.com,B,66,12,PERKUMPULAN AMAL BAKTI  SUMATERA UTARA,KAB. DELI SERDANG,KEC. PERCUT SEI TUAN,MESJID NO. 1 MEDAN ESTATE
10212722,SMKS 2 PARULIAN 4 PORSEA,063241335,smkswasta2parulian4porsea@ymail.com,A,134,13,PENDIDIKAN PARULIAN 4 PORSEA,KAB. TOBA,KEC. PORSEA,LUMBAN SIRAIT GU
10211209,SMK TI SWASTA BUDI AGUNG MEDAN,,smkbudiagung@gmail.com,A,939,52,YAYASAN PERGURUAN BUDI AGUNG,KOTA MEDAN,KEC. MEDAN MARELAN,JL. PLATINA RAYA NO. 7A MEDAN
10211383,SMKS PALAPA BINJAI,06176776066,smk.palapabinjai11@gmail.com,B,114,4,,KOTA BINJAI,KEC. BINJAI SELATAN,"SEI MUSI NO 19, BINJAI"
10204068,SMKS AL MASHUM KISARAN,082217791991,smkalmashum91@gmail.com,A,534,36,YAYASAN PERGURUAN AL MA'SHUM,KAB. ASAHAN,KEC. KISARAN BARAT,JL BATU ASAH NO.2 SIDODADI
10258722,SMKS AMAL BAKTI,081361432220,smkswastaamalbakti@gmail.com,B,162,13,YAYASAN PENDIDIKAN AMAL BAKTI,KAB. ASAHAN,KEC. SEI DADAP,JL. IRIGASI NO. 101 SEI KAMAH II
10205213,SMKS INDONESIA MEMBANGUN 2,081263656340,smkyapim2pinangawan@gmail.com,A,181,16,YAYASAN PERGURUAN INDONESIA MEMBANGUN TARUNA,KAB. LABUHANBATU SELATAN,KEC. TORGAMBA,LINTAS SUMATERA UTARA KM.18. PINANG AWAN CIKAMPAK
10211211,SMKS INDONESIA MEMBANGUN 1,0617864701,smkindonesiamembangunsatu_medan@yahoo.com,A,279,20,YAYASAN PERGURUAN INDONESIA MEMBANGUN TARUNA,KOTA MEDAN,KEC. MEDAN KOTA,JL. AIR BERSIH NO. 59 MEDAN
10211796,SMKS MUHAMMADIYAH 2,062226606,smksmuhammadiyah02@gmail.com,B,151,15,PIMPINAN WILAYAH MUHAMMADIYAH (PWM) PROV. SUMATERA UTARA,KOTA PEMATANGSIANTAR,KEC. SIANTAR BARAT,MERDEKA NO.271 SIANTAR BARAT
10259968,SMK SWASTA ERA UTAMA,082268744661,smkerautama02@gmail.com,B,186,11,YAYASAN PERGURUAN ERA UTAMA,KAB. DELI SERDANG,KEC. PANCUR BATU,JL. PEMBANGUNAN NO. 27 PANCUR BATU
10260795,SMK SWASTA ISTIQOMAH,085261685484,smk_istiqomah@ymail.com,B,9,6,ISTIQOMAH TANAH JAWA,KAB. SIMALUNGUN,KEC. TANAH JAWA,MALIGAS TONGAH
10202778,SMK SWASTA SATRYA BUDI 1 PERDAGANGAN,0622697547,smksatryabudi1@yahoo.co.id,A,900,47,PERGURUAN SATRYA BUDI PERDAGANGAN,KAB. SIMALUNGUN,KEC. BANDAR,JL. SANGNAWALUH NO. 100 PERDAGANGAN
10205216,SMKS AL WASHLIYAH 1 MERBAU,06245760097,smkalwashliyah1marbau@ymail.com,A,322,20,MAJELIS PENDIDIKAN AL WASHLIYAH,KAB. LABUHANBATU UTARA,KEC. MARBAU,JL. MESJID NO.5
10204030,SMKS TELADAN INDRAPURA,0622646307,smksteladanind.bb@gmail.com,A,270,21,YAYASAN PERGURUAN TELADAN INDRAPURA,KAB. BATU BARA,KEC. AIR PUTIH,DATUK UMAR PELANGKI NO.08 TANAH MERAH INDRAPURA
10262419,SMKS ARMINA,081383080483,smkarminamadina@ymail.com,A,72,12,ARMINA MADINA PANYABUNGAN,KAB. MANDAILING NATAL,KEC. PANYABUNGAN,JL. BHAYANGKARA RAYA NO 12
70046882,SMK SWASTA IT AISYIYAH SUMATERA UTARA,,,B,73,9,PIMPINAN DAERAH MUHAMMADIYAH (PDM) KAB. DELI SERDANG,KAB. DELI SERDANG,KEC. PERCUT SEI TUAN,JL. MESJID NO. 806
70052255,SMK SWASTA ISLAM NUR IHSAN,0617341704,smksislamnurihsan@gmail.com,C,14,7,YAYASAN PINTA HARAPAN,KOTA MEDAN,KEC. MEDAN TEMBUNG,JL. BERSAMA NO. 83 A
10262418,SMKS NAMIRA HUSADA MADINA,063621208,smknamirahusadamadina@gmail.com,B,83,23,YAYASAN NAMIRA HUSADA MADINA PANYABUNGAN,KAB. MANDAILING NATAL,KEC. PANYABUNGAN,JL. BHAYANGKARA NO. 125
69895770,SMK SWASTA AN NIMAH SILAU LAUT,082267965986,smk.swasta.annimah@gmail.com,B,55,10,SMK SWASTA AN NIMAH SILAU LAUT,KAB. ASAHAN,KEC. SILAU LAUT,JALAN AMIR MAHMUD  DUSUN I
10260602,SMK SWASTA NILA HARAPAN,0618457561,smknilaharapan@yahoo.co.id,B,317,15,YAYASAN PERGURUAN NILA HARAPAN,KAB. DELI SERDANG,KEC. SUNGGAL,"BINJAI KM 11,2"
69830082,SMK SWASTA AMANAH,081397524351,smkamanah32@gmail.com,B,94,11,AMANAH,KAB. LANGKAT,KEC. BINJAI,KECAMATAN BINJAI DESA KWALA BEGUMIT
10259922,SMK SWASTA BERINGIN BANGUN PURBA,081375102991,beringinbangunpurba@yahoo.co.id,B,58,19,YAYASAN PERGURUAN BERINGIN,KAB. DELI SERDANG,KEC. BANGUN PURBA,JL.  PERINTIS KEMERDEKAAN
69851430,SMKS DEWI SARTIKA BILAH,085360157660,smksdewisartika@gmail.com,B,273,22,YAYASAN DEWI SARTIKA BILAH,KAB. LABUHANBATU,KEC. BILAH HILIR,JLN. PROTOKOL NEGERI LAMA
70005004,SMK SWASTA DHARMA PANCASILA MEDAN,,smksdharpancasilamedan@gmail.com,A,55,7,YAYASAN DHARMA PANCASILA,KOTA MEDAN,KEC. MEDAN SELAYANG,JL. DR. MANSYUR NO. 71 C
69924168,SMK SWASTA PRESTASI UTAMA,,smksprestasiutama@gmail.com,B,140,13,YAYASAN PENDIDIKAN PRESTASI UTAMA,KAB. DELI SERDANG,KEC. SUNGGAL,JL. KALI REJO UJUNG
10220525,SMKS TI PUTRA HARAPAN,0631371652,smk_swasta_putra_harapan@yahoo.co.id,B,96,10,YAYASAN LEMBAGA PENDIDIKAN PUTRA HARAPAN,KAB. TAPANULI TENGAH,KEC. PANDAN,JLN. PROF.MR.M.HAZAIRIN
70002552,SMK SWASTA 2 TAMAN ILMU KEDAI SIANAM,,smks.2tamanilmu.kedaisianam83@gmail.com,B,244,13,YAYASAN TAMAN ILMU,KAB. BATU BARA,KEC. TANJUNG TIRAM,DUSUN GUNTUNG TENGAH DESA GUNTUNG
10211072,SMK SWASTA BINA TARUNA 1 MEDAN,0616850513,smkbinataruna_tr@yahoo.co.id,B,406,16,YAYASAN PENDIDIKAN BINATARUNA JAYA,KOTA MEDAN,KEC. MEDAN MARELAN,JL. MARELAN RAYA NO. 100 MEDAN
10201060,SMKS TI YPT PANGKALAN BERANDAN,081265782281,smkyptpkl.berandan@yahoo.com,A,466,37,YAYASAN PENDIDIKAN TEKNOLOGI,KAB. LANGKAT,KEC. BERANDAN BARAT,SYAHYAN ZAINUDDIN NO.9A
10214083,SMKS GEMA BUKIT BARISAN T MORAWA,7945939,smktmo_gbb@yahoo.co.id,B,202,14,YAYASAN PENDIDIKAN GEMA BUKIT BARISAN,KAB. DELI SERDANG,KEC. TANJUNG MORAWA,KIRI HULU/LAP.PESTON T.MORAWA
69916026,SMK SWASTA R.A. KARTINI,,smkrakartini.tebingtinggi@gmail.com,B,132,9,YAYASAN PERGURUAN R.A. KARTINI,KOTA TEBING TINGGI,KEC. RAMBUTAN,JL. K.L. YOS SUDARSO NO. 89
10211276,SMKS MARKUS 1,06142085110,smkmarkus1bm@gmail.com,A,61,5,YAYASAN PERGURUAN MARKUS,KOTA MEDAN,KEC. MEDAN HELVETIA,JL. KAPTEN MUSLIM NO.226 MEDAN
69949013,SMK SWASTA ISLAM TERPADU MADANI,,smksitmadani@gamil.com,C,101,11,YAYASAN SEKOLAH ISLAM TERPADU MADANI,KAB. LABUHANBATU,KEC. BILAH BARAT,JALAN BESAR AEK BURU DUSUN BARNUNG
10259953,SMKS ZAUHARI DAMULI,,zsmks@yahoo.com,A,333,23,YAYASAN PENDIDIKAN ZAUHARI,KAB. LABUHANBATU UTARA,KEC. KUALUH SELATAN,JL. LINTAS SUMATERA NO. 35 DAMULI
10211269,SMKS RAKSANA 2,0614524356,smkraksana2@gmail.com,A,203,31,YAYASAN PENDIDIKAN RAKSANA,KOTA MEDAN,KEC. MEDAN PETISAH,JL. GAJAH MADA NO. 20 MEDAN
10220627,SMKS TONDINI NUSANTARA,,smk.tondini@yahoo.co.id,B,73,12,YAYASAN TONDINI NUSANTARA,KAB. PADANG LAWAS UTARA,KEC. PADANG BOLAK,"GUNUNGTUA LANGGAPAYUNG KM 2,5"
10214095,SMK SWASTA SINAR HARAPAN,,sinarharapan22@yahoo.co.id,B,497,29,YAYASAN PERGURUAN SINAR HARAPAN CEMERLANG,KAB. DELI SERDANG,KEC. BERINGIN,JL. PANTAI LABU GG. BALI
10261663,SMKS TKJ GEMILANG BANGSA,082399397979,smkgemilanggb@yahoo.com,B,9,7,YAYASAN PENDIDIKAN GEMILANG BANGSA,KAB. DELI SERDANG,KEC. BERINGIN,DUSUN BANJAR NEGORO B
69877410,SMKS TI GAJAH MADA,0614514978,smkti.gajahmada2014@gmail.com,B,12,9,YAYASAN PERGURUAN GAJAH MADA SUMATERA UTARA,KOTA MEDAN,KEC. MEDAN TIMUR,JALAN HM. SAID NO. 19
10212559,SMKS ABDI NEGARA 2 PADANGSIDIMPUAN,082267461056,smksabdinegara94@gmail.com,B,68,13,YAYASAN ABDI NEGARA INDONESIA,KOTA PADANG SIDEMPUAN,KEC. PADANG SIDIMPUAN UTARA,JALAN WILLEM ISKANDAR V NO. 2
69974606,SMKS SWASTA PEMBANGUNAN,082187532294,rezakusuma96@yahoo.com,C,26,6,PEMBANGUNAN,KAB. SERDANG BEDAGAI,KEC. PANTAI CERMIN,JL.PANTAI CERMIN KIRI
10200413,SMK SWASTA PEMBANGUNAN GALANG I,081375842446,smkpembangunangalang1@gmail.com,B,155,19,YAYASAN PERGURUAN PEMBANGUNAN GALANG,KAB. DELI SERDANG,KEC. GALANG,JL. PENDIDIKAN GANG SPG LINGKUNGAN VII
10261885,SMK SWASTA HARVARD,,harvardsmk@gmail.com,B,111,8,"DRS. LEMAN SEMBIRING, M. MA",KOTA MEDAN,KEC. MEDAN LABUHAN,JALAN TUAR INDAH BLOK IX NO.131 GRIYA MARTUBUNG
10210779,SMKS SILOAM 1,6611991,smksiloam1medan@gmail.com,B,3,4,YAYASAN PERGURUAN SILOAM (YAPSI),KOTA MEDAN,KEC. MEDAN PERJUANGAN,JL. SEHATI NO. 150 MEDAN
10211087,SMK YPK MEDAN,617866558,smkypkmedan@yahoo.com,A,224,29,YAYASAN PENDIDIKAN KELUARGA MEDAN,KOTA MEDAN,KEC. MEDAN KOTA,JL. SAKTI LUBIS GG. PEGAWAI NO. 8 MEDAN
69820109,SMK DELIMA NUSANTARA,,smkdnmedan@gmail.com,A,60,13,YAYASAN DELIMA NUSANTARA,KOTA MEDAN,KEC. MEDAN LABUHAN,"JL. K.L. YOS SUDARSO KM. 13,5 NO. 30-33 SIMPANG MARTUBUNG."
10211263,SMKS PARULIAN 2,0617366010,smkparulian@gmail.com,B,111,13,YAYASAN PENDIDIKAN PARULIAN MEDAN,KOTA MEDAN,KEC. MEDAN DENAI,JL. GARUDA RAYA BLOK VIII PERUMNAS II MANDALA
10211225,SMKS INDONESIA MEMBANGUN 2,0617864701,smk_bmpar@yahoo.com,A,161,13,YAYASAN PERGURUAN INDONESIA MEMBANGUN TARUNA,KOTA MEDAN,KEC. MEDAN KOTA,JL. AIR BERSIH NO. 59 MEDAN
70049040,SMK SWASTA KHAIRA UMMA,06166472250,smkskhairaumma@gmail.com,,58,11,PENDIDIKAN KHAIRA UMMA MUMTADZ,KAB. DELI SERDANG,KEC. TANJUNG MORAWA,JL. IRIAN
69953531,SMK SWASTA ALIKHLAS,081361187313,smk.alikhlassukrejo2020@gmail.com,B,25,3,YAYASAN PESANTREN ALIKHLAS BATU BARA,KAB. BATU BARA,KEC. SEI BALAI,JL. BESAR NO. 09 BETENG SUKA MAKMUR
10202733,SMK SWASTA GKPS 1 RAYA,0622331156,smkgkps1raya@gmail.com,B,138,15,YAYASAN PENDIDIKAN GKPS,KAB. SIMALUNGUN,KEC. RAYA,JL.SIANTAR-SERIBUDOLOK
10212728,SMKS 2 TRI SURYA PORSEA,063241292,smktrisuryaporsea@yahoo.co.id,B,,0,YAYASAN PERGURUAN TRI SURYA PORSEA,KAB. TOBA,KEC. PORSEA,RSU PORSEA
10220752,SMK SWASTA BINA BERSAUDARA,081397902623,binabersaudara@gmail.com,B,179,22,,KAB. LANGKAT,KEC. SELESAI,JL. LETJEND. JAMIN GINTING
10257283,SMK SWASTA  AL IKHLAS PANGKALAN SUSU,,smksalikhlaspkl.susu@gmail.com,B,266,27,YAYASAN YATIM PIATU AL IKHLAS,KAB. LANGKAT,KEC. PANGKALAN SUSU,"JL. PANGKALAN BERANDAN NO. 36, KELURAHAN BERAS BASAH"
10211075,SMK SWASTA SULTAN ISKANDAR MUDA,0618457702,smk@ypsim.com,A,481,33,YAYASAN PERGURUAN SULTAN ISKANDAR MUDA,KOTA MEDAN,KEC. MEDAN SUNGGAL,JL SUNGGAL GG BAKUL LINGKUNGAN XI MEDAN SUNGGAL
69830582,SMK SWASTA GELORA PANCASILA,,smk.gelorapancasila@gmail.com,B,108,14,YAYASAN GELORA PANCASILA PEGAJAHAN,KAB. SERDANG BEDAGAI,KEC. PEGAJAHAN,JL. PENDIDIKAN NO. 1
10211208,SMK SWASTA HARAPAN MEKAR 1,0616854514,smksatuhammer@yahoo.com,B,332,21,YAYASAN PENDIDIKAN HARAPAN MEKAR,KOTA MEDAN,KEC. MEDAN MARELAN,JL. MARELAN RAYA NO. 77 MEDAN
10260834,SMKS PELAYARAN BUANA BAHARI,0616615622,smkp_buanabahari_medan@yahoo.com,A,351,23,PENDIDIKAN BUANA BAHARI,KOTA MEDAN,KEC. MEDAN TIMUR,"BILAL UJUNG KOMP. BILAL CENTRAL  B 9, 10, 11"
10211262,SMKS PARULIAN 1,0617346982,smksparulian1@yahoo.com,A,145,16,YAYASAN PENDIDIKAN PARULIAN MEDAN,KOTA MEDAN,KEC. MEDAN KOTA,JL. STADION TELADAN NO. 23 MEDAN
10202776,SMK SWASTA ABDI SEJATI KERASAAN,,smkswastaabdisejatikerasaan@yahoo.co.id,B,326,20,YAYASAN PENDIDIKAN KATOLIK SANTO YOSEPH MEDAN,KAB. SIMALUNGUN,KEC. PEMATANG BANDAR,JL. BESAR SIANTAR PERDAGANGAN NO. 232 KERASAAN I P. BANDAR
69823298,SMKS MAYJEND SUTOYO,0618473611,smkmayjendsutoyo@gmail.com,B,185,21,YAYASAN PERGURUAN MAYJEND SUTOYO SM MEDAN,KOTA MEDAN,KEC. MEDAN SUNGGAL,JL. BANGAU NO.2 SEI SIKAMBING B MEDAN
69726984,SMK SWASTA GALANG INSAN MANDIRI,06180044136,smkkesehatangim@gmail.com,A,294,36,GALANG INSAN MANDIRI,KOTA BINJAI,KEC. BINJAI UTARA,JL. MT HARYONO NO.48
10212133,SMKS HKBP SIBOLGA,,smkhkbpsibolga123@gmail.com,A,176,13,YAYASAN PENDIDIKAN HKBP SIBOLGA,KOTA SIBOLGA,KEC. SIBOLGA KOTA,MAYJEND. S. SISWOMIHARJO NO. 6 SIBOLGA KOTA
10211392,SMKS SWAKARYA BINJAI,8825084,smkswakarya17@gmail.com,B,50,14,YAYASAN SWAKARYA BINJAI,KOTA BINJAI,KEC. BINJAI KOTA,SAMANHUDI NO.17 BINJAI
10261218,SMK SWASTA SAHATA,06225890085,smksahata@gmail.com,B,152,16,YAYASAN PENDIDIKAN SAHATA,KOTA PEMATANGSIANTAR,KEC. SIANTAR MARTOBA,"JL. RAKOETTA SEMBIRING LORONG BAJA NO. 60,"
10211246,SMKS EKA PRASETYA MEDAN,082367070774,medansmksekaprasetya@gmail.com,B,221,26,YAYASAN PERGURUAN EKA PRASETYA,KOTA MEDAN,KEC. MEDAN HELVETIA,JL. ASRAMA / JL. EKA PRASETYA NO. 1
10204078,SMKS MERANTI,085370430309,smkswastameranti@gmail.com,B,231,11,YAYASAN PENDIDIKAN MERANTI,KAB. ASAHAN,KEC. MERANTI,JL. P. KEMERDEKAAN NO. 182 MERANTI
10262412,SMKS YAPIM TARUNA STABAT,0618910118,yapimstabat@gmail.com,B,60,7,YAYASAN PERGURUAN INDONESIA MEMBANGUN TARUNA,KAB. LANGKAT,KEC. STABAT,JL. JENDRAL. SUDIRMAN
10211386,SMKS PABA BM BINJAI,0618822657,yaspend@paba-binjai.sch.id,A,179,16,PANCA ABDI BANGSA (PABA),KOTA BINJAI,KEC. BINJAI SELATAN,"PADANG SIDEMPUAN NO. 8 RAMBUNG, BINJAI"
10261186,SMKS TAMAN SISWA LUBUK PAKAM 2,,tamansiswa_lubukpakam@yahoo.com,B,80,9,PERSATUAN PERGURUAN TAMANSISWA CABANG LUBUK PAKAM,KAB. DELI SERDANG,KEC. LUBUK PAKAM,JL. KARTINI NO. 13 GEDUNG C LT. 1
70048816,SMK SWASTA PUTRA BANGSA BERBUDI,0811637277,smkswastaputrabangsaberbudi@gmail.com,B,194,11,YAYASAN PENDIDIKAN PUTRA BANGSA BERBUDI,KAB. DELI SERDANG,KEC. DELI TUA,JL. KEBUN SAYUR LINGK.VI
10263518,SMKS INDONESIA MEMBANGUN TARUNA,081361025636,smkyapimbragas@ymail.com,B,102,15,YAYASAN PERGURUAN INDONESIA MEMBANGUN TARUNA,KAB. PADANG LAWAS UTARA,KEC. HALONGONAN TIMUR,"JL, LINTAS GUNUNG TUA - SIMPANG BRAGAS"
10201070,SMKS PEMBANGUNAN NASIONAL,062051527,smkpemnas_pangsus@yahoo.com,B,133,7,LEMBAGA PENDIDIKAN PEMBANGUNAN NASIONAL,KAB. LANGKAT,KEC. PANGKALAN SUSU,KM.100 BUKIT RATA PANGKALAN SUSU
69756126,SMKS KESEHATAN MATORKIS,081265735923,smkmatorkis@gmail.com,A,134,20,MATORKIS PADANGSIDIMPUAN,KOTA PADANG SIDEMPUAN,KEC. PADANG SIDIMPUAN TENGGARA,SIHITANG
10220754,SMK SWASTA KARYA BAKTI SELESAI,0618930649,smkskaryabakti01@gmail.com,B,35,4,YAYASAN PERGURUAN KARYA BAKTI,KAB. LANGKAT,KEC. SELESAI,JLN. BINJAI - KUALA KM.13  PASAR I PADANG CERMIN
69888482,SMK SWASTA BAABUL  ILMIL MARHAMI (BIMA),085372744130,smkbima1985@gmail.com,B,35,10,YPI BAABUL ILMIL MARHAMI (BIMA),KAB. DELI SERDANG,KEC. HAMPARAN PERAK,DUSUN MULIA KASIH DESA TANDAM HILIR II KEC. HAMPARAN PERAK
10212419,SMKS MELATI,062222248,smksmelati@gmail.com,B,17,9,YAYASAN PERGURUAN MAJELIS AMAL BAKTI ISLAM,KOTA PEMATANGSIANTAR,KEC. SIANTAR BARAT,JL.JAWA NO.27 PEMATANGSIANTAR
69725115,SMKS PAB 13 KWALA BEGUMIT,,smkpab@rocketmail.com,B,63,10,PERKUMPULAN AMAL BAKTI  SUMATERA UTARA,KAB. LANGKAT,KEC. STABAT,JL. BINJAI - STABAT KM. 35.5
10204029,SMKS TRIYADIKAYASA,081370717554,smktriyadikayasa_90@yahoo.co.id,A,375,26,YAYASAN PERGURUAN TRIYADIKAYASA,KAB. ASAHAN,KEC. AEK SONGSONGAN,JL. GUNUNG SARI BANDAR SELAMAT
69922093,SMK SWASTA ISLAMIYAH KUALUH SELATAN,081269570886,smkislamiyahkus@gmail.com,C,8,10,YAYASAN ISLAMIYAH GUNTING SAGA,KAB. LABUHANBATU UTARA,KEC. KUALUH SELATAN,JALINSUM NOMOR 210 KELURAHAN GUNTING SAGA
10258238,SMK SWASTA NUSANTARA TERPADU TELUKDALAM,,kristinasihura1991@gmail.com,B,103,8,PERGURUAN KARYA RAKYAT,KAB. NIAS SELATAN,KEC. TELUK DALAM,JL. SUDIRMAN NO. 10 TELUKDALAM
69786963,SMK SWASTA AL-AZIS,08126421041,smk_alazis@yahoo.com,A,397,30,YAYASAN ELPI AL-AZIS RANTAUPRAPAT,KAB. LABUHANBATU,KEC. BILAH BARAT,JLN.BESAR KARYA MAJU DESA JANJI
10211210,SMKS IMMANUEL,081228458151,smkimmanuel555@gmail.com,B,100,20,YAYASAN PERGURUAN IMMANUEL MUNTHE,KOTA MEDAN,KEC. MEDAN PETISAH,JL. GATOT SUBROTO NO. 325 MEDAN
10205191,SMKS METHODIST AEK NABARA,0624520246,smk_methodistan@yahoo.com,B,133,9,YPKMA,KAB. LABUHANBATU,KEC. BILAH HULU,JL. JEND. AHMAD YANI NO. 58
10211085,SMKS YASPI LABUHANDELI,0616940964,smkyaspi@yahoo.co.id,B,557,30,YAYASAN PERGURUAN ISLAM (YASPI) LABUHAN DELI,KOTA MEDAN,KEC. MEDAN LABUHAN,JL. K.L. YOS SUDARSO KM. 16.8 MEDAN
10214096,SMKS SINAR HUSNI 2 TR L DELI DELISERDANG,0618463690,ssinarhusni@yahoo.co.id,A,1372,77,YAYASAN PENDIDIKAN SINAR HUSNI,KAB. DELI SERDANG,KEC. LABUHAN DELI,JL. VETERAN GG. UTAMA PSR. 5 HELVETIA LABUHAN DELI
10261569,SMKS CITRA ABDI NEGORO,08126599119,smk_can@yahoo.co.id,B,491,26,YAYASAN PENDIDIKAN CITRA ABDI NEGORO,KAB. BATU BARA,KEC. SEI BALAI,JL. PENDIDIKAN DUSUN  TERATAK
10205184,SMK SWASTA SITI BANUN,704001,smkswastasitibanun@gmail.com,A,582,45,YAYASAN BUNDA SITI BANUN,KAB. LABUHANBATU,KEC. RANTAU SELATAN,JL. H.M SAID NO. 213 SIGAMBAL
10257889,SMKS ABDI NEGARA,,smkswasta.abdinegara.binjai@gmail.com,B,408,29,YAYASAN PUSAT PENGEMBANGAN SUMBER DAYA MANUSIA ABDI NEGARA BINJAI,KOTA BINJAI,KEC. BINJAI UTARA,JL.T. AMIR HAMZAH NO.682
10202757,SMK SWASTA AL WASHLIYAH 2 PERDAGANGAN,062296803,smk.awpdn2@gmail.com,A,933,46,YAYASAN PENDIDIKAN KELUARGA INSAN CENDIKIA SIMALUNGUN,KAB. SIMALUNGUN,KEC. BANDAR,JL. STADION NO. 2 PERDAGANGAN
10211381,SMKS PERTANIAN PABA BINJAI,06177768173,yaspend@paba-binjai.sch.id,A,127,8,PANCA ABDI BANGSA (PABA),KOTA BINJAI,KEC. BINJAI SELATAN,JL. PADANG SIDEMPUAN NO.8
10259348,SMK SWASTA AR-RAHMAN,06184504184,arrahman.smk@gmail.com,A,304,24,YAYASAN PENDIDIKAN ARRAHMAN MEDAN,KOTA MEDAN,KEC. MEDAN HELVETIA,JL. H.A.MANAF LUBIS NO 58 MEDAN
69726557,SMKS USWATUN HASANAH,081263431460,smksuhalwashliyah@gmail.com,B,64,10,MAJELIS PENDIDIKAN PEMIMPIN WILAYAH AL-WASHLIYAH SUMUT,KAB. LABUHANBATU,KEC. RANTAU UTARA,PADANG MATINGGI
10214091,SMK SWASTA PAB 6 MEDAN ESTATE,081370570904,smkpab6medes76@yahoo.com,B,91,15,PERKUMPULAN AMAL BAKTI  SUMATERA UTARA,KAB. DELI SERDANG,KEC. PERCUT SEI TUAN,JL. MESJID NO. 1
10257607,SMKS BM CLEMEN TAPIANNAULI,06317397192,smkclemen@gmail.com,B,23,3,YAYASAN PERGURUAN DAN PENDIDIKAN TAPIANNAULI,KAB. TAPANULI TENGAH,KEC. TAPIAN NAULI,"JLN. SIBOLGA-BARUS KM. 9,2 PORIAHA"
10202734,SMK SWASTA GKPS 2 PEMATANGSIANTAR,06227552140,smkgkps2@gmail.com,A,235,48,YAYASAN PENDIDIKAN GKPS,KAB. SIMALUNGUN,KEC. SIANTAR,JL. MEREK RAYA PEMATANG SIANTAR
69881543,SMK KESEHATAN TRIDARMA,085165953947,smkkesehatantridarma@yahoo.co.id,B,231,24,YP. TRIDARMA,KOTA PEMATANGSIANTAR,KEC. SIANTAR UTARA,JLN. PDT. J WISMAR SARAGIH NO. 68
10211215,SMK SWASTA MARKUS 2 MEDAN,0618459970,smkswastamarkus2medan@yahoo.com,A,163,15,YAYASAN PERGURUAN MARKUS,KOTA MEDAN,KEC. MEDAN HELVETIA,JL PEMBANGUNAN NO 04 MEDAN
69970669,SMK SWASTA AL-MANAR KOTAPINANG,,smkalmanar@yahoo.com,TIDAK TERAKREDITASI,1,4,,KAB. LABUHANBATU SELATAN,KEC. KOTA PINANG,JL. BEDAGAI BUKIT KOTAPINANG
10211379,SMKS 2 SATRIA BINJAI,0618823522,smks2satriabinjai@gmail.com,B,60,8,YAYASAN PENDIDIKAN SATRIA NUSANTARA,KOTA BINJAI,KEC. BINJAI TIMUR,"SOEKARNO HATTA KM. 19,5 BINJAI"
10211078,SMK SWASTA TELADAN SUMATERA UTARA 2,087708191440,smkteladan.sumut2@gmail.com,B,176,20,YAYASAN PERGURUAN TELADAN SUMATERA UTARA,KOTA MEDAN,KEC. MEDAN HELVETIA,JL. PENDIDIKAN NO. 62 MEDAN
69787007,SMKS AL-BUKHARY,062423939,al_bukhary@yahoo.com,A,76,18,PERGURUAN DWINA LABUHANBATU,KAB. LABUHANBATU,KEC. RANTAU SELATAN,JLN.SEMPURNA KOMPLEK PERUM. EKO SEMPURNA
69946694,SMK SWASTA NUSANTARA ULUSUSUA,081362706910,ulususuasmksnusantara@gmail.com,C,67,21,PERGURUAN KARYA RAKYAT,KAB. NIAS SELATAN,KEC. ULUSUSUA,ORUDUA SIBOHOU
69937373,SMK SWASTA KESEHATAN RACHMAD INSANI,0620322907,smkrachmadinsanibabalan@gmail.com,B,67,8,YAYASAN PENDIDIKAN SMK KESEHATAN RACHMAD INSANI BABALAN,KAB. LANGKAT,KEC. BABALAN,JL. TANJUNG PURA NO. 59
69727369,SMK SWASTA SARTIKA,082172945574,smkswastasartikajaya@gmail.com,B,59,13,YAYASAN PENDIDIKAN SEKOLAH MENENGAH KEJURUAN KESEHATAN SARTIKA,KAB. LABUHANBATU,KEC. RANTAU UTARA,JLN.ISLAMIC CENTRE NO.1 RANTAUPRAPAT
69821193,SMK SWASTA HAMID HAMKA,081269166865,smkhamidhamka@gmail.com,B,309,23,YAYASAN HAMID HAMKA,KAB. MANDAILING NATAL,KEC. BUKIT MALINTANG,JL. LINTAS SUMATERA MEDAN PADANG
69787163,SMKS EKA HUDDA,08126448732,ekahudda03@gmail.com,B,65,6,YAYASAN PENDIDIKAN EKA HUDDA,KAB. DELI SERDANG,KEC. HAMPARAN PERAK,JL. TANDEM HILIR 1 DUSUN VIII
10211804,SMKS SURYA PEMATANGSIANTAR,062225612,surkomsiantar@gmail.com,B,41,19,YAYASAN PENDIDIKAN SURYA PEMATANGSIANTAR,KOTA PEMATANGSIANTAR,KEC. SIANTAR TIMUR,DALIL TANI NO 55 PEMATANGSIANTAR
10211096,SMKS SAMUDERA INDONESIA,082136956426,smksamin.dapodik@gmail.com,B,237,27,SMK SWASTA SAMUDERA INDONESIA MEDAN,KOTA MEDAN,KEC. MEDAN MARELAN,JL. ABDUL SANI MUTHALIB KOMP. YUKA
69857719,SMK SWASTA AN NAAS,082274578817,smkannaas.bji@gmail.com,B,88,17,YAYASAN PENDIDIKAN AN NAAS,KOTA BINJAI,KEC. BINJAI TIMUR,JL. SISINGAMANGARAJA NO. 99
10212663,SMKS 1 TAMAN SISWA,062222503,smk1tamansiswa.siantar@gmail.com,B,352,33,PERSATUAN PERGURUAN TAMANSISWA CABANG PEMATANGSIANTAR,KOTA PEMATANGSIANTAR,KEC. SIANTAR BARAT,JL. KARTINI NO.18 PEMATANGSIANTAR
10220302,SMK SWASTA 2 HKI TARUTUNG,,smkswasta2hkitarutung@gmail.com,C,32,8,PERGURUAN HKI,KAB. TAPANULI UTARA,KEC. TARUTUNG,"DR. FERDINAND LUMBANTOBING, NO.73 TARUTUNG"
70034875,SMK SWASTA NASIONAL NAMOTERASI,,,A,57,16,NASIONAL NAMOTERASI,KAB. LANGKAT,KEC. SEI BINGAI,JL. LINGGA PSR IV NAMOTERASI
69725096,SMKS SRI WAMPU,085297247614,smksriwampu@gmail.com,A,115,29,YAYASAN SRI WAMPU,KAB. LANGKAT,KEC. WAMPU,JL. ABADI
69979558,SMK SWASTA TELADAN BANGUN SIMALUNGUN,06227355246,,B,179,19,PERGURUAN TELADAN BANGUN SIMALUNGUN,KAB. SIMALUNGUN,KEC. GUNUNG MALELA,JL. ASAHAN KM. 13 SENIO
10211249,SMK SWASTA BINA TARUNA 2,0616850513,smkbinataruna2medan@gmail.com,B,392,16,YAYASAN PENDIDIKAN BINATARUNA JAYA,KOTA MEDAN,KEC. MEDAN MARELAN,"JL. MARELAN RAYA PASAR III, NO. 100 KEC. MEDAN MARELAN"
69733965,SMKS CENDIKIA BANGSA,085244227623,smkscendikiabangsa02@gmail.com,B,63,15,YAYASAN PONDOK PESANTREN AT-TAUFIQURRAHMAN,KAB. LABUHANBATU UTARA,KEC. KUALUH HULU,JL. ABDUL WAHID CENDIKIA BANGSA
10211227,SMKS JAMBI,0617382636,smksjambimedan@gmail.com,A,660,47,YAYASAN PENDIDIKAN JAMBI MEDAN,KOTA MEDAN,KEC. MEDAN TEMBUNG,JL. PERTIWI NO. 116 MEDAN
10206597,SMKS TI MUHAMMADIYAH 11 SIBULUAN,0631371578,info@smkm11tapteng.sch.id,B,420,30,PIMPINAN WILAYAH MUHAMMADIYAH (PWM) PROV. SUMATERA UTARA,KAB. TAPANULI TENGAH,KEC. PANDAN,"JLN. PADANG SIDEMPUAN KM.7,5  PAGARAN"
10220445,SMK SWASTA AL KAROMAH BERASTAGI,06287000710,smkalkaromahberastagikaro@gmail.com,B,218,12,YAYASAN PENDIDIKAN DAN DAKWAH PONDOK PESANTREN AL KAROMAH,KAB. KARO,KEC. BERASTAGI,"JAMIN GINTING KM. 1,7"
10211818,SMKS TELADAN PEMATANGSIANTAR,062222210,smkteladan_pem.siantar@yahoo.co.id,A,619,43,PENDIDIKAN TELADAN,KOTA PEMATANGSIANTAR,KEC. SIANTAR BARAT,"JALAN SINGOSARI NO. 3 KEL. BANTAN, KEC. SIANTAR BARAT, KOTA PEMATANGSIANTAR"
69987318,SMK SWASTA TUNAS BANGSA KWALA BEGUMIT,081362096492,smkstunasbangsa@gmail.com,B,251,6,,KAB. LANGKAT,KEC. BINJAI,JL. S.PARMAN NO. 6
10214100,SMK SWASTA TRI SAKTI  LUBUK PAKAM,,trisaktismkswasta@gmail.com,B,242,36,PERGURUAN TRI SAKTI,KAB. DELI SERDANG,KEC. LUBUK PAKAM,JL.PEMATANG SIANTAR NO.80 A LUBUK PAKAM
70007011,SMK SWASTA BUDAYA LANGKAT,081374772021,smkswastabudayalangkat14@gmail.com,C,126,14,YAYASAN PENDIDIKAN ISLAM BUDAYA LANGKAT,KAB. LANGKAT,KEC. SECANGGANG,JL. PURWOSARI DUSUN III PASAR BARU
69954155,SMK SWASTA TRITECH INDONESIA,06142566666,smktritech.indonesia@gmail.com,C,98,7,YAYASAN PENDIDIKAN GLOBAL NUSANTARA,KOTA MEDAN,KEC. MEDAN DELI,JL. SUASA TENGAH PSR IV GG ISTIQOMAH
10209283,SMKS YAPIM SEI BAMBAN,,yapimsb@gmail.com,A,169,19,YAYASAN PERGURUAN INDONESIA MEMBANGUN TARUNA,KAB. SERDANG BEDAGAI,KEC. SEI BAMBAN,JL.BESAR DESA PON
10261742,SMK SWASTA INDONESIA MEMBANGUN TARUNA,082365168383,yapimperdagangan@yahoo.co.id,A,124,13,YAYASAN PERGURUAN INDONESIA MEMBANGUN TARUNA,KAB. SIMALUNGUN,KEC. BANDAR,"JL. RAJAMIN PURBA SH, KEL. PERDAGANGAN III, KEC. BANDAR, KAB. SIMALUNGUN"
69734384,SMKS DAARUL MUHSININ JANJI MANAHAN KAWAT,081397383940,smk.daarulmuhsinin@yahoo.com,B,93,27,YAYASAN PESANTREN DAARUL MUHSININ,KAB. LABUHANBATU,KEC. BILAH HULU,JANJI MANAHAN KAWAT
10261177,SMKS PAB 10 PATUMBAK,082289552468,smkpab10patumbak.bisa@gmail.com,B,391,31,PERKUMPULAN AMAL BAKTI  SUMATERA UTARA,KAB. DELI SERDANG,KEC. PATUMBAK,PERTAHANAN UJUNG
10261310,SMKS PELITA HARAPAN,085262171720,smkpelitaharapan08@yahoo.co.id,C,36,11,LEMBAGA PENDIDIKAN PELITA HARAPAN,KAB. PADANG LAWAS,KEC. LUBUK BARUMUN,PASAR LATONG
69978917,SMK SWASTA INDAH MAJU JAYA,082370533597,smkswastaindahmajujaya@yahoo.com,C,34,7,YAYASAN INDAH MAJU JAYA GROUP,KAB. LANGKAT,KEC. BATANG SERANGAN,DUSUN RUMAH SEKOLAH
69952896,SMK SWASTA NUSA INDAH,081375835043,smkswastanusaindah@gmail.com,B,308,15,YAYASAN NUSA INDAH,KAB. LANGKAT,KEC. SECANGGANG,TELAGA JERNIH TRANS BLOK M
10259305,SMK TELKOM 2 MEDAN,06142905258,smksandhyputra2medan@gmail.com,A,418,31,YAYASAN PENDIDIKAN TELKOM,KOTA MEDAN,KEC. MEDAN AREA,JL. HALAT NO. 68
69758395,SMKS DHARMA PATRA PANGKALAN SUSU,062051013,smkdharmapatrapsusu@gmail.com,B,505,25,YAYASAN PENDIDIKAN DHARMA PATRA PANGKALAN SUSU,KAB. LANGKAT,KEC. PANGKALAN SUSU,JL. BENGKALIS NO. 72
10211288,SMKS NURCAHAYA,0618213460,smk.nurcahaya@yahoo.com,A,75,7,PENDIDIKAN NURCAHAYA,KOTA MEDAN,KEC. MEDAN SELAYANG,JL. BUNGA CEMPAKA NO. 41 MEDAN
10260806,SMKS BERSINAR,,smkswastabersinar@yahoo.com,C,21,7,YAYASAN BERSINAR,KAB. DELI SERDANG,KEC. PERCUT SEI TUAN,PERKUSI NO. 25  DUSUN 3 A
10211065,SMKS AL-WASHLIYAH PASAR SENEN 2,0617883852,smkti_alwashliyahpasarsenenmedan@yahoo.co.id,B,131,13,PERKUMPULAN AL JAMI'ATUL WASHLIYAH,KOTA MEDAN,KEC. MEDAN MAIMUN,JL. PASAR SENEN NO 7
10211273,SMK PADAMU NEGERI MEDAN,,smkpadamunegeri@yahoo.com,B,63,6,YAYASAN PENDIDIKAN GAJAHMADA,KOTA MEDAN,KEC. MEDAN DENAI,JL. MENTENG TUJUH NO. 125 MEDAN
10261180,SMK SWASTA CITRA BANGSA AL ITTIHAD,062429692,smk.citrabangsa@rocketmail.com,B,326,21,PERGURUAN AL-ITTIHAD AEK NABARA,KAB. LABUHANBATU,KEC. BILAH HULU,JL. AHMAD YANI NO. 20 AEK NABARA
10209284,SMKS TELADAN SEI RAMPAH,085260510101,smkteladanseirampah@gmail.com,B,348,18,YAYASAN PENDIDIKAN MUSLIM PERSADA SEI RAMPAH,KAB. SERDANG BEDAGAI,KEC. SEI RAMPAH,JL.MEDAN.NO 5 SEI RAMPAH
10211393,SMKS TEKNIK PABA BINJAI,081370575123,teknik@paba-binjai.sch.id,A,487,41,PANCA ABDI BANGSA (PABA),KOTA BINJAI,KEC. BINJAI SELATAN,JL. PADANG SIDEMPUAN NO.8
10211791,SMKS PELITA,0622434858,pelita_smk@ymail.com,A,211,21,YAYASAN PENDIDIKAN PELITA PEMATANGSIANTAR,KOTA PEMATANGSIANTAR,KEC. SIANTAR MARIHAT,MELANTHON SIREGAR NO 155 PEMATANGSIANTAR
69945292,SMK SWASTA YASPENMAS,085275454814,smkswastayaspenmas@gmail.com,B,70,10,YAYASAN PENDIDIKAN MASYARAKAT,KAB. LANGKAT,KEC. SEI LEPAN,JLN.SIDODADI JASA MAKMUR
69938168,SMK SWASTA PARIWISATA IMELDA,06142065647,smkpar.imelda@gmail.com,A,668,43,YAYASAN IMELDA,KOTA MEDAN,KEC. MEDAN TIMUR,JL. BILAL NO. 48
10211800,SMK KARTINI YPI AL - MADJID,0622430246,smkkartiniypi@yahoo.co.id,B,57,11,YAYASAN PENDIDIKAN ISLAM,KOTA PEMATANGSIANTAR,KEC. SIANTAR BARAT,BRIGJEND RAJAMIN PURBA SH PEMATANGSIANTAR
10203541,SMKS TEKNIK DAIRI,062721428,smkteknikdairisidikalang@yahoo.co.id,B,224,18,YAYASAN SMK TEKNIK DAIRI,KAB. DAIRI,KEC. SIDIKALANG,JL. PELITA NO. 14 SIDIKALANG
10204032,SMKS TAMAN SISWA KISARAN,062341349,smktamansiswaksrn@yahoo.com,B,27,11,PERSATUAN PERGURUAN  TAMANSISWA CABANG KISARAN,KAB. ASAHAN,KEC. KISARAN BARAT,JL. HOS COKROAMINOTO NO. 341 KISARAN KISARAN BARAT
10219931,SMKS AKP BERINGIN,082370634399,smkakp_beringin@yahoo.co.id,A,247,17,AWAL KARYA PEMBANGUNAN,KAB. DELI SERDANG,KEC. BERINGIN,TUMPATAN BERINGIN
69883518,SMK SWASTA AL WASHLIYAH 17 AIR PUTIH,0622646076,smkalwashliyah17airputih@gmail.com,C,44,11,AL JAM'IYATUL WASHLIYAH,KAB. BATU BARA,KEC. AIR PUTIH,JL. SYARIFUDDIN NO. 10
10258721,SMKS HARAPAN DANAU SIJABUT,081371496356,smkswasta_harapandanausijabut@yahoo.com,B,48,11,YAYASAN PENDIDIKAN PESANTREN HARAPAN DANAU SIJABUT,KAB. ASAHAN,KEC. AIR BATU,JL. BESAR DANAU SIJABUT
10211066,SMK SWASTA AL WASHLIYAH 4 MEDAN,081341995794,smksaw4medan@gmail.com,B,464,30,PERKUMPULAN AL JAMI'ATUL WASHLIYAH,KOTA MEDAN,KEC. MEDAN AMPLAS,JL. SM. RAJA/JL. GARU II NO. 2 MEDAN
10259611,SMKS HARAPAN BARU,081225502011,smksharapanbarumedan1@gmail.com,B,80,8,YAYASAN PENDIDIKAN HARAPAN BARU SUMATERA UTARA,KOTA MEDAN,KEC. MEDAN JOHOR,JL. PINTU AIR IV GG. LINGGA RAYA
10202022,SMK SWASTA BERSAMA BERASTAGI,062891076,ypbersamaberastagi53@gmail.com,B,192,17,YAYASAN PERGURUAN BERSAMA BERASTAGI,KAB. KARO,KEC. BERASTAGI,JL.JAMIN GINTING SIMPANG UJUNG AJI
10262377,SMK SWASTA INDONESIA MEMBANGUN TARUNA,0617386806,yapim_tbk@yahoo.co.id,C,161,19,YAYASAN PERGURUAN INDONESIA MEMBANGUN TARUNA,KAB. DELI SERDANG,KEC. BATANG KUIS,JL. BATANG KUIS - TANJUNG MORAWA GG. BARU DUSUN IV
70003975,SMK NUSANTARA ANGKASA MARITIM,,smknusantaraangkasamaritim@gmail.com,B,97,11,YAYASAN PENDIDIKAN NUSANTARA ANGKASA MARITIM,KAB. SERDANG BEDAGAI,KEC. PERBAUNGAN,JL. NEGARA MEDAN – TEBING TINGGI
10209403,SMK SWASTA MELATI PERBAUNGAN,88804009,smkmelatiperbaungan@yahoo.com,B,200,31,PERGURUAN MELATI,KAB. SERDANG BEDAGAI,KEC. PERBAUNGAN,"JL. MALINDA III SAWIT INDAH, KEL. BATANG TERAP - KEC. PERBAUNGAN"
10212773,SMK SWASTA EMMANUEL AGUNG,082358468969,emmanuelagungsmk.ysea@gmail.com,B,79,16,YAYASAN SEKOLAH EMMANUEL AGUNG,KOTA GUNUNGSITOLI,KEC. GUNUNGSITOLI,JL. MELATI NO. 159 - 161 LANDATAR ILIR
10263519,SMK SWASTA PLUS KESEHATAN EFARINA,622331578,smkplusefarina@gmail.com,A,38,13,YAYASAN PENDIDIKAN EFARINA,KAB. SIMALUNGUN,KEC. SILIMAKUTA,JLN. NAWAR TARGER NO.01 SARIBUDOLOK
10211244,SMK SWASTA GAJAH MADA,0618226423,smkswastagajahmadamedan71@gmail.com,A,105,16,YAYASAN HAJI YAHYA SUMARDI PERGURUAN GAJAH MADA MANDIRI,KOTA MEDAN,KEC. MEDAN SELAYANG,JL. BUNGA KENANGA NO. 2 MEDAN
10211252,SMK SWASTA BRIGJEND KATAMSO MEDAN,06142563570,smk.brigjendkatamso1@gmail.com,A,482,25,YAYASAN PERGURUAN NASIONAL BRIGJEND KATAMSO,KOTA MEDAN,KEC. MEDAN SUNGGAL,JL. SUNGGAL NO. 370
69986226,SMK SWASTA RUHUL ANSHOR,,smk.ruhul.anshor@gmail.com,B,143,13,YAYASAN PENDIDIKAN RUHUL ANSHOR,KAB. LABUHANBATU SELATAN,KEC. TORGAMBA,"DUSUN BUNUT PEKAN, DESA BUNUT KECAMATAN TORGAMBA"
69816997,SMK SWASTA ROKITA SARI 2,0617989208,smk2swasta_rokitasari@rocketmail.com,A,133,18,YAYASAN PERGURUAN ROKITA SARI,KAB. DELI SERDANG,KEC. BANGUN PURBA,JLN. PERLUASAN KOTA NO. 6
10214084,SMK SWASTA KARYA JAYA,,smkswastakaryajaya@gmail.com,A,155,9,SMK SWASTA KARYA JAYA,KAB. DELI SERDANG,KEC. TANJUNG MORAWA,"JL. MEDAN LUBUK PAKAM KM 22,5"
69775766,SMKS MUHAMMADIYAH 16,0621441790,smkmuhammadiyah16@gmail.com,B,321,19,PIMPINAN WILAYAH MUHAMMADIYAH (PWM) PROV. SUMATERA UTARA,KAB. SERDANG BEDAGAI,KEC. SEI BAMBAN,JALAN BESAR DSN I DESA PON
10211243,SMK SWASTA LAKSAMANA MARTADINATA,91085360,martadinata_medan@yahoo.com,A,1380,39,PERGURUAN LAKSAMANA MARTADINATA,KOTA MEDAN,KEC. MEDAN BARAT,JL. PERTEMPURAN NO. 125 PULO BRAYAN MEDAN
10206514,SMKS TIK TRI MULIA BHAKTI,082161010823,info@smktrimuliabhakti.sch.id,B,328,24,YAYASAN PERGURUAN TRI MULIA BHAKTI SORKAM,KAB. TAPANULI TENGAH,KEC. SORKAM BARAT,JLN. SIBOLGA-BARUS KM. 37
69728707,SMKS PERGURUAN SUMATERA,085831448059,smksumatera2010@yahoo.co.id,B,254,10,YAYASAN PENDIDIKAN DAN PENGAJARAN PERGURUAN SUMATERA,KAB. DELI SERDANG,KEC. TANJUNG MORAWA,JL. SULTAN SERDANG PASAR VIII
69949030,SMKS BROADCASTING BINA CREATIVE (BBC),085277195648,info@smkbroadcastingbinacreative.sch.id,B,148,17,YAYASAN BINA KREATIF,KOTA MEDAN,KEC. MEDAN TIMUR,JALAN BHAYANGKARA NO. 368
10210780,SMKS TELADAN MEDAN,0617382218,info@yptteladan.or.id,A,1442,74,YAYASAN PENDIDIKAN TEKNOLOGI TELADAN MEDAN,KOTA MEDAN,KEC. MEDAN TEMBUNG,JL. BERSAMA NO.268-A/JL.PERTIWI NO.95
10212422,SMKS 2 TAMAN SISWA PEMATANGSIANTAR,,smk2tamansiswa@gmail.com,A,634,44,PERSATUAN PERGURUAN TAMANSISWA CABANG PEMATANGSIANTAR,KOTA PEMATANGSIANTAR,KEC. SIANTAR BARAT,R.A. KARTINI NO.18 PEMATANGSIANTAR
10261572,SMK SWASTA 2 TAMAN ILMU PERLANAAN,0622697193,smktamil2@yahoo.co.id,B,53,6,YAYASAN TAMAN ILMU,KAB. SIMALUNGUN,KEC. BANDAR,JL. LESTARI PERLANAAN BANDAR BANDAR/SIMALUNGUN
10220748,SMKS YPII TANJUNG PURA,0618961038,smkypii@yahoo.co.id,B,27,16,YAYASAN PENDIDIKAN ISLAM INDONESIA,KAB. LANGKAT,KEC. TANJUNG PURA,T. AMIR HAMZAH NO.31
69829364,SMK SWASTA YUDA UTAMA BAGAN TOREH,081361653399,yudautama77@yahoo.com,C,91,10,YAYASAN PENDIDIKAN KRIDA UTAMA,KAB. LABUHANBATU SELATAN,KEC. TORGAMBA,JALAN PROTOKOL BAGAN TOREH
10259665,SMK SWASTA MANDIRI,0617359905,smk_mandiri01@yahoo.com,A,1325,76,YPSM,KAB. DELI SERDANG,KEC. PERCUT SEI TUAN,JL. DATUK KABU NO. 99 PASAR 3 TEMBUNG
69978095,SMK KESEHATAN IMELDA RITONGA,,,B,269,14,YAYASAN IMELDA,KAB. LABUHANBATU,KEC. RANTAU SELATAN,JL. KARYA BAKTI NO. 20
70010989,SMK SWASTA TAMMI AL-AZHAR SIMALUNGUN,,,B,63,5,YAYASAN PENDIDIKAN TAMAN ISLAMI AL-AZHAR NAGORI PAMATANG SAHKUDA,KAB. SIMALUNGUN,KEC. GUNUNG MALELA,HUTA 3
10261174,SMKS YAPIM TEBING SYAHBANDAR,081362765959,smksyapim.ts@gmail.com,A,214,12,YAYASAN PERGURUAN INDONESIA MEMBANGUN TARUNA,KAB. SERDANG BEDAGAI,KEC. TEBING SYAHBANDAR,JL.TEBING TINGGI-INDRAPURA KM 10 DUSUN IV DESA BINJAI
69892907,SMK SWASTA SATRIA BINGAI NAMO UKUR,08116364999,smkstriabingai@gmail.com,C,115,12,SMK SWASTA SATRIA BINGAI NAMO UKUR,KAB. LANGKAT,KEC. SEI BINGAI,JL.PLN NO.5 KEL.NAMO UKUR SELATAN
10202729,SMK SWASTA NUSANTARA TANAH JAWA,06227356817,smknusantara_tanahjawa@yahoo.com,B,159,12,YAYASAN PENDIDIKAN NUSANTARA TANAH JAWA,KAB. SIMALUNGUN,KEC. TANAH JAWA,SISINGAMANGARAJA - BALIMBINGAN TANAH JAWA
69970544,SMK SWASTA AL-AZZAM SEI RAKYAT,085362769016,smksalazzamseirakyat1@gmail.com,B,177,14,YAYASAN PENDIDIKAN AL-'AZZAM SEI RAKYAT,KAB. LABUHANBATU,KEC. PANAI TENGAH,DUSUN V DESA SEI RAKYAT
10205197,SMKS BUDI UTOMO 1 CIKAMPAK,,ypbu.cikampak@rocketmail.com,B,72,13,YAYASAN PERGURUAN BUDI UTOMO,KAB. LABUHANBATU SELATAN,KEC. TORGAMBA,BUDI UTOMO
10261210,SMKS ALWASHLIYAH HAMPARAN PERAK,,smkswastaalwashliyah@yahoo.co.id,A,191,9,MAJELIS PENDIDIKAN AL JAMIYATUL WASHLIYAH,KAB. DELI SERDANG,KEC. HAMPARAN PERAK,M. SALEH ABDULLAH NO.1 HAMPARAN PERAK
10214061,SMKS SINAR HUSNI 1 BM L DELI DELISERDANG,0618463690,smkbm_sh@yahoo.co.id,A,494,33,YAYASAN PENDIDIKAN SINAR HUSNI,KAB. DELI SERDANG,KEC. LABUHAN DELI,JL. VETERAN GG. UTAMA PSR. V LABUHAN DELI
10210781,SMK SWASTA TELADAN SUMATERA UTARA 1,,smkteladansu1@gmail.com,A,55,10,YAYASAN PERGURUAN TELADAN SUMATERA UTARA,KOTA MEDAN,KEC. MEDAN HELVETIA,JL. PENDIDIKAN NO. 62
10211092,SMK SWASTA MUHAMMADIYAH 9 MEDAN,0618459492,smk.muhammadiyah9.bisa@gmail.com,A,477,30,PIMPINAN WILAYAH MUHAMMADIYAH (PWM) PROV. SUMATERA UTARA,KOTA MEDAN,KEC. MEDAN TUNTUNGAN,JL. FLAMBOYAN RAYA GG. KH. AHMAD DAHLAN NO. 22
69854820,SMK SWASTA PESANTREN AL-JUMHURIYAH,08126553172,smkspesanterenaljumhuriyah@gmail.com,B,55,9,YAYASAN PONDOK PESANTEREN AL - JUMHURIYAH PADANG LAWAS,KAB. PADANG LAWAS,KEC. SOSA,JALAN LINTAS SOSA RIAU DESA UJUNG BATU
10260047,SMK SWASTA SUMBER MULYO,082274671438,sbybisaa@gmail.com,B,69,12,YAYASAN MUHAMMAD SULTAN,KAB. LABUHANBATU UTARA,KEC. MARBAU,DUSUN I SUMBER MULYO
10260937,SMKS SEPAKAT SEI BALAI,062351129,smk_sepakat@yahoo.com,B,148,10,YAYASAN PERGURUAN PENDIDIKAN SEPAKAT SEI BALAI,KAB. BATU BARA,KEC. SEI BALAI,JL. BESAR NO. 26 SEI BALAI
10211278,SMK SWASTA TARUNA MEDAN PUTRI,0614551568,smkbmmedanputri002@gmail.com,B,9,9,YP. MEDAN PUTRI,KOTA MEDAN,KEC. MEDAN TIMUR,JL. TIMOR UJUNG NO. 5 MEDAN
10212134,SMKS MUHAMMADIYAH 13 SIBOLGA,082272548433,smkmuh13sibolga@gmail.com,A,87,19,PIMPINAN WILAYAH MUHAMMADIYAH (PWM) PROV. SUMATERA UTARA,KOTA SIBOLGA,KEC. SIBOLGA SELATAN,JL. DE. SUTAN BUNGARAN PGB NO. 20 A SIBOLGA
69900180,SMK SWASTA ARINA SIDIKALANG,062721947,smkarina05@gmail.com,B,421,38,YAYASAN ARINA RONATIO,KAB. DAIRI,KEC. SIDIKALANG,JL. EMPAT LIMA SIDIKALANG KABUPATEN DAIRI PROPINSI SUMATERA UTARA
10261412,SMKS TRITECH INFORMATIKA,0616635991,smktritech10@gmail.com,A,695,44,YAYASAN PENDIDIKAN TRIADI TEKNOLOGI,KOTA MEDAN,KEC. MEDAN TEMBUNG,BHAYANGKARA NO.484 MEDAN
69908212,SMK SWASTA YAYASAN PERGURUAN INDONESIA MEMBANGUN TARUNA,085227105428,bartengyapim@gmail.com,B,69,19,YAYASAN PERGURUAN INDONESIA MEMBANGUN TARUNA,KAB. PADANG LAWAS,KEC. BARUMUN TENGAH,JLN. BINANGA-GUNUNGTUA
10211207,SMKS GRAFIKA BINA MEDIA,06144023025,bimed@smkbinamedia.sch.id,A,152,21,YAYASAN BINA MEDIA,KOTA MEDAN,KEC. MEDAN SELAYANG,JL. SETIA BUDI NO. 479 G TANJUNG SARI MEDAN
69733935,SMK SWASTA MARANATHA SIDIKALANG,062723622,maranathasmk@yahoo.co.id,B,445,24,YAYASAN MARANATHA MITRA MANDIRI,KAB. DAIRI,KEC. SIDIKALANG,JL. SEPAKAT PANJI SIBURA SIBURA
10259757,SMK SWASTA PRAMA ARTHA BANDAR HULUAN,,smkspramaartha@gmail.com,A,575,28,YAYASAN PENDIDIKAN PRAMA ARTHA JAYA,KAB. SIMALUNGUN,KEC. BANDAR HULUAN,JL. PASAR II KECAMATAN BANDAR HULUAN SIMALUNGUN
69728767,SMKS INDONESIA MEMBANGUN TARUNA MARELAN,0616859247,yapimtarunamarelan2@gmail.com,A,584,26,YAYASAN PERGURUAN INDONESIA MEMBANGUN TARUNA,KOTA MEDAN,KEC. MEDAN MARELAN,JL. MARELAN I PASAR IV BARAT KEL. TERJUN
10212564,SMKS KAMPUS PADANGSIDIMPUAN,063422896,smkkampus_ngetop@yahoo.com,A,104,24,YAYASAN PERGURUAN KAMPUS PADANGSIDIMPUAN,KOTA PADANG SIDEMPUAN,KEC. PADANG SIDIMPUAN UTARA,JALAN SUTAN SORIPADA MULIA NO. 64 A
10220747,SMK SWASTA TAMAN SISWA SAWIT SEBERANG,081396942220,smk.tamsis.sws@gmail.com,A,607,30,PERSATUAN PERGURUAN TAMANSISWA CABANG SAWIT SEBERANG,KAB. LANGKAT,KEC. SAWIT SEBERANG,JL. TAMAN SISWA NO.37 PONDOK XIII KAMPUNG
69946824,SMK PUTRA KUALUH,085213907500,smkputrakualuh2@gmail.com,C,104,12,YAYASAN PENDIDIKAN PUTRA KUALUH,KAB. LABUHANBATU UTARA,KEC. KUALUH LEIDONG,JL. PROTOKOL NO. 1 DESA TELUK PULAI DALAM
69956580,SMK SWASTA AL-MAKSUM YAZID,082273292234,smkalmaksumyazidpaluhpakih123@gmail.com,C,65,9,YAYASAN HAJI MAKSUM ABIDIN  SHALEH,KAB. LANGKAT,KEC. BATANG SERANGAN,DUSUN PEKAN DESA PALUH PAKEH
10204082,SMKS BUDHI DARMA INDRAPURA,06227231522,budhidarma5@gmail.com,A,811,56,YAYASAN BUDHI DARMA,KAB. BATU BARA,KEC. AIR PUTIH,JL. DATUK UMAR PALANGKI
10206116,SMK SWASTA HKI SARULLA,081376612879,smkswastahkisarulla@gmail.com,B,94,10,YAYASAN PERGURUAN SMK HKI SARULLA,KAB. TAPANULI UTARA,KEC. PAHAE JAE,JL. PENDIDIKAN - SARULLA
10261677,SMKS AL WASHLIYAH 12 SEI RAMPAH,085362553289,smksalwasliyah12@gmail.com,B,209,17,,KAB. SERDANG BEDAGAI,KEC. SEI RAMPAH,NEGARA NO. 128 SEI RAMPAH
10211255,SMKS BUDI SUNGGAL,0618455217,toms_pandia@yahoo.com,B,41,9,BUDI SUNGGAL,KOTA MEDAN,KEC. MEDAN SUNGGAL,JL. SUNGGAL NO. 320 MEDAN
69733938,SMK SWASTA AL WASHLIYAH,06213950128,smk_aw13@yahoo.com,A,374,32,AL JAMIYATUL WASHLIYAH,KOTA TEBING TINGGI,KEC. TEBING TINGGI KOTA,JL. 13 DESEMBER NO. 3
10262387,SMK SWASTA AMAL MAS 1 LAHUSA,081361200503,smks_amalmas1@yahoo.com,B,130,12,YAYASAN AMAL-MAS SUMATERA UTARA,KAB. NIAS SELATAN,KEC. LAHUSA,DUSUN HILIZAOOTO
10214041,SMKS KARYA PEMBANGUNAN DELITUA,0617030284,smk.kpdelitua@gmail.com,B,33,11,YAYASAN PERGURUAN KARYA PEMBANGUNAN DELI TUA,KAB. DELI SERDANG,KEC. DELI TUA,PASAR VI NO. 9 DELITUA
10211200,SMKS PARULIAN 3,,smksparulian3@yahoo.com,B,225,16,YAYASAN PENDIDIKAN PARULIAN MEDAN,KOTA MEDAN,KEC. MEDAN AMPLAS,JL. SM. RAJA NO. 44 MEDAN
10214077,SMKS BANDUNG 2 TI PS TUAN DELI SERDANG,7380823,smkbandung2@yahoo.co.id,B,277,11,YAYASAN PERGURUAN BANDUNG,KAB. DELI SERDANG,KEC. PERCUT SEI TUAN,PENGABDIAN NO. 72 BANDAR SETIA
10258714,SMKS MUHAMMADIYAH 5 KISARAN,082272363699,smksm5kisaran@gmail.com,A,196,12,PIMPINAN WILAYAH MUHAMMADIYAH (PWM) PROV. SUMATERA UTARA,KAB. ASAHAN,KEC. KISARAN TIMUR,JL. MADONG LUBIS NO.8 KISARAN
10202755,SMK SWASTA ASSISI SIANTAR,06227554285,smkassisi95@gmail.com,A,84,11,YAYASAN PUTERI HATI KUDUS,KAB. SIMALUNGUN,KEC. SIANTAR,JL. ASAHAN KM 6 SIANTAR
10202728,SMK SWASTA NUSANTARA SYAHKUDA,,smksnusantara123@gmail.com,C,44,6,SMK SWASTA NUSANTARA SYAHKUDA,KAB. SIMALUNGUN,KEC. SIANTAR,"JL. ASAHAN KM. 22,5 SAHKUDA BAYU GUNUNG MALELA"
10211388,SMKS SATRIA NUSANTARA,0618828856,smkswastasatria@gmail.com,B,43,8,YAYASAN PENDIDIKAN SATRIA NUSANTARA,KOTA BINJAI,KEC. BINJAI TIMUR,"SOEKARNO HATTA KM 19,5 BINJAI"
10211814,SMKS 1 YP HKBP,062222545,smk1swastayphkbp@yahoo.co.id,B,83,10,YAYASAN PENDIDIKAN HURIA KRISTEN BATAK PROTESTAN PEMATANG SIANTAR,KOTA PEMATANGSIANTAR,KEC. SIANTAR SELATAN,TOBA I NO.29
10210782,SMK SWASTA TELKOM MEDAN,0618363134,smktel.medan@gmail.com,A,554,56,YAYASAN PENDIDIKAN TELKOM,KOTA MEDAN,KEC. MEDAN SELAYANG,"JL. LETJEN JAMIN GINTING KM. 11,1   NO. 9 C MEDAN"
70053646,SMK SWASTA IT IBNU YUNSI KOTA BINJAI,,smkitibnuyunsi@gmail.com,,17,3,IBNU YUNSI KOTA BINJAI,KOTA BINJAI,KEC. BINJAI BARAT,JALAN HAJI ABDUL HALIM HASAN
69900263,SMK SWASTA MANAJEMEN PENERBANGAN MEDAN,0617332917,manajemenpenerbanganmedan@gmail.com,A,61,6,CITRA DHARMA RIAU,KOTA MEDAN,KEC. MEDAN DENAI,"JL. DATUK KABU, NO. 03, LINK. VII, MEDAN DENAI, MEDAN"
10200414,SMKS PANCA JAYA 1 BM GALANG,,yp_pancajaya@yahoo.co.id,B,18,10,YAYASAN PERGURUAN PANCA JAYA,KAB. DELI SERDANG,KEC. GALANG,SEI KARANG KP. AGAM GALANG
69830083,SMK SWASTA TRIGUNA DHARMA,085206851327,smktrigunadharma.besitang@gmail.com,B,173,15,YAYASAN PERGURUAN TRIGUNA DHARMA,KAB. LANGKAT,KEC. BESITANG,JL. MEDAN - BANDA ACEH KM.114 HALABAN JATI
70008405,SMK SWASTA ISLAM TERPADU ANUGRAH TANJUNG MEDAN,081376535025,tanjungmedananugrah@gmail.com,B,119,11,ANUGRAH TANJUNG MEDAN,KAB. LABUHANBATU SELATAN,KEC. KAMPUNG RAKYAT,JL. MERANTI
10211792,SMK SWASTA PARIWISATA USI,062227962,smkpariwisatayusi92@yahoo.com,A,72,16,YAYASAN UNIVERSITAS SIMALUNGUN,KOTA PEMATANGSIANTAR,KEC. SIANTAR SITALASARI,"SISINGAMANGARAJA BARAT, KEL. BAH KAPUL, KEC. SIANTAR SITALASARI- PEMATANGSIANTAR"
10259755,SMK SWASTA DR CIPTO MANGUN KUSUMO,062296825,dr.ciptomangunkusumo@yahoo.co.id,A,347,23,YAYASAN PERGURUAN DR. CIPTO MANGUN KUSUMO BANDAR JAWA,KAB. SIMALUNGUN,KEC. BANDAR,BANDAR JAWA
10219929,SMK SWASTA DWITUNGGAL 2,0617945530,smk_dwitunggal2@ymail.com,A,480,25,PERGURUAN DWITUNGGAL,KAB. DELI SERDANG,KEC. TANJUNG MORAWA,"JL. MEDAN TANJUNG MORAWA KM 14,5 LANTAI 2 GEDUNG B"
10260950,SMK SWASTA YAPIM TARUNA MEREK,,yapimmerek@yahoo.com,A,175,17,YAYASAN PERGURUAN INDONESIA MEMBANGUN TARUNA,KAB. KARO,KEC. MEREK,JL.LINTAS MEREK SARIBUDOLOK
10261699,SMK SWASTA BINA GUNA TANAH JAWA,06227562260,smkswastabinaguna@gmail.com,A,380,21,YAYASAN PERGURUAN BINAGUNA,KAB. SIMALUNGUN,KEC. TANAH JAWA,KOMPLEKS SEKOLAH SWASTA
69728766,SMK SWASTA WIRAHUSADA,0618366206,smkkeswirahusada@gmail.com,B,246,24,PERGURUAN WIRAHUSADA MEDAN,KOTA MEDAN,KEC. MEDAN TUNTUNGAN,JL. BUNGA NCOLE NO.100 MEDAN TUNTUNGAN
10212562,SMKS HARAPAN PADANG SIDIMPUAN,082368797588,smksharapanpsp@gmail.com,B,214,44,PENDIDIKAN ARROHIM,KOTA PADANG SIDEMPUAN,KEC. ANGKOLA JULU,JALAN ANGKOLA JULU NO 143 DUSUN III POKEN JIOR
69728768,SMK SWASTA HARAPAN MANDIRI MEDAN,0617882388,smkhm2020@gmail.com,A,59,11,SMKS HARAPAN MANDIRI,KOTA MEDAN,KEC. MEDAN JOHOR,JL. BRIGJEND ZEIN HAMID NO. 40
69945290,SMK SWASTA NURUL HUDA,082276919275,smknurulhudapatul@gmail.com,C,27,10,YAYASAN PENDIDIKAN NURUL HUDA PADANG TUALANG,KAB. LANGKAT,KEC. PADANG TUALANG,DUSUN I
70036213,SMK SWASTA MUHAMMADIYAH 20 PANAI HULU,081315393176,smkmuhammadiyahpanaihulu41@gmail.com,B,47,7,PIMPINAN WILAYAH MUHAMMADIYAH (PWM) PROV. SUMATERA UTARA,KAB. LABUHANBATU,KEC. PANAI HULU,JL. PEMBANGUNAN DUSUN V
69840940,SMK SWASTA KESEHATAN GANDA HUSADA,081375613295,smkkesehatangandahusada@gmail.com,A,286,36,YAYASAN PENDIDIKAN GANDA HUSADA,KOTA TEBING TINGGI,KEC. PADANG HILIR,JL. PROF. HM. YAMIN SH NO. 4
69968460,SMKS NUSANTARA,081375751558,smknusantarakesehatan@gmail.com,C,2,7,YAYASAN PERGURUAN RADIUS PURNAWIRA (PRAWIRA),KAB. NIAS UTARA,KEC. ALASA TALUMUZOI,JL. SMK NUSANTARA
10259971,SMK SWASTA ISLAM PROYEK UISU SIANTAR,06227551624,smkuisu_siantar@yahoo.co.id,B,365,25,UISU,KAB. SIMALUNGUN,KEC. SIANTAR,JALAN ASAHAN KM 4.5
10258790,SMKS DHARMA ANALITIKA MEDAN,0616626679,analitikamedan@yahoo.co.id,A,75,19,YAYASAN MANDIRI BUNAYA ANALITIKA,KOTA MEDAN,KEC. MEDAN TEMBUNG,JLN. PANCING II NO. 40 MEDAN
10262313,SMKS MELATI TIK HAMPARAN PERAK,,smkmelati46@gmail.com,B,159,11,YAYASAN PENDIDIKAN MELATI,KAB. DELI SERDANG,KEC. HAMPARAN PERAK,JALAN PASAR V TANDAM HILIR II KEC. HAMPARAN PERAK KAB. DELI SERDANG
10211598,SMK SWASTA BISNIS DAN MANAJEMEN TAMANSISWA,062121446,smktamansiswa_01@yahoo.com,B,47,10,PERSATUAN PERGURUAN TAMANSISWA CABANG TEBING TINGGI,KOTA TEBING TINGGI,KEC. TEBING TINGGI KOTA,JL. DEBLOD SUNDORO NO. 9
69861116,SMK SWASTA NAPSIAH,0618910921,napsiahsmk@gmail.com,B,50,10,BADAN PENGELOLA SEKOLAH SMK SWASTA KES NAPSI'AH LANGKAT,KAB. LANGKAT,KEC. STABAT,JL. R. SUPRAPTO NO. 10
10214058,SMK SWASTA RAKYAT SEI GLUGUR,,smkrakyatseiglugur@yahoo.co.id,B,238,20,YAYASAN PERGURAUN RAKYAT SEI GLUGUR,KAB. DELI SERDANG,KEC. PANCUR BATU,JL. TANJUNG ANOM - LAU BAKERI
10257853,SMKS TI PABAKU STABAT,0618911233,ypabakustabat@yahoo.com,B,159,22,YAYASAN PERGURUAN PANCA ABDI BANGSAKU,KAB. LANGKAT,KEC. STABAT,PRINGGONDANI NO.813
69936244,SMK SWASTA BP-DARUL ILMI,085371157115,ysmt.pmdi@yahoo.com,C,28,17,SYEKH MUHAMMAD THAIB PESANTREN MODERN DARUL ILMI,KAB. PADANG LAWAS,KEC. ULU SOSA,JL. LINTAS SIBUHUAN - HAPUNG
10208076,SMKS MITRA MANDIRI,081311962390,smkmitramandiri1@gmail.com,B,91,22,YAYASAN PENDIDIKAN MUSLIM PANYABUNGAN,KAB. MANDAILING NATAL,KEC. PANYABUNGAN,JL. REFORMASI NO. 33
60725395,SMKS HKBP PANGALOAN,08126429045,ferdinan.ritonga@yahoo.com,B,74,7,SMKS HKBP PANGALOAN,KAB. TAPANULI UTARA,KEC. PAHAE JAE,JL SIPIROK KM 31 PANGALOAN
10220299,SMK SWASTA 1 HKBP SIPOHOLON,063320359,smk1sipoholon@yahoo.co.id,B,38,12,YAYASAN PENDIDIKAN HKBP TAPANULI UTARA,KAB. TAPANULI UTARA,KEC. SIPOHOLON,SEMINARIUM SIPOHOLON
70012240,SMK SWASTA AL-FURQON BATU BARA,,smkswastaal.furqon@gmail.com,B,55,7,YAYASAN PENDIDIKAN AL-FURQON BATU BARA,KAB. BATU BARA,KEC. DATUK TANAH DATAR,JL. JALINSUM KM. 131 DUSUN II
70064124,SD IT AR RANIA,,,,,,PERLU_CEK_MANUAL,KOTA MEDAN,KEC. MEDAN MARELAN,JALAN ILENG LINK 30. GG. H. WAHID
10210572,SDS ALWASHLIYAH 3,,,,,,PERLU_CEK_MANUAL,KOTA MEDAN,KEC. MEDAN AMPLAS,JALAN SM RAJA NO.20 MEDAN
70063866,SD UNGGUL MUHAMMADIYAH SUKASARI,,,,,,PERLU_CEK_MANUAL,KAB. SERDANG BEDAGAI,KEC. PEGAJAHAN,JL. BESAR DESA SUKASARI DUSUN I A
70064260,SD IT INSAN CENDEKIA INDONESIA,,,,,,PERLU_CEK_MANUAL,KOTA MEDAN,KEC. MEDAN DENAI,JL JERMAL I NO 10
70064307,SD NUR RUHAMA,,,,,,PERLU_CEK_MANUAL,KOTA MEDAN,KEC. MEDAN LABUHAN,JL PANCING 1 GG MANGGIS
10202535,SMP SWASTA PEMBINA RABUKIT,,,,,,PERLU_CEK_MANUAL,KAB. SIMALUNGUN,KEC. GUNUNG MALIGAS,JLN PROTOKOL
